[2026-01-05 23:31:42] [[32mINFO[0m] [logger.py:120] ┌─ Starting: Loading configuration
[2026-01-05 23:31:42] [[32mINFO[0m] [logger.py:120] Configuration loaded from: C:\Users\iibai\projects\CRAI\ai\src\config/config.yaml
[2026-01-05 23:31:42] [[32mINFO[0m] [logger.py:120] Loading from: C:\Users\iibai\projects\CRAI\ai\src\config/config.yaml
[2026-01-05 23:31:42] [[32mINFO[0m] [logger.py:120] └─ Completed: Loading configuration (0.007s)
[2026-01-05 23:31:42] [[32mINFO[0m] [logger.py:120] ┌─ Starting: System initialization
[2026-01-05 23:31:42] [[32mINFO[0m] [logger.py:120] 1. Starting camera...
[2026-01-05 23:31:42] [[32mINFO[0m] [logger.py:120] Inicializando webcam en source=1
[2026-01-05 23:32:02] [[32mINFO[0m] [logger.py:120] ✓ Camera started successfully
[2026-01-05 23:32:02] [[32mINFO[0m] [logger.py:120] 2. Loading vehicle detector...
[2026-01-05 23:32:02] [[32mINFO[0m] [logger.py:120] Loading YOLO model: C:\Users\iibai\projects\CRAI\ai\src\models/yolov8n.pt
[2026-01-05 23:32:02] [[32mINFO[0m] [logger.py:120] Model loaded successfully with threshold=0.5
[2026-01-05 23:32:02] [[32mINFO[0m] [logger.py:120] 3. Loading license plate detector...
[2026-01-05 23:32:02] [[32mINFO[0m] [logger.py:120] Loading license plate model: C:\Users\iibai\projects\CRAI\ai\src\models/license_plate_detector.pt
[2026-01-05 23:32:02] [[32mINFO[0m] [logger.py:120] License plate model loaded successfully with threshold=0.3
[2026-01-05 23:32:02] [[32mINFO[0m] [logger.py:120] 4. Initializing OCR...
[2026-01-05 23:32:02] [[32mINFO[0m] [logger.py:120] Initializing EasyOCR with languages: ['en'], GPU: False
[2026-01-05 23:32:04] [[32mINFO[0m] [logger.py:120] EasyOCR loaded successfully
[2026-01-05 23:32:04] [[32mINFO[0m] [logger.py:120] └─ Completed: System initialization (21.704s)
[2026-01-05 23:32:04] [[32mINFO[0m] [logger.py:120] ┌─ Starting: Parameter configuration
[2026-01-05 23:32:04] [[32mINFO[0m] [logger.py:120] Window: CRAI - Car Registration AI
[2026-01-05 23:32:04] [[32mINFO[0m] [logger.py:120] Debug mode: False
[2026-01-05 23:32:04] [[32mINFO[0m] [logger.py:120] OCR available: True
[2026-01-05 23:32:04] [[32mINFO[0m] [logger.py:120] └─ Completed: Parameter configuration (0.001s)
[2026-01-05 23:32:04] [[32mINFO[0m] [logger.py:120] Starting main loop...
[2026-01-05 23:32:04] [[31mERROR[0m] [logger.py:128] 
Unexpected error: name 'current_fps' is not defined
Traceback (most recent call last):
  File "C:\Users\iibai\projects\CRAI\ai\src\main.py", line 302, in main
    f"FPS: {current_fps}" if show_fps else None,
            ^^^^^^^^^^^
NameError: name 'current_fps' is not defined
[2026-01-05 23:32:04] [[32mINFO[0m] [logger.py:120] ┌─ Starting: Detection summary
[2026-01-05 23:32:04] [[33mWARNING[0m] [logger.py:124] No plates with valid text detected
[2026-01-05 23:32:04] [[32mINFO[0m] [logger.py:120] └─ Completed: Detection summary (0.000s)
[2026-01-05 23:32:04] [[32mINFO[0m] [logger.py:120] ┌─ Starting: System cleanup
[2026-01-05 23:32:04] [[32mINFO[0m] [logger.py:120] Stopping video stream...
[2026-01-05 23:32:04] [[32mINFO[0m] [logger.py:120] Closing windows...
[2026-01-05 23:32:04] [[32mINFO[0m] [logger.py:120] System closed successfully
[2026-01-05 23:32:04] [[32mINFO[0m] [logger.py:120] └─ Completed: System cleanup (0.003s)
[2026-01-05 23:32:39] [[32mINFO[0m] [logger.py:120] ┌─ Starting: Loading configuration
[2026-01-05 23:32:39] [[32mINFO[0m] [logger.py:120] Configuration loaded from: C:\Users\iibai\projects\CRAI\ai\src\config/config.yaml
[2026-01-05 23:32:39] [[32mINFO[0m] [logger.py:120] Loading from: C:\Users\iibai\projects\CRAI\ai\src\config/config.yaml
[2026-01-05 23:32:39] [[32mINFO[0m] [logger.py:120] └─ Completed: Loading configuration (0.007s)
[2026-01-05 23:32:39] [[32mINFO[0m] [logger.py:120] ┌─ Starting: System initialization
[2026-01-05 23:32:39] [[32mINFO[0m] [logger.py:120] 1. Starting camera...
[2026-01-05 23:32:39] [[32mINFO[0m] [logger.py:120] Inicializando webcam en source=1
[2026-01-05 23:32:57] [[32mINFO[0m] [logger.py:120] ✓ Camera started successfully
[2026-01-05 23:32:57] [[32mINFO[0m] [logger.py:120] 2. Loading vehicle detector...
[2026-01-05 23:32:57] [[32mINFO[0m] [logger.py:120] Loading YOLO model: C:\Users\iibai\projects\CRAI\ai\src\models/yolov8n.pt
[2026-01-05 23:32:57] [[32mINFO[0m] [logger.py:120] Model loaded successfully with threshold=0.5
[2026-01-05 23:32:57] [[32mINFO[0m] [logger.py:120] 3. Loading license plate detector...
[2026-01-05 23:32:57] [[32mINFO[0m] [logger.py:120] Loading license plate model: C:\Users\iibai\projects\CRAI\ai\src\models/license_plate_detector.pt
[2026-01-05 23:32:57] [[32mINFO[0m] [logger.py:120] License plate model loaded successfully with threshold=0.3
[2026-01-05 23:32:57] [[32mINFO[0m] [logger.py:120] 4. Initializing OCR...
[2026-01-05 23:32:57] [[32mINFO[0m] [logger.py:120] Initializing EasyOCR with languages: ['en'], GPU: False
[2026-01-05 23:32:58] [[32mINFO[0m] [logger.py:120] EasyOCR loaded successfully
[2026-01-05 23:32:58] [[32mINFO[0m] [logger.py:120] └─ Completed: System initialization (19.028s)
[2026-01-05 23:32:58] [[32mINFO[0m] [logger.py:120] ┌─ Starting: Parameter configuration
[2026-01-05 23:32:58] [[32mINFO[0m] [logger.py:120] Window: CRAI - Car Registration AI
[2026-01-05 23:32:58] [[32mINFO[0m] [logger.py:120] Debug mode: False
[2026-01-05 23:32:58] [[32mINFO[0m] [logger.py:120] OCR available: True
[2026-01-05 23:32:58] [[32mINFO[0m] [logger.py:120] └─ Completed: Parameter configuration (0.001s)
[2026-01-05 23:32:58] [[32mINFO[0m] [logger.py:120] Starting main loop...
[2026-01-05 23:33:20] [[32mINFO[0m] [logger.py:120] ┌─ Starting: Detection summary
[2026-01-05 23:33:20] [[33mWARNING[0m] [logger.py:124] No plates with valid text detected
[2026-01-05 23:33:20] [[32mINFO[0m] [logger.py:120] └─ Completed: Detection summary (0.001s)
[2026-01-05 23:33:20] [[32mINFO[0m] [logger.py:120] ┌─ Starting: System cleanup
[2026-01-05 23:33:20] [[32mINFO[0m] [logger.py:120] Stopping video stream...
[2026-01-05 23:33:20] [[32mINFO[0m] [logger.py:120] Closing windows...
[2026-01-05 23:33:20] [[32mINFO[0m] [logger.py:120] System closed successfully
[2026-01-05 23:33:20] [[32mINFO[0m] [logger.py:120] └─ Completed: System cleanup (0.010s)
[2026-01-05 23:44:51] [[32mINFO[0m] [logger.py:120] ┌─ Starting: Loading configuration
[2026-01-05 23:44:51] [[32mINFO[0m] [logger.py:120] Configuration loaded from: C:\Users\iibai\projects\CRAI\ai\src\config/config.yaml
[2026-01-05 23:44:51] [[32mINFO[0m] [logger.py:120] Loading from: C:\Users\iibai\projects\CRAI\ai\src\config/config.yaml
[2026-01-05 23:44:51] [[32mINFO[0m] [logger.py:120] └─ Completed: Loading configuration (0.007s)
[2026-01-05 23:44:51] [[32mINFO[0m] [logger.py:120] ┌─ Starting: System initialization
[2026-01-05 23:44:51] [[32mINFO[0m] [logger.py:120] 1. Starting camera...
[2026-01-05 23:44:51] [[32mINFO[0m] [logger.py:120] Inicializando webcam en source=1
[2026-01-05 23:45:07] [[32mINFO[0m] [logger.py:120] ✓ Camera started successfully
[2026-01-05 23:45:07] [[32mINFO[0m] [logger.py:120] 2. Loading vehicle detector...
[2026-01-05 23:45:07] [[32mINFO[0m] [logger.py:120] Loading YOLO model: C:\Users\iibai\projects\CRAI\ai\src\models/yolov8n.pt
[2026-01-05 23:45:07] [[32mINFO[0m] [logger.py:120] Model loaded successfully with threshold=0.5
[2026-01-05 23:45:07] [[32mINFO[0m] [logger.py:120] 3. Loading license plate detector...
[2026-01-05 23:45:07] [[32mINFO[0m] [logger.py:120] Loading license plate model: C:\Users\iibai\projects\CRAI\ai\src\models/license_plate_detector.pt
[2026-01-05 23:45:07] [[32mINFO[0m] [logger.py:120] License plate model loaded successfully with threshold=0.3
[2026-01-05 23:45:07] [[32mINFO[0m] [logger.py:120] 4. Initializing OCR...
[2026-01-05 23:45:08] [[32mINFO[0m] [logger.py:120] Initializing EasyOCR with languages: ['en'], GPU: False
[2026-01-05 23:45:09] [[32mINFO[0m] [logger.py:120] EasyOCR loaded successfully
[2026-01-05 23:45:09] [[32mINFO[0m] [logger.py:120] └─ Completed: System initialization (18.489s)
[2026-01-05 23:45:09] [[32mINFO[0m] [logger.py:120] ┌─ Starting: Parameter configuration
[2026-01-05 23:45:09] [[32mINFO[0m] [logger.py:120] Window: CRAI - Car Registration AI
[2026-01-05 23:45:09] [[32mINFO[0m] [logger.py:120] Debug mode: False
[2026-01-05 23:45:09] [[32mINFO[0m] [logger.py:120] OCR available: True
[2026-01-05 23:45:09] [[32mINFO[0m] [logger.py:120] └─ Completed: Parameter configuration (0.001s)
[2026-01-05 23:45:09] [[32mINFO[0m] [logger.py:120] Starting main loop...
[2026-01-05 23:45:40] [[32mINFO[0m] [logger.py:120] ┌─ Starting: Detection summary
[2026-01-05 23:45:40] [[33mWARNING[0m] [logger.py:124] No plates with valid text detected
[2026-01-05 23:45:40] [[32mINFO[0m] [logger.py:120] └─ Completed: Detection summary (0.001s)
[2026-01-05 23:45:40] [[32mINFO[0m] [logger.py:120] ┌─ Starting: System cleanup
[2026-01-05 23:45:40] [[32mINFO[0m] [logger.py:120] Stopping video stream...
[2026-01-05 23:45:40] [[32mINFO[0m] [logger.py:120] Closing windows...
[2026-01-05 23:45:40] [[32mINFO[0m] [logger.py:120] System closed successfully
[2026-01-05 23:45:40] [[32mINFO[0m] [logger.py:120] └─ Completed: System cleanup (0.011s)
[2026-01-05 23:47:23] [[32mINFO[0m] [logger.py:120] ┌─ Starting: Loading configuration
[2026-01-05 23:47:23] [[32mINFO[0m] [logger.py:120] Configuration loaded from: C:\Users\iibai\projects\CRAI\ai\src\config/config.yaml
[2026-01-05 23:47:23] [[32mINFO[0m] [logger.py:120] Loading from: C:\Users\iibai\projects\CRAI\ai\src\config/config.yaml
[2026-01-05 23:47:23] [[32mINFO[0m] [logger.py:120] └─ Completed: Loading configuration (0.006s)
[2026-01-05 23:47:23] [[32mINFO[0m] [logger.py:120] ┌─ Starting: System initialization
[2026-01-05 23:47:23] [[32mINFO[0m] [logger.py:120] 1. Starting camera...
[2026-01-05 23:47:23] [[32mINFO[0m] [logger.py:120] Inicializando webcam en source=1
[2026-01-05 23:47:39] [[32mINFO[0m] [logger.py:120] ✓ Camera started successfully
[2026-01-05 23:47:39] [[32mINFO[0m] [logger.py:120] 2. Loading vehicle detector...
[2026-01-05 23:47:39] [[32mINFO[0m] [logger.py:120] Loading YOLO model: C:\Users\iibai\projects\CRAI\ai\src\models/yolov8n.pt
[2026-01-05 23:47:39] [[32mINFO[0m] [logger.py:120] Model loaded successfully with threshold=0.5
[2026-01-05 23:47:39] [[32mINFO[0m] [logger.py:120] 3. Loading license plate detector...
[2026-01-05 23:47:39] [[32mINFO[0m] [logger.py:120] Loading license plate model: C:\Users\iibai\projects\CRAI\ai\src\models/license_plate_detector.pt
[2026-01-05 23:47:39] [[32mINFO[0m] [logger.py:120] License plate model loaded successfully with threshold=0.3
[2026-01-05 23:47:39] [[32mINFO[0m] [logger.py:120] 4. Initializing OCR...
[2026-01-05 23:47:40] [[32mINFO[0m] [logger.py:120] Initializing EasyOCR with languages: ['en'], GPU: False
[2026-01-05 23:47:41] [[32mINFO[0m] [logger.py:120] EasyOCR loaded successfully
[2026-01-05 23:47:41] [[32mINFO[0m] [logger.py:120] └─ Completed: System initialization (18.389s)
[2026-01-05 23:47:41] [[32mINFO[0m] [logger.py:120] ┌─ Starting: Parameter configuration
[2026-01-05 23:47:41] [[32mINFO[0m] [logger.py:120] Window: CRAI - Car Registration AI
[2026-01-05 23:47:41] [[32mINFO[0m] [logger.py:120] Debug mode: False
[2026-01-05 23:47:41] [[32mINFO[0m] [logger.py:120] OCR available: True
[2026-01-05 23:47:41] [[32mINFO[0m] [logger.py:120] └─ Completed: Parameter configuration (0.001s)
[2026-01-05 23:47:41] [[32mINFO[0m] [logger.py:120] Starting main loop...
[2026-01-05 23:47:55] [[32mINFO[0m] [logger.py:120] ┌─ Starting: Detection summary
[2026-01-05 23:47:55] [[33mWARNING[0m] [logger.py:124] No plates with valid text detected
[2026-01-05 23:47:55] [[32mINFO[0m] [logger.py:120] └─ Completed: Detection summary (0.001s)
[2026-01-05 23:47:55] [[32mINFO[0m] [logger.py:120] ┌─ Starting: System cleanup
[2026-01-05 23:47:55] [[32mINFO[0m] [logger.py:120] Stopping video stream...
[2026-01-05 23:47:55] [[32mINFO[0m] [logger.py:120] Closing windows...
[2026-01-05 23:47:55] [[32mINFO[0m] [logger.py:120] System closed successfully
[2026-01-05 23:47:55] [[32mINFO[0m] [logger.py:120] └─ Completed: System cleanup (0.017s)
[2026-01-06 01:30:26] [[32mINFO[0m] [logger.py:120] ┌─ Starting: Loading configuration
[2026-01-06 01:30:26] [[32mINFO[0m] [logger.py:120] Configuration loaded from: C:\Users\iibai\projects\CRAI\ai\src\config/config.yaml
[2026-01-06 01:30:26] [[32mINFO[0m] [logger.py:120] Loading from: C:\Users\iibai\projects\CRAI\ai\src\config/config.yaml
[2026-01-06 01:30:26] [[32mINFO[0m] [logger.py:120] └─ Completed: Loading configuration (0.010s)
[2026-01-06 01:30:26] [[32mINFO[0m] [logger.py:120] ┌─ Starting: System initialization
[2026-01-06 01:30:26] [[32mINFO[0m] [logger.py:120] 1. Starting camera...
[2026-01-06 01:30:26] [[32mINFO[0m] [logger.py:120] Inicializando webcam en source=1
[2026-01-06 01:30:45] [[32mINFO[0m] [logger.py:120] ✓ Camera started successfully
[2026-01-06 01:30:45] [[32mINFO[0m] [logger.py:120] 2. Loading vehicle detector...
[2026-01-06 01:30:45] [[32mINFO[0m] [logger.py:120] Loading YOLO model: C:\Users\iibai\projects\CRAI\ai\src\models/yolov8n.pt
[2026-01-06 01:30:45] [[32mINFO[0m] [logger.py:120] Model loaded successfully with threshold=0.5
[2026-01-06 01:30:45] [[32mINFO[0m] [logger.py:120] 3. Loading license plate detector...
[2026-01-06 01:30:45] [[32mINFO[0m] [logger.py:120] Loading license plate model: C:\Users\iibai\projects\CRAI\ai\src\models/license_plate_detector.pt
[2026-01-06 01:30:45] [[32mINFO[0m] [logger.py:120] License plate model loaded successfully with threshold=0.3
[2026-01-06 01:30:45] [[32mINFO[0m] [logger.py:120] 4. Initializing OCR...
[2026-01-06 01:30:46] [[32mINFO[0m] [logger.py:120] Initializing EasyOCR with languages: ['en'], GPU: False
[2026-01-06 01:30:48] [[32mINFO[0m] [logger.py:120] EasyOCR loaded successfully
[2026-01-06 01:30:48] [[32mINFO[0m] [logger.py:120] └─ Completed: System initialization (21.434s)
[2026-01-06 01:30:48] [[32mINFO[0m] [logger.py:120] ┌─ Starting: Parameter configuration
[2026-01-06 01:30:48] [[32mINFO[0m] [logger.py:120] Window: CRAI - Car Registration AI
[2026-01-06 01:30:48] [[32mINFO[0m] [logger.py:120] Debug mode: False
[2026-01-06 01:30:48] [[32mINFO[0m] [logger.py:120] OCR available: True
[2026-01-06 01:30:48] [[32mINFO[0m] [logger.py:120] └─ Completed: Parameter configuration (0.001s)
[2026-01-06 01:30:48] [[32mINFO[0m] [logger.py:120] Starting main loop...
[2026-01-06 01:31:16] [[32mINFO[0m] [logger.py:120] ┌─ Starting: Detection summary
[2026-01-06 01:31:16] [[33mWARNING[0m] [logger.py:124] No plates with valid text detected
[2026-01-06 01:31:16] [[32mINFO[0m] [logger.py:120] └─ Completed: Detection summary (0.001s)
[2026-01-06 01:31:16] [[32mINFO[0m] [logger.py:120] ┌─ Starting: System cleanup
[2026-01-06 01:31:16] [[32mINFO[0m] [logger.py:120] Stopping video stream...
[2026-01-06 01:31:16] [[32mINFO[0m] [logger.py:120] Closing windows...
[2026-01-06 01:31:16] [[32mINFO[0m] [logger.py:120] System closed successfully
[2026-01-06 01:31:16] [[32mINFO[0m] [logger.py:120] └─ Completed: System cleanup (0.015s)
[2026-01-06 20:03:01] [[32mINFO[0m] [logger.py:120] ┌─ Starting: Loading configuration
[2026-01-06 20:03:01] [[32mINFO[0m] [logger.py:120] Configuration loaded from: C:\Users\iibai\projects\CRAI\ai\src\config/config.yaml
[2026-01-06 20:03:01] [[32mINFO[0m] [logger.py:120] Loading from: C:\Users\iibai\projects\CRAI\ai\src\config/config.yaml
[2026-01-06 20:03:01] [[32mINFO[0m] [logger.py:120] └─ Completed: Loading configuration (0.022s)
[2026-01-06 20:03:01] [[32mINFO[0m] [logger.py:120] ┌─ Starting: System initialization
[2026-01-06 20:03:01] [[32mINFO[0m] [logger.py:120] 1. Starting camera...
[2026-01-06 20:03:01] [[32mINFO[0m] [logger.py:120] Inicializando webcam en source=1
[2026-01-06 20:03:01] [[32mINFO[0m] [logger.py:120] ✓ Camera started successfully
[2026-01-06 20:03:01] [[32mINFO[0m] [logger.py:120] 2. Loading vehicle detector...
[2026-01-06 20:03:01] [[32mINFO[0m] [logger.py:120] Loading YOLO model: C:\Users\iibai\projects\CRAI\ai\src\models/yolov8n.pt
[2026-01-06 20:03:01] [[32mINFO[0m] [logger.py:120] Model loaded successfully with threshold=0.5
[2026-01-06 20:03:01] [[32mINFO[0m] [logger.py:120] 3. Loading license plate detector...
[2026-01-06 20:03:01] [[32mINFO[0m] [logger.py:120] Loading license plate model: C:\Users\iibai\projects\CRAI\ai\src\models/license_plate_detector.pt
[2026-01-06 20:03:01] [[32mINFO[0m] [logger.py:120] License plate model loaded successfully with threshold=0.3
[2026-01-06 20:03:01] [[32mINFO[0m] [logger.py:120] 4. Initializing OCR...
[2026-01-06 20:03:03] [[32mINFO[0m] [logger.py:120] Initializing EasyOCR with languages: ['en'], GPU: False
[2026-01-06 20:03:05] [[32mINFO[0m] [logger.py:120] EasyOCR loaded successfully
[2026-01-06 20:03:05] [[32mINFO[0m] [logger.py:120] └─ Completed: System initialization (4.161s)
[2026-01-06 20:03:05] [[32mINFO[0m] [logger.py:120] ┌─ Starting: Parameter configuration
[2026-01-06 20:03:05] [[32mINFO[0m] [logger.py:120] Window: CRAI - Car Registration AI
[2026-01-06 20:03:05] [[32mINFO[0m] [logger.py:120] Debug mode: False
[2026-01-06 20:03:05] [[32mINFO[0m] [logger.py:120] OCR available: True
[2026-01-06 20:03:05] [[32mINFO[0m] [logger.py:120] └─ Completed: Parameter configuration (0.001s)
[2026-01-06 20:03:05] [[32mINFO[0m] [logger.py:120] Starting main loop...
[2026-01-06 20:03:07] [[32mINFO[0m] [logger.py:120] 
[Ctrl+C] Keyboard interrupt received
[2026-01-06 20:03:07] [[32mINFO[0m] [logger.py:120] ┌─ Starting: Detection summary
[2026-01-06 20:03:07] [[33mWARNING[0m] [logger.py:124] No plates with valid text detected
[2026-01-06 20:03:07] [[32mINFO[0m] [logger.py:120] └─ Completed: Detection summary (0.001s)
[2026-01-06 20:03:07] [[32mINFO[0m] [logger.py:120] ┌─ Starting: System cleanup
[2026-01-06 20:03:07] [[32mINFO[0m] [logger.py:120] Stopping video stream...
[2026-01-06 20:03:07] [[32mINFO[0m] [logger.py:120] Closing windows...
[2026-01-06 20:03:07] [[32mINFO[0m] [logger.py:120] System closed successfully
[2026-01-06 20:03:07] [[32mINFO[0m] [logger.py:120] └─ Completed: System cleanup (0.004s)
[2026-01-06 20:07:20] [[32mINFO[0m] [logger.py:120] ┌─ Starting: Loading configuration
[2026-01-06 20:07:20] [[32mINFO[0m] [logger.py:120] Configuration loaded from: C:\Users\iibai\projects\CRAI\ai\src\config/config.yaml
[2026-01-06 20:07:20] [[32mINFO[0m] [logger.py:120] Loading from: C:\Users\iibai\projects\CRAI\ai\src\config/config.yaml
[2026-01-06 20:07:20] [[32mINFO[0m] [logger.py:120] └─ Completed: Loading configuration (0.007s)
[2026-01-06 20:07:20] [[32mINFO[0m] [logger.py:120] ┌─ Starting: System initialization
[2026-01-06 20:07:20] [[32mINFO[0m] [logger.py:120] 1. Starting camera...
[2026-01-06 20:07:20] [[32mINFO[0m] [logger.py:120] Inicializando webcam en source=1
[2026-01-06 20:07:38] [[32mINFO[0m] [logger.py:120] ✓ Camera started successfully
[2026-01-06 20:07:38] [[32mINFO[0m] [logger.py:120] 2. Loading vehicle detector...
[2026-01-06 20:07:38] [[32mINFO[0m] [logger.py:120] Loading YOLO model: C:\Users\iibai\projects\CRAI\ai\src\models/yolov8n.pt
[2026-01-06 20:07:39] [[32mINFO[0m] [logger.py:120] Model loaded successfully with threshold=0.5
[2026-01-06 20:07:39] [[32mINFO[0m] [logger.py:120] 3. Loading license plate detector...
[2026-01-06 20:07:39] [[32mINFO[0m] [logger.py:120] Loading license plate model: C:\Users\iibai\projects\CRAI\ai\src\models/license_plate_detector.pt
[2026-01-06 20:07:39] [[32mINFO[0m] [logger.py:120] License plate model loaded successfully with threshold=0.3
[2026-01-06 20:07:39] [[32mINFO[0m] [logger.py:120] 4. Initializing OCR...
[2026-01-06 20:07:39] [[32mINFO[0m] [logger.py:120] Initializing EasyOCR with languages: ['en'], GPU: False
[2026-01-06 20:07:41] [[32mINFO[0m] [logger.py:120] EasyOCR loaded successfully
[2026-01-06 20:07:41] [[32mINFO[0m] [logger.py:120] └─ Completed: System initialization (21.232s)
[2026-01-06 20:07:41] [[32mINFO[0m] [logger.py:120] ┌─ Starting: Parameter configuration
[2026-01-06 20:07:41] [[32mINFO[0m] [logger.py:120] Window: CRAI - Car Registration AI
[2026-01-06 20:07:41] [[32mINFO[0m] [logger.py:120] Debug mode: False
[2026-01-06 20:07:41] [[32mINFO[0m] [logger.py:120] OCR available: True
[2026-01-06 20:07:41] [[32mINFO[0m] [logger.py:120] └─ Completed: Parameter configuration (0.001s)
[2026-01-06 20:07:41] [[32mINFO[0m] [logger.py:120] Starting main loop...
[2026-01-06 20:07:44] [[31mERROR[0m] [logger.py:128] 
Unexpected error: cannot access local variable 'plate' where it is not associated with a value
Traceback (most recent call last):
  File "C:\Users\iibai\projects\CRAI\ai\src\main.py", line 221, in main
    if (plate['ocr']['success'] and
        ^^^^^
UnboundLocalError: cannot access local variable 'plate' where it is not associated with a value
[2026-01-06 20:07:44] [[32mINFO[0m] [logger.py:120] ┌─ Starting: Detection summary
[2026-01-06 20:07:44] [[33mWARNING[0m] [logger.py:124] No plates with valid text detected
[2026-01-06 20:07:44] [[32mINFO[0m] [logger.py:120] └─ Completed: Detection summary (0.000s)
[2026-01-06 20:07:44] [[32mINFO[0m] [logger.py:120] ┌─ Starting: System cleanup
[2026-01-06 20:07:44] [[32mINFO[0m] [logger.py:120] Stopping video stream...
[2026-01-06 20:07:44] [[32mINFO[0m] [logger.py:120] Closing windows...
[2026-01-06 20:07:44] [[32mINFO[0m] [logger.py:120] System closed successfully
[2026-01-06 20:07:44] [[32mINFO[0m] [logger.py:120] └─ Completed: System cleanup (0.006s)
[2026-01-06 20:08:02] [[32mINFO[0m] [logger.py:120] ┌─ Starting: Loading configuration
[2026-01-06 20:08:02] [[32mINFO[0m] [logger.py:120] Configuration loaded from: C:\Users\iibai\projects\CRAI\ai\src\config/config.yaml
[2026-01-06 20:08:02] [[32mINFO[0m] [logger.py:120] Loading from: C:\Users\iibai\projects\CRAI\ai\src\config/config.yaml
[2026-01-06 20:08:02] [[32mINFO[0m] [logger.py:120] └─ Completed: Loading configuration (0.013s)
[2026-01-06 20:08:02] [[32mINFO[0m] [logger.py:120] ┌─ Starting: System initialization
[2026-01-06 20:08:02] [[32mINFO[0m] [logger.py:120] 1. Starting camera...
[2026-01-06 20:08:02] [[32mINFO[0m] [logger.py:120] Inicializando webcam en source=1
[2026-01-06 20:08:23] [[32mINFO[0m] [logger.py:120] ✓ Camera started successfully
[2026-01-06 20:08:23] [[32mINFO[0m] [logger.py:120] 2. Loading vehicle detector...
[2026-01-06 20:08:23] [[32mINFO[0m] [logger.py:120] Loading YOLO model: C:\Users\iibai\projects\CRAI\ai\src\models/yolov8n.pt
[2026-01-06 20:08:24] [[32mINFO[0m] [logger.py:120] Model loaded successfully with threshold=0.5
[2026-01-06 20:08:24] [[32mINFO[0m] [logger.py:120] 3. Loading license plate detector...
[2026-01-06 20:08:24] [[32mINFO[0m] [logger.py:120] Loading license plate model: C:\Users\iibai\projects\CRAI\ai\src\models/license_plate_detector.pt
[2026-01-06 20:08:24] [[32mINFO[0m] [logger.py:120] License plate model loaded successfully with threshold=0.3
[2026-01-06 20:08:24] [[32mINFO[0m] [logger.py:120] 4. Initializing OCR...
[2026-01-06 20:08:24] [[32mINFO[0m] [logger.py:120] Initializing EasyOCR with languages: ['en'], GPU: False
[2026-01-06 20:08:26] [[32mINFO[0m] [logger.py:120] EasyOCR loaded successfully
[2026-01-06 20:08:26] [[32mINFO[0m] [logger.py:120] └─ Completed: System initialization (23.855s)
[2026-01-06 20:08:26] [[32mINFO[0m] [logger.py:120] ┌─ Starting: Parameter configuration
[2026-01-06 20:08:26] [[32mINFO[0m] [logger.py:120] Window: CRAI - Car Registration AI
[2026-01-06 20:08:26] [[32mINFO[0m] [logger.py:120] Debug mode: False
[2026-01-06 20:08:26] [[32mINFO[0m] [logger.py:120] OCR available: True
[2026-01-06 20:08:26] [[32mINFO[0m] [logger.py:120] └─ Completed: Parameter configuration (0.001s)
[2026-01-06 20:08:26] [[32mINFO[0m] [logger.py:120] Starting main loop...
[2026-01-06 20:08:28] [[31mERROR[0m] [logger.py:128] 
Unexpected error: cannot access local variable 'plate' where it is not associated with a value
Traceback (most recent call last):
  File "C:\Users\iibai\projects\CRAI\ai\src\main.py", line 221, in main
    if (plate['ocr']['success'] and
        ^^^^^
UnboundLocalError: cannot access local variable 'plate' where it is not associated with a value
[2026-01-06 20:08:28] [[32mINFO[0m] [logger.py:120] ┌─ Starting: Detection summary
[2026-01-06 20:08:28] [[33mWARNING[0m] [logger.py:124] No plates with valid text detected
[2026-01-06 20:08:28] [[32mINFO[0m] [logger.py:120] └─ Completed: Detection summary (0.001s)
[2026-01-06 20:08:28] [[32mINFO[0m] [logger.py:120] ┌─ Starting: System cleanup
[2026-01-06 20:08:28] [[32mINFO[0m] [logger.py:120] Stopping video stream...
[2026-01-06 20:08:28] [[32mINFO[0m] [logger.py:120] Closing windows...
[2026-01-06 20:08:28] [[32mINFO[0m] [logger.py:120] System closed successfully
[2026-01-06 20:08:28] [[32mINFO[0m] [logger.py:120] └─ Completed: System cleanup (0.008s)
[2026-01-06 20:09:17] [[32mINFO[0m] [logger.py:120] ┌─ Starting: Loading configuration
[2026-01-06 20:09:17] [[32mINFO[0m] [logger.py:120] Configuration loaded from: C:\Users\iibai\projects\CRAI\ai\src\config/config.yaml
[2026-01-06 20:09:17] [[32mINFO[0m] [logger.py:120] Loading from: C:\Users\iibai\projects\CRAI\ai\src\config/config.yaml
[2026-01-06 20:09:17] [[32mINFO[0m] [logger.py:120] └─ Completed: Loading configuration (0.007s)
[2026-01-06 20:09:17] [[32mINFO[0m] [logger.py:120] ┌─ Starting: System initialization
[2026-01-06 20:09:17] [[32mINFO[0m] [logger.py:120] 1. Starting camera...
[2026-01-06 20:09:17] [[32mINFO[0m] [logger.py:120] Inicializando webcam en source=1
[2026-01-06 20:09:37] [[32mINFO[0m] [logger.py:120] ✓ Camera started successfully
[2026-01-06 20:09:37] [[32mINFO[0m] [logger.py:120] 2. Loading vehicle detector...
[2026-01-06 20:09:37] [[32mINFO[0m] [logger.py:120] Loading YOLO model: C:\Users\iibai\projects\CRAI\ai\src\models/yolov8n.pt
[2026-01-06 20:09:37] [[32mINFO[0m] [logger.py:120] Model loaded successfully with threshold=0.5
[2026-01-06 20:09:37] [[32mINFO[0m] [logger.py:120] 3. Loading license plate detector...
[2026-01-06 20:09:37] [[32mINFO[0m] [logger.py:120] Loading license plate model: C:\Users\iibai\projects\CRAI\ai\src\models/license_plate_detector.pt
[2026-01-06 20:09:37] [[32mINFO[0m] [logger.py:120] License plate model loaded successfully with threshold=0.3
[2026-01-06 20:09:37] [[32mINFO[0m] [logger.py:120] 4. Initializing OCR...
[2026-01-06 20:09:37] [[32mINFO[0m] [logger.py:120] Initializing EasyOCR with languages: ['en'], GPU: False
[2026-01-06 20:09:39] [[32mINFO[0m] [logger.py:120] EasyOCR loaded successfully
[2026-01-06 20:09:39] [[32mINFO[0m] [logger.py:120] └─ Completed: System initialization (21.910s)
[2026-01-06 20:09:39] [[32mINFO[0m] [logger.py:120] ┌─ Starting: Parameter configuration
[2026-01-06 20:09:39] [[32mINFO[0m] [logger.py:120] Window: CRAI - Car Registration AI
[2026-01-06 20:09:39] [[32mINFO[0m] [logger.py:120] Debug mode: False
[2026-01-06 20:09:39] [[32mINFO[0m] [logger.py:120] OCR available: True
[2026-01-06 20:09:39] [[32mINFO[0m] [logger.py:120] └─ Completed: Parameter configuration (0.001s)
[2026-01-06 20:09:39] [[32mINFO[0m] [logger.py:120] Starting main loop...
[2026-01-06 20:10:24] [[32mINFO[0m] [logger.py:120] ┌─ Starting: Detection summary
[2026-01-06 20:10:24] [[32mINFO[0m] [logger.py:120] Total unique plates detected: 9
[2026-01-06 20:10:24] [[32mINFO[0m] [logger.py:120] 
============================================================
Plate           Times    Confidence   Vehicle
------------------------------------------------------------
1772LPZ         33       0.90         car
4772LPZ         8        0.86         car
0217            3        0.69         car
02177           3        0.85         car
4722LPZ         3        0.48         car
1722LPZ         3        0.59         car
1772            2        1.00         car
722LPZ          1        0.41         car
1712LPZ         1        0.67         car
============================================================

[2026-01-06 20:10:24] [[32mINFO[0m] [logger.py:120] └─ Completed: Detection summary (0.001s)
[2026-01-06 20:10:24] [[32mINFO[0m] [logger.py:120] ┌─ Starting: System cleanup
[2026-01-06 20:10:24] [[32mINFO[0m] [logger.py:120] Stopping video stream...
[2026-01-06 20:10:24] [[32mINFO[0m] [logger.py:120] Closing windows...
[2026-01-06 20:10:24] [[32mINFO[0m] [logger.py:120] System closed successfully
[2026-01-06 20:10:24] [[32mINFO[0m] [logger.py:120] └─ Completed: System cleanup (0.013s)
[2026-01-06 20:10:34] [[32mINFO[0m] [logger.py:120] ┌─ Starting: Loading configuration
[2026-01-06 20:10:34] [[32mINFO[0m] [logger.py:120] Configuration loaded from: C:\Users\iibai\projects\CRAI\ai\src\config/config.yaml
[2026-01-06 20:10:34] [[32mINFO[0m] [logger.py:120] Loading from: C:\Users\iibai\projects\CRAI\ai\src\config/config.yaml
[2026-01-06 20:10:34] [[32mINFO[0m] [logger.py:120] └─ Completed: Loading configuration (0.007s)
[2026-01-06 20:10:34] [[32mINFO[0m] [logger.py:120] ┌─ Starting: System initialization
[2026-01-06 20:10:34] [[32mINFO[0m] [logger.py:120] 1. Starting camera...
[2026-01-06 20:10:34] [[32mINFO[0m] [logger.py:120] Inicializando webcam en source=1
[2026-01-06 20:10:54] [[32mINFO[0m] [logger.py:120] ✓ Camera started successfully
[2026-01-06 20:10:54] [[32mINFO[0m] [logger.py:120] 2. Loading vehicle detector...
[2026-01-06 20:10:54] [[32mINFO[0m] [logger.py:120] Loading YOLO model: C:\Users\iibai\projects\CRAI\ai\src\models/yolov8n.pt
[2026-01-06 20:10:54] [[32mINFO[0m] [logger.py:120] Model loaded successfully with threshold=0.5
[2026-01-06 20:10:54] [[32mINFO[0m] [logger.py:120] 3. Loading license plate detector...
[2026-01-06 20:10:54] [[32mINFO[0m] [logger.py:120] Loading license plate model: C:\Users\iibai\projects\CRAI\ai\src\models/license_plate_detector.pt
[2026-01-06 20:10:54] [[32mINFO[0m] [logger.py:120] License plate model loaded successfully with threshold=0.3
[2026-01-06 20:10:54] [[32mINFO[0m] [logger.py:120] 4. Initializing OCR...
[2026-01-06 20:10:55] [[32mINFO[0m] [logger.py:120] Initializing EasyOCR with languages: ['en'], GPU: False
[2026-01-06 20:10:57] [[32mINFO[0m] [logger.py:120] EasyOCR loaded successfully
[2026-01-06 20:10:57] [[32mINFO[0m] [logger.py:120] └─ Completed: System initialization (22.152s)
[2026-01-06 20:10:57] [[32mINFO[0m] [logger.py:120] ┌─ Starting: Parameter configuration
[2026-01-06 20:10:57] [[32mINFO[0m] [logger.py:120] Window: CRAI - Car Registration AI
[2026-01-06 20:10:57] [[32mINFO[0m] [logger.py:120] Debug mode: False
[2026-01-06 20:10:57] [[32mINFO[0m] [logger.py:120] OCR available: True
[2026-01-06 20:10:57] [[32mINFO[0m] [logger.py:120] └─ Completed: Parameter configuration (0.001s)
[2026-01-06 20:10:57] [[32mINFO[0m] [logger.py:120] Starting main loop...
[2026-01-06 20:12:00] [[32mINFO[0m] [logger.py:120] 
[Ctrl+C] Keyboard interrupt received
[2026-01-06 20:12:00] [[32mINFO[0m] [logger.py:120] ┌─ Starting: Detection summary
[2026-01-06 20:12:00] [[32mINFO[0m] [logger.py:120] Total unique plates detected: 4
[2026-01-06 20:12:00] [[32mINFO[0m] [logger.py:120] 
============================================================
Plate           Times    Confidence   Vehicle
------------------------------------------------------------
8149MLO         63       0.96         car
1772LPZ         8        0.98         car
4772LPZ         7        0.68         car
8149            1        0.71         car
============================================================

[2026-01-06 20:12:00] [[32mINFO[0m] [logger.py:120] └─ Completed: Detection summary (0.000s)
[2026-01-06 20:12:00] [[32mINFO[0m] [logger.py:120] ┌─ Starting: System cleanup
[2026-01-06 20:12:00] [[32mINFO[0m] [logger.py:120] Stopping video stream...
[2026-01-06 20:12:00] [[32mINFO[0m] [logger.py:120] Closing windows...
[2026-01-06 20:12:00] [[32mINFO[0m] [logger.py:120] System closed successfully
[2026-01-06 20:12:00] [[32mINFO[0m] [logger.py:120] └─ Completed: System cleanup (0.005s)
[2026-01-06 20:12:05] [[32mINFO[0m] [logger.py:120] ┌─ Starting: Loading configuration
[2026-01-06 20:12:05] [[32mINFO[0m] [logger.py:120] Configuration loaded from: C:\Users\iibai\projects\CRAI\ai\src\config/config.yaml
[2026-01-06 20:12:05] [[32mINFO[0m] [logger.py:120] Loading from: C:\Users\iibai\projects\CRAI\ai\src\config/config.yaml
[2026-01-06 20:12:05] [[32mINFO[0m] [logger.py:120] └─ Completed: Loading configuration (0.006s)
[2026-01-06 20:12:05] [[32mINFO[0m] [logger.py:120] ┌─ Starting: System initialization
[2026-01-06 20:12:05] [[32mINFO[0m] [logger.py:120] 1. Starting camera...
[2026-01-06 20:12:05] [[32mINFO[0m] [logger.py:120] Inicializando webcam en source=1
[2026-01-06 20:12:22] [[32mINFO[0m] [logger.py:120] ✓ Camera started successfully
[2026-01-06 20:12:22] [[32mINFO[0m] [logger.py:120] 2. Loading vehicle detector...
[2026-01-06 20:12:22] [[32mINFO[0m] [logger.py:120] Loading YOLO model: C:\Users\iibai\projects\CRAI\ai\src\models/yolov8n.pt
[2026-01-06 20:12:22] [[32mINFO[0m] [logger.py:120] Model loaded successfully with threshold=0.5
[2026-01-06 20:12:22] [[32mINFO[0m] [logger.py:120] 3. Loading license plate detector...
[2026-01-06 20:12:22] [[32mINFO[0m] [logger.py:120] Loading license plate model: C:\Users\iibai\projects\CRAI\ai\src\models/license_plate_detector.pt
[2026-01-06 20:12:22] [[32mINFO[0m] [logger.py:120] License plate model loaded successfully with threshold=0.3
[2026-01-06 20:12:22] [[32mINFO[0m] [logger.py:120] 4. Initializing OCR...
[2026-01-06 20:12:23] [[32mINFO[0m] [logger.py:120] Initializing EasyOCR with languages: ['en'], GPU: False
[2026-01-06 20:12:24] [[32mINFO[0m] [logger.py:120] EasyOCR loaded successfully
[2026-01-06 20:12:24] [[32mINFO[0m] [logger.py:120] └─ Completed: System initialization (18.608s)
[2026-01-06 20:12:24] [[32mINFO[0m] [logger.py:120] ┌─ Starting: Parameter configuration
[2026-01-06 20:12:24] [[32mINFO[0m] [logger.py:120] Window: CRAI - Car Registration AI
[2026-01-06 20:12:24] [[32mINFO[0m] [logger.py:120] Debug mode: False
[2026-01-06 20:12:24] [[32mINFO[0m] [logger.py:120] OCR available: True
[2026-01-06 20:12:24] [[32mINFO[0m] [logger.py:120] └─ Completed: Parameter configuration (0.001s)
[2026-01-06 20:12:24] [[32mINFO[0m] [logger.py:120] Starting main loop...
[2026-01-06 20:13:10] [[32mINFO[0m] [logger.py:120] ┌─ Starting: Detection summary
[2026-01-06 20:13:10] [[32mINFO[0m] [logger.py:120] Total unique plates detected: 3
[2026-01-06 20:13:10] [[32mINFO[0m] [logger.py:120] 
============================================================
Plate           Times    Confidence   Vehicle
------------------------------------------------------------
8149MLO         41       0.94         car
8149HLO         6        0.54         car
8149            5        0.56         car
============================================================

[2026-01-06 20:13:10] [[32mINFO[0m] [logger.py:120] └─ Completed: Detection summary (0.001s)
[2026-01-06 20:13:10] [[32mINFO[0m] [logger.py:120] ┌─ Starting: System cleanup
[2026-01-06 20:13:10] [[32mINFO[0m] [logger.py:120] Stopping video stream...
[2026-01-06 20:13:10] [[32mINFO[0m] [logger.py:120] Closing windows...
[2026-01-06 20:13:10] [[32mINFO[0m] [logger.py:120] System closed successfully
[2026-01-06 20:13:10] [[32mINFO[0m] [logger.py:120] └─ Completed: System cleanup (0.013s)
[2026-01-06 20:32:55] [[32mINFO[0m] [logger.py:120] ┌─ Starting: Loading configuration
[2026-01-06 20:32:55] [[32mINFO[0m] [logger.py:120] Configuration loaded from: C:\Users\iibai\projects\CRAI\ai\src\config/config.yaml
[2026-01-06 20:32:55] [[32mINFO[0m] [logger.py:120] Loading from: C:\Users\iibai\projects\CRAI\ai\src\config/config.yaml
[2026-01-06 20:32:55] [[32mINFO[0m] [logger.py:120] └─ Completed: Loading configuration (0.021s)
[2026-01-06 20:32:55] [[32mINFO[0m] [logger.py:120] ┌─ Starting: System initialization
[2026-01-06 20:32:55] [[32mINFO[0m] [logger.py:120] 1. Starting camera...
[2026-01-06 20:32:55] [[32mINFO[0m] [logger.py:120] Inicializando webcam en source=1
[2026-01-06 20:33:14] [[32mINFO[0m] [logger.py:120] ✓ Camera started successfully
[2026-01-06 20:33:14] [[32mINFO[0m] [logger.py:120] 2. Loading vehicle detector...
[2026-01-06 20:33:14] [[32mINFO[0m] [logger.py:120] Loading YOLO model: C:\Users\iibai\projects\CRAI\ai\src\models/yolov8n.pt
[2026-01-06 20:33:14] [[32mINFO[0m] [logger.py:120] Model loaded successfully with threshold=0.5
[2026-01-06 20:33:14] [[32mINFO[0m] [logger.py:120] 3. Loading license plate detector...
[2026-01-06 20:33:14] [[32mINFO[0m] [logger.py:120] Loading license plate model: C:\Users\iibai\projects\CRAI\ai\src\models/license_plate_detector.pt
[2026-01-06 20:33:14] [[32mINFO[0m] [logger.py:120] License plate model loaded successfully with threshold=0.3
[2026-01-06 20:33:14] [[32mINFO[0m] [logger.py:120] 4. Initializing OCR...
[2026-01-06 20:33:14] [[32mINFO[0m] [logger.py:120] Initializing EasyOCR with languages: ['en'], GPU: False
[2026-01-06 20:33:16] [[32mINFO[0m] [logger.py:120] EasyOCR loaded successfully
[2026-01-06 20:33:16] [[32mINFO[0m] [logger.py:120] └─ Completed: System initialization (21.342s)
[2026-01-06 20:33:16] [[32mINFO[0m] [logger.py:120] ┌─ Starting: Parameter configuration
[2026-01-06 20:33:16] [[32mINFO[0m] [logger.py:120] Window: CRAI - Car Registration AI
[2026-01-06 20:33:16] [[32mINFO[0m] [logger.py:120] OCR available: True
[2026-01-06 20:33:16] [[32mINFO[0m] [logger.py:120] └─ Completed: Parameter configuration (0.001s)
[2026-01-06 20:33:16] [[32mINFO[0m] [logger.py:120] Starting main loop...
[2026-01-06 20:33:33] [[32mINFO[0m] [logger.py:120] ┌─ Starting: Detection summary
[2026-01-06 20:33:33] [[33mWARNING[0m] [logger.py:124] No plates with valid text detected
[2026-01-06 20:33:33] [[32mINFO[0m] [logger.py:120] └─ Completed: Detection summary (0.001s)
[2026-01-06 20:33:33] [[32mINFO[0m] [logger.py:120] ┌─ Starting: System cleanup
[2026-01-06 20:33:33] [[32mINFO[0m] [logger.py:120] Stopping video stream...
[2026-01-06 20:33:33] [[32mINFO[0m] [logger.py:120] Closing windows...
[2026-01-06 20:33:34] [[32mINFO[0m] [logger.py:120] System closed successfully
[2026-01-06 20:33:34] [[32mINFO[0m] [logger.py:120] └─ Completed: System cleanup (0.018s)
[2026-01-06 21:41:56] [[32mINFO[0m] [logger.py:120] ┌─ Starting: Loading configuration
[2026-01-06 21:41:56] [[32mINFO[0m] [logger.py:120] Configuration loaded from: C:\Users\iibai\projects\CRAI\ai\src\config/config.yaml
[2026-01-06 21:41:56] [[32mINFO[0m] [logger.py:120] Loading from: C:\Users\iibai\projects\CRAI\ai\src\config/config.yaml
[2026-01-06 21:41:56] [[32mINFO[0m] [logger.py:120] └─ Completed: Loading configuration (0.007s)
[2026-01-06 21:41:56] [[32mINFO[0m] [logger.py:120] ┌─ Starting: System initialization
[2026-01-06 21:41:56] [[32mINFO[0m] [logger.py:120] 1. Starting camera...
[2026-01-06 21:41:56] [[32mINFO[0m] [logger.py:120] Inicializando webcam en source=1
[2026-01-06 21:42:15] [[32mINFO[0m] [logger.py:120] ✓ Camera started successfully
[2026-01-06 21:42:15] [[32mINFO[0m] [logger.py:120] 2. Loading vehicle detector...
[2026-01-06 21:42:15] [[32mINFO[0m] [logger.py:120] Loading YOLO model: C:\Users\iibai\projects\CRAI\ai\src\models/yolov8n.pt
[2026-01-06 21:42:15] [[32mINFO[0m] [logger.py:120] Model loaded successfully with threshold=0.5
[2026-01-06 21:42:15] [[32mINFO[0m] [logger.py:120] 3. Loading license plate detector...
[2026-01-06 21:42:15] [[32mINFO[0m] [logger.py:120] Loading license plate model: C:\Users\iibai\projects\CRAI\ai\src\models/license_plate_detector.pt
[2026-01-06 21:42:15] [[32mINFO[0m] [logger.py:120] License plate model loaded successfully with threshold=0.3
[2026-01-06 21:42:15] [[32mINFO[0m] [logger.py:120] 4. Initializing OCR...
[2026-01-06 21:42:16] [[32mINFO[0m] [logger.py:120] Initializing EasyOCR with languages: ['en'], GPU: False
[2026-01-06 21:42:18] [[32mINFO[0m] [logger.py:120] EasyOCR loaded successfully
[2026-01-06 21:42:18] [[32mINFO[0m] [logger.py:120] └─ Completed: System initialization (21.524s)
[2026-01-06 21:42:18] [[32mINFO[0m] [logger.py:120] ┌─ Starting: Parameter configuration
[2026-01-06 21:42:18] [[32mINFO[0m] [logger.py:120] Window: CRAI - Car Registration AI
[2026-01-06 21:42:18] [[32mINFO[0m] [logger.py:120] OCR available: True
[2026-01-06 21:42:18] [[32mINFO[0m] [logger.py:120] └─ Completed: Parameter configuration (0.001s)
[2026-01-06 21:42:18] [[32mINFO[0m] [logger.py:120] Starting main loop...
[2026-01-06 21:42:38] [[32mINFO[0m] [logger.py:120] ┌─ Starting: Detection summary
[2026-01-06 21:42:38] [[33mWARNING[0m] [logger.py:124] No plates with valid text detected
[2026-01-06 21:42:38] [[32mINFO[0m] [logger.py:120] └─ Completed: Detection summary (0.001s)
[2026-01-06 21:42:38] [[32mINFO[0m] [logger.py:120] ┌─ Starting: System cleanup
[2026-01-06 21:42:38] [[32mINFO[0m] [logger.py:120] Stopping video stream...
[2026-01-06 21:42:38] [[32mINFO[0m] [logger.py:120] Closing windows...
[2026-01-06 21:42:38] [[32mINFO[0m] [logger.py:120] System closed successfully
[2026-01-06 21:42:38] [[32mINFO[0m] [logger.py:120] └─ Completed: System cleanup (0.014s)
[2026-01-06 22:11:16] [[32mINFO[0m] [logger.py:120] ┌─ Starting: Loading configuration
[2026-01-06 22:11:16] [[32mINFO[0m] [logger.py:120] Configuration loaded from: C:\Users\iibai\projects\CRAI\ai\src\config/config.yaml
[2026-01-06 22:11:16] [[32mINFO[0m] [logger.py:120] Loading from: C:\Users\iibai\projects\CRAI\ai\src\config/config.yaml
[2026-01-06 22:11:16] [[32mINFO[0m] [logger.py:120] └─ Completed: Loading configuration (0.020s)
[2026-01-06 22:11:16] [[32mINFO[0m] [logger.py:120] ┌─ Starting: System initialization
[2026-01-06 22:11:16] [[32mINFO[0m] [logger.py:120] 1. Starting camera...
[2026-01-06 22:11:16] [[32mINFO[0m] [logger.py:120] Intentando inicializar webcam en source=1...
[2026-01-06 22:11:22] [[32mINFO[0m] [logger.py:120] ✓ Camera 1 funciona correctamente
[2026-01-06 22:11:40] [[32mINFO[0m] [logger.py:120] ✓ Camera started successfully
[2026-01-06 22:11:40] [[32mINFO[0m] [logger.py:120] 2. Loading vehicle detector...
[2026-01-06 22:11:40] [[32mINFO[0m] [logger.py:120] Loading YOLO model: C:\Users\iibai\projects\CRAI\ai\src\models/yolov8n.pt
[2026-01-06 22:11:41] [[32mINFO[0m] [logger.py:120] Model loaded successfully with threshold=0.5
[2026-01-06 22:11:41] [[32mINFO[0m] [logger.py:120] 3. Loading license plate detector...
[2026-01-06 22:11:41] [[32mINFO[0m] [logger.py:120] Loading license plate model: C:\Users\iibai\projects\CRAI\ai\src\models/license_plate_detector.pt
[2026-01-06 22:11:41] [[32mINFO[0m] [logger.py:120] License plate model loaded successfully with threshold=0.3
[2026-01-06 22:11:41] [[32mINFO[0m] [logger.py:120] 4. Initializing OCR...
[2026-01-06 22:11:41] [[32mINFO[0m] [logger.py:120] Initializing EasyOCR with languages: ['en'], GPU: False
[2026-01-06 22:11:43] [[32mINFO[0m] [logger.py:120] EasyOCR loaded successfully
[2026-01-06 22:11:43] [[32mINFO[0m] [logger.py:120] └─ Completed: System initialization (26.979s)
[2026-01-06 22:11:43] [[32mINFO[0m] [logger.py:120] ┌─ Starting: Parameter configuration
[2026-01-06 22:11:43] [[32mINFO[0m] [logger.py:120] Window: CRAI - Car Registration AI
[2026-01-06 22:11:43] [[32mINFO[0m] [logger.py:120] OCR available: True
[2026-01-06 22:11:43] [[32mINFO[0m] [logger.py:120] └─ Completed: Parameter configuration (0.001s)
[2026-01-06 22:11:43] [[32mINFO[0m] [logger.py:120] Starting main loop...
[2026-01-06 22:12:02] [[32mINFO[0m] [logger.py:120] ┌─ Starting: Detection summary
[2026-01-06 22:12:02] [[33mWARNING[0m] [logger.py:124] No plates with valid text detected
[2026-01-06 22:12:02] [[32mINFO[0m] [logger.py:120] └─ Completed: Detection summary (0.001s)
[2026-01-06 22:12:02] [[32mINFO[0m] [logger.py:120] ┌─ Starting: System cleanup
[2026-01-06 22:12:02] [[32mINFO[0m] [logger.py:120] Stopping video stream...
[2026-01-06 22:12:02] [[32mINFO[0m] [logger.py:120] Closing windows...
[2026-01-06 22:12:02] [[32mINFO[0m] [logger.py:120] System closed successfully
[2026-01-06 22:12:02] [[32mINFO[0m] [logger.py:120] └─ Completed: System cleanup (0.016s)
[2026-01-06 22:29:27] [[32mINFO[0m] [logger.py:120] ┌─ Starting: Loading configuration
[2026-01-06 22:29:27] [[32mINFO[0m] [logger.py:120] Configuration loaded from: C:\Users\iibai\projects\CRAI\ai\src\config/config.yaml
[2026-01-06 22:29:27] [[32mINFO[0m] [logger.py:120] Loading from: C:\Users\iibai\projects\CRAI\ai\src\config/config.yaml
[2026-01-06 22:29:27] [[32mINFO[0m] [logger.py:120] └─ Completed: Loading configuration (0.020s)
[2026-01-06 22:29:27] [[32mINFO[0m] [logger.py:120] ┌─ Starting: System initialization
[2026-01-06 22:29:27] [[32mINFO[0m] [logger.py:120] 1. Starting camera...
[2026-01-06 22:29:27] [[32mINFO[0m] [logger.py:120] Intentando inicializar webcam en source=1...
[2026-01-06 22:29:33] [[32mINFO[0m] [logger.py:120] ✓ Camera 1 funciona correctamente
[2026-01-06 22:29:51] [[32mINFO[0m] [logger.py:120] ✓ Camera started successfully
[2026-01-06 22:29:51] [[32mINFO[0m] [logger.py:120] 2. Loading vehicle detector...
[2026-01-06 22:29:51] [[32mINFO[0m] [logger.py:120] Loading YOLO model: C:\Users\iibai\projects\CRAI\ai\src\models/yolov8n.pt
[2026-01-06 22:29:51] [[32mINFO[0m] [logger.py:120] Model loaded successfully with threshold=0.5
[2026-01-06 22:29:51] [[32mINFO[0m] [logger.py:120] 3. Loading license plate detector...
[2026-01-06 22:29:51] [[32mINFO[0m] [logger.py:120] Loading license plate model: C:\Users\iibai\projects\CRAI\ai\src\models/license_plate_detector.pt
[2026-01-06 22:29:51] [[32mINFO[0m] [logger.py:120] License plate model loaded successfully with threshold=0.3
[2026-01-06 22:29:51] [[32mINFO[0m] [logger.py:120] 4. Initializing OCR...
[2026-01-06 22:29:52] [[32mINFO[0m] [logger.py:120] Initializing EasyOCR with languages: ['en'], GPU: False
[2026-01-06 22:29:54] [[32mINFO[0m] [logger.py:120] EasyOCR loaded successfully
[2026-01-06 22:29:54] [[32mINFO[0m] [logger.py:120] └─ Completed: System initialization (26.567s)
[2026-01-06 22:29:54] [[32mINFO[0m] [logger.py:120] ┌─ Starting: Parameter configuration
[2026-01-06 22:29:54] [[32mINFO[0m] [logger.py:120] Window: CRAI - Car Registration AI
[2026-01-06 22:29:54] [[32mINFO[0m] [logger.py:120] OCR available: True
[2026-01-06 22:29:54] [[32mINFO[0m] [logger.py:120] OCR cache TTL: 2.0s
[2026-01-06 22:29:54] [[32mINFO[0m] [logger.py:120] └─ Completed: Parameter configuration (0.001s)
[2026-01-06 22:29:54] [[32mINFO[0m] [logger.py:120] Starting main loop...
[2026-01-06 22:30:08] [[32mINFO[0m] [logger.py:120] ┌─ Starting: Detection summary
[2026-01-06 22:30:08] [[33mWARNING[0m] [logger.py:124] No plates with valid text detected
[2026-01-06 22:30:08] [[32mINFO[0m] [logger.py:120] └─ Completed: Detection summary (0.001s)
[2026-01-06 22:30:08] [[32mINFO[0m] [logger.py:120] ┌─ Starting: System cleanup
[2026-01-06 22:30:08] [[32mINFO[0m] [logger.py:120] Stopping video stream...
[2026-01-06 22:30:08] [[32mINFO[0m] [logger.py:120] Closing windows...
[2026-01-06 22:30:08] [[32mINFO[0m] [logger.py:120] System closed successfully
[2026-01-06 22:30:08] [[32mINFO[0m] [logger.py:120] └─ Completed: System cleanup (0.010s)
[2026-01-06 23:20:34] [[32mINFO[0m] [logger.py:120] ┌─ Starting: Loading configuration
[2026-01-06 23:20:34] [[32mINFO[0m] [logger.py:120] Configuration loaded from: C:\Users\iibai\projects\CRAI\ai\src\config/config.yaml
[2026-01-06 23:20:34] [[32mINFO[0m] [logger.py:120] Loading from: C:\Users\iibai\projects\CRAI\ai\src\config/config.yaml
[2026-01-06 23:20:34] [[32mINFO[0m] [logger.py:120] └─ Completed: Loading configuration (0.056s)
[2026-01-06 23:20:34] [[32mINFO[0m] [logger.py:120] ┌─ Starting: System initialization
[2026-01-06 23:20:34] [[32mINFO[0m] [logger.py:120] 1. Starting camera...
[2026-01-06 23:20:34] [[32mINFO[0m] [logger.py:120] Intentando inicializar webcam en source=1...
[2026-01-06 23:20:41] [[32mINFO[0m] [logger.py:120] ✓ Camera 1 funciona correctamente
[2026-01-06 23:21:00] [[32mINFO[0m] [logger.py:120] ✓ Camera started successfully
[2026-01-06 23:21:00] [[32mINFO[0m] [logger.py:120] 2. Loading vehicle detector...
[2026-01-06 23:21:00] [[32mINFO[0m] [logger.py:120] Loading YOLO model: C:\Users\iibai\projects\CRAI\ai\src\models/yolov8n.pt
[2026-01-06 23:21:00] [[32mINFO[0m] [logger.py:120] Model loaded successfully with threshold=0.5
[2026-01-06 23:21:00] [[32mINFO[0m] [logger.py:120] 3. Loading license plate detector...
[2026-01-06 23:21:00] [[32mINFO[0m] [logger.py:120] Loading license plate model: C:\Users\iibai\projects\CRAI\ai\src\models/license_plate_detector.pt
[2026-01-06 23:21:00] [[32mINFO[0m] [logger.py:120] License plate model loaded successfully with threshold=0.3
[2026-01-06 23:21:00] [[32mINFO[0m] [logger.py:120] 4. Initializing OCR...
[2026-01-06 23:21:00] [[32mINFO[0m] [logger.py:120] Initializing EasyOCR with languages: ['en'], GPU: False
[2026-01-06 23:21:02] [[32mINFO[0m] [logger.py:120] EasyOCR loaded successfully
[2026-01-06 23:21:02] [[32mINFO[0m] [logger.py:120] └─ Completed: System initialization (27.632s)
[2026-01-06 23:21:02] [[32mINFO[0m] [logger.py:120] ┌─ Starting: Parameter configuration
[2026-01-06 23:21:02] [[32mINFO[0m] [logger.py:120] Window: CRAI - Car Registration AI
[2026-01-06 23:21:02] [[32mINFO[0m] [logger.py:120] OCR available: True
[2026-01-06 23:21:02] [[32mINFO[0m] [logger.py:120] OCR cache TTL: 30.0s
[2026-01-06 23:21:02] [[32mINFO[0m] [logger.py:120] └─ Completed: Parameter configuration (0.000s)
[2026-01-06 23:21:02] [[32mINFO[0m] [logger.py:120] Starting main loop...
[2026-01-06 23:21:13] [[32mINFO[0m] [logger.py:120] ┌─ Starting: Detection summary
[2026-01-06 23:21:13] [[33mWARNING[0m] [logger.py:124] No plates with valid text detected
[2026-01-06 23:21:13] [[32mINFO[0m] [logger.py:120] └─ Completed: Detection summary (0.001s)
[2026-01-06 23:21:13] [[32mINFO[0m] [logger.py:120] ┌─ Starting: System cleanup
[2026-01-06 23:21:13] [[32mINFO[0m] [logger.py:120] Stopping video stream...
[2026-01-06 23:21:13] [[32mINFO[0m] [logger.py:120] Closing windows...
[2026-01-06 23:21:13] [[32mINFO[0m] [logger.py:120] System closed successfully
[2026-01-06 23:21:13] [[32mINFO[0m] [logger.py:120] └─ Completed: System cleanup (0.012s)
[2026-01-06 23:25:51] [[32mINFO[0m] [logger.py:120] ┌─ Starting: Loading configuration
[2026-01-06 23:25:51] [[32mINFO[0m] [logger.py:120] Configuration loaded from: C:\Users\iibai\projects\CRAI\ai\src\config/config.yaml
[2026-01-06 23:25:51] [[32mINFO[0m] [logger.py:120] Loading from: C:\Users\iibai\projects\CRAI\ai\src\config/config.yaml
[2026-01-06 23:25:51] [[32mINFO[0m] [logger.py:120] └─ Completed: Loading configuration (0.008s)
[2026-01-06 23:25:51] [[32mINFO[0m] [logger.py:120] ┌─ Starting: System initialization
[2026-01-06 23:25:51] [[32mINFO[0m] [logger.py:120] 1. Starting camera...
[2026-01-06 23:25:51] [[32mINFO[0m] [logger.py:120] Intentando inicializar webcam en source=1...
[2026-01-06 23:25:58] [[32mINFO[0m] [logger.py:120] ✓ Camera 1 funciona correctamente
[2026-01-06 23:26:19] [[32mINFO[0m] [logger.py:120] ✓ Camera started successfully
[2026-01-06 23:26:19] [[32mINFO[0m] [logger.py:120] 2. Loading vehicle detector...
[2026-01-06 23:26:19] [[32mINFO[0m] [logger.py:120] Loading YOLO model: C:\Users\iibai\projects\CRAI\ai\src\models/yolov8n.pt
[2026-01-06 23:26:19] [[32mINFO[0m] [logger.py:120] Model loaded successfully with threshold=0.5
[2026-01-06 23:26:19] [[32mINFO[0m] [logger.py:120] 3. Loading license plate detector...
[2026-01-06 23:26:19] [[32mINFO[0m] [logger.py:120] Loading license plate model: C:\Users\iibai\projects\CRAI\ai\src\models/license_plate_detector.pt
[2026-01-06 23:26:19] [[32mINFO[0m] [logger.py:120] License plate model loaded successfully with threshold=0.3
[2026-01-06 23:26:19] [[32mINFO[0m] [logger.py:120] 4. Initializing OCR...
[2026-01-06 23:26:19] [[32mINFO[0m] [logger.py:120] Initializing EasyOCR with languages: ['en'], GPU: False
[2026-01-06 23:26:21] [[32mINFO[0m] [logger.py:120] EasyOCR loaded successfully
[2026-01-06 23:26:21] [[32mINFO[0m] [logger.py:120] └─ Completed: System initialization (30.792s)
[2026-01-06 23:26:21] [[32mINFO[0m] [logger.py:120] ┌─ Starting: Parameter configuration
[2026-01-06 23:26:21] [[32mINFO[0m] [logger.py:120] Window: CRAI - Car Registration AI
[2026-01-06 23:26:21] [[32mINFO[0m] [logger.py:120] OCR available: True
[2026-01-06 23:26:21] [[32mINFO[0m] [logger.py:120] OCR cache TTL: 30.0s
[2026-01-06 23:26:21] [[32mINFO[0m] [logger.py:120] └─ Completed: Parameter configuration (0.001s)
[2026-01-06 23:26:21] [[32mINFO[0m] [logger.py:120] Starting main loop...
[2026-01-06 23:27:40] [[32mINFO[0m] [logger.py:120] ┌─ Starting: Detection summary
[2026-01-06 23:27:40] [[32mINFO[0m] [logger.py:120] Total unique plates detected: 1
[2026-01-06 23:27:40] [[32mINFO[0m] [logger.py:120] 
============================================================
Plate           Times    Confidence   Vehicle
------------------------------------------------------------
MOBG            2        0.29         car
============================================================

[2026-01-06 23:27:40] [[32mINFO[0m] [logger.py:120] └─ Completed: Detection summary (0.001s)
[2026-01-06 23:27:40] [[32mINFO[0m] [logger.py:120] ┌─ Starting: System cleanup
[2026-01-06 23:27:40] [[32mINFO[0m] [logger.py:120] Stopping video stream...
[2026-01-06 23:27:40] [[32mINFO[0m] [logger.py:120] Closing windows...
[2026-01-06 23:27:40] [[32mINFO[0m] [logger.py:120] System closed successfully
[2026-01-06 23:27:40] [[32mINFO[0m] [logger.py:120] └─ Completed: System cleanup (0.014s)
[2026-01-06 23:31:57] [[32mINFO[0m] [logger.py:120] ┌─ Starting: Loading configuration
[2026-01-06 23:31:57] [[32mINFO[0m] [logger.py:120] Configuration loaded from: C:\Users\iibai\projects\CRAI\ai\src\config/config.yaml
[2026-01-06 23:31:57] [[32mINFO[0m] [logger.py:120] Loading from: C:\Users\iibai\projects\CRAI\ai\src\config/config.yaml
[2026-01-06 23:31:57] [[32mINFO[0m] [logger.py:120] └─ Completed: Loading configuration (0.009s)
[2026-01-06 23:31:57] [[32mINFO[0m] [logger.py:120] ┌─ Starting: System initialization
[2026-01-06 23:31:57] [[32mINFO[0m] [logger.py:120] 1. Starting camera...
[2026-01-06 23:31:57] [[32mINFO[0m] [logger.py:120] Intentando inicializar webcam en source=1...
[2026-01-06 23:32:04] [[32mINFO[0m] [logger.py:120] ✓ Camera 1 funciona correctamente
[2026-01-06 23:32:23] [[32mINFO[0m] [logger.py:120] ✓ Camera started successfully
[2026-01-06 23:32:23] [[32mINFO[0m] [logger.py:120] 2. Loading vehicle detector...
[2026-01-06 23:32:23] [[32mINFO[0m] [logger.py:120] Loading YOLO model: C:\Users\iibai\projects\CRAI\ai\src\models/yolov8n.pt
[2026-01-06 23:32:23] [[32mINFO[0m] [logger.py:120] Model loaded successfully with threshold=0.5
[2026-01-06 23:32:23] [[32mINFO[0m] [logger.py:120] 3. Loading license plate detector...
[2026-01-06 23:32:23] [[32mINFO[0m] [logger.py:120] Loading license plate model: C:\Users\iibai\projects\CRAI\ai\src\models/license_plate_detector.pt
[2026-01-06 23:32:23] [[32mINFO[0m] [logger.py:120] License plate model loaded successfully with threshold=0.3
[2026-01-06 23:32:23] [[32mINFO[0m] [logger.py:120] 4. Initializing OCR...
[2026-01-06 23:32:24] [[32mINFO[0m] [logger.py:120] Initializing EasyOCR with languages: ['en'], GPU: False
[2026-01-06 23:32:25] [[32mINFO[0m] [logger.py:120] EasyOCR loaded successfully
[2026-01-06 23:32:25] [[32mINFO[0m] [logger.py:120] └─ Completed: System initialization (28.472s)
[2026-01-06 23:32:25] [[32mINFO[0m] [logger.py:120] ┌─ Starting: Parameter configuration
[2026-01-06 23:32:25] [[32mINFO[0m] [logger.py:120] Window: CRAI - Car Registration AI
[2026-01-06 23:32:25] [[32mINFO[0m] [logger.py:120] OCR available: True
[2026-01-06 23:32:25] [[32mINFO[0m] [logger.py:120] OCR cache TTL: 30.0s
[2026-01-06 23:32:25] [[32mINFO[0m] [logger.py:120] └─ Completed: Parameter configuration (0.001s)
[2026-01-06 23:32:25] [[32mINFO[0m] [logger.py:120] Starting main loop...
[2026-01-06 23:32:54] [[32mINFO[0m] [logger.py:120] ┌─ Starting: Detection summary
[2026-01-06 23:32:54] [[32mINFO[0m] [logger.py:120] Total unique plates detected: 2
[2026-01-06 23:32:54] [[32mINFO[0m] [logger.py:120] 
============================================================
Plate           Times    Confidence   Vehicle
------------------------------------------------------------
0478            4        0.65         car
3678LFR         1        0.24         car
============================================================

[2026-01-06 23:32:54] [[32mINFO[0m] [logger.py:120] └─ Completed: Detection summary (0.001s)
[2026-01-06 23:32:54] [[32mINFO[0m] [logger.py:120] ┌─ Starting: System cleanup
[2026-01-06 23:32:54] [[32mINFO[0m] [logger.py:120] Stopping video stream...
[2026-01-06 23:32:54] [[32mINFO[0m] [logger.py:120] Closing windows...
[2026-01-06 23:32:54] [[32mINFO[0m] [logger.py:120] System closed successfully
[2026-01-06 23:32:54] [[32mINFO[0m] [logger.py:120] └─ Completed: System cleanup (0.015s)
[2026-01-06 23:42:45] [[32mINFO[0m] [logger.py:120] ┌─ Starting: Loading configuration
[2026-01-06 23:42:45] [[32mINFO[0m] [logger.py:120] Configuration loaded from: C:\Users\iibai\projects\CRAI\ai\src\config/config.yaml
[2026-01-06 23:42:45] [[32mINFO[0m] [logger.py:120] Loading from: C:\Users\iibai\projects\CRAI\ai\src\config/config.yaml
[2026-01-06 23:42:45] [[32mINFO[0m] [logger.py:120] └─ Completed: Loading configuration (0.006s)
[2026-01-06 23:42:45] [[32mINFO[0m] [logger.py:120] ┌─ Starting: System initialization
[2026-01-06 23:42:45] [[32mINFO[0m] [logger.py:120] 1. Starting camera...
[2026-01-06 23:42:45] [[32mINFO[0m] [logger.py:120] Intentando inicializar webcam en source=1...
[2026-01-06 23:42:51] [[32mINFO[0m] [logger.py:120] ✓ Camera 1 funciona correctamente
[2026-01-06 23:43:10] [[32mINFO[0m] [logger.py:120] ✓ Camera started successfully
[2026-01-06 23:43:10] [[32mINFO[0m] [logger.py:120] 2. Loading vehicle detector...
[2026-01-06 23:43:10] [[32mINFO[0m] [logger.py:120] Loading YOLO model: C:\Users\iibai\projects\CRAI\ai\src\models/yolov8n.pt
[2026-01-06 23:43:10] [[32mINFO[0m] [logger.py:120] Model loaded successfully with threshold=0.5
[2026-01-06 23:43:10] [[32mINFO[0m] [logger.py:120] 3. Loading license plate detector...
[2026-01-06 23:43:10] [[32mINFO[0m] [logger.py:120] Loading license plate model: C:\Users\iibai\projects\CRAI\ai\src\models/license_plate_detector.pt
[2026-01-06 23:43:10] [[32mINFO[0m] [logger.py:120] License plate model loaded successfully with threshold=0.3
[2026-01-06 23:43:10] [[32mINFO[0m] [logger.py:120] 4. Initializing OCR...
[2026-01-06 23:43:11] [[32mINFO[0m] [logger.py:120] Initializing EasyOCR with languages: ['en'], GPU: False
[2026-01-06 23:43:13] [[32mINFO[0m] [logger.py:120] EasyOCR loaded successfully
[2026-01-06 23:43:13] [[32mINFO[0m] [logger.py:120] └─ Completed: System initialization (27.554s)
[2026-01-06 23:43:13] [[32mINFO[0m] [logger.py:120] ┌─ Starting: Parameter configuration
[2026-01-06 23:43:13] [[32mINFO[0m] [logger.py:120] Window: CRAI - Car Registration AI
[2026-01-06 23:43:13] [[32mINFO[0m] [logger.py:120] OCR available: True
[2026-01-06 23:43:13] [[32mINFO[0m] [logger.py:120] OCR cache TTL: 30.0s
[2026-01-06 23:43:13] [[32mINFO[0m] [logger.py:120] └─ Completed: Parameter configuration (0.001s)
[2026-01-06 23:43:13] [[32mINFO[0m] [logger.py:120] Starting main loop...
[2026-01-06 23:44:03] [[32mINFO[0m] [logger.py:120] ┌─ Starting: Detection summary
[2026-01-06 23:44:03] [[32mINFO[0m] [logger.py:120] Total unique plates detected: 1
[2026-01-06 23:44:03] [[32mINFO[0m] [logger.py:120] 
============================================================
Plate           Times    Confidence   Vehicle
------------------------------------------------------------
2473LFZ         1        0.87         car
============================================================

[2026-01-06 23:44:03] [[32mINFO[0m] [logger.py:120] └─ Completed: Detection summary (0.001s)
[2026-01-06 23:44:03] [[32mINFO[0m] [logger.py:120] ┌─ Starting: System cleanup
[2026-01-06 23:44:03] [[32mINFO[0m] [logger.py:120] Stopping video stream...
[2026-01-06 23:44:03] [[32mINFO[0m] [logger.py:120] Closing windows...
[2026-01-06 23:44:03] [[32mINFO[0m] [logger.py:120] System closed successfully
[2026-01-06 23:44:03] [[32mINFO[0m] [logger.py:120] └─ Completed: System cleanup (0.017s)
[2026-01-06 23:46:23] [[32mINFO[0m] [logger.py:120] ┌─ Starting: Loading configuration
[2026-01-06 23:46:23] [[32mINFO[0m] [logger.py:120] Configuration loaded from: C:\Users\iibai\projects\CRAI\ai\src\config/config.yaml
[2026-01-06 23:46:23] [[32mINFO[0m] [logger.py:120] Loading from: C:\Users\iibai\projects\CRAI\ai\src\config/config.yaml
[2026-01-06 23:46:23] [[32mINFO[0m] [logger.py:120] └─ Completed: Loading configuration (0.007s)
[2026-01-06 23:46:23] [[32mINFO[0m] [logger.py:120] ┌─ Starting: System initialization
[2026-01-06 23:46:23] [[32mINFO[0m] [logger.py:120] 1. Starting camera...
[2026-01-06 23:46:23] [[32mINFO[0m] [logger.py:120] Intentando inicializar webcam en source=1...
[2026-01-06 23:46:29] [[32mINFO[0m] [logger.py:120] ✓ Camera 1 funciona correctamente
[2026-01-06 23:46:47] [[32mINFO[0m] [logger.py:120] ✓ Camera started successfully
[2026-01-06 23:46:47] [[32mINFO[0m] [logger.py:120] 2. Loading vehicle detector...
[2026-01-06 23:46:47] [[32mINFO[0m] [logger.py:120] Loading YOLO model: C:\Users\iibai\projects\CRAI\ai\src\models/yolov8n.pt
[2026-01-06 23:46:47] [[32mINFO[0m] [logger.py:120] Model loaded successfully with threshold=0.5
[2026-01-06 23:46:47] [[32mINFO[0m] [logger.py:120] 3. Loading license plate detector...
[2026-01-06 23:46:47] [[32mINFO[0m] [logger.py:120] Loading license plate model: C:\Users\iibai\projects\CRAI\ai\src\models/license_plate_detector.pt
[2026-01-06 23:46:47] [[32mINFO[0m] [logger.py:120] License plate model loaded successfully with threshold=0.3
[2026-01-06 23:46:47] [[32mINFO[0m] [logger.py:120] 4. Initializing OCR...
[2026-01-06 23:46:48] [[32mINFO[0m] [logger.py:120] Initializing EasyOCR with languages: ['en'], GPU: False
[2026-01-06 23:46:49] [[32mINFO[0m] [logger.py:120] EasyOCR loaded successfully
[2026-01-06 23:46:49] [[32mINFO[0m] [logger.py:120] └─ Completed: System initialization (26.835s)
[2026-01-06 23:46:49] [[32mINFO[0m] [logger.py:120] ┌─ Starting: Parameter configuration
[2026-01-06 23:46:49] [[32mINFO[0m] [logger.py:120] Window: CRAI - Car Registration AI
[2026-01-06 23:46:49] [[32mINFO[0m] [logger.py:120] OCR available: True
[2026-01-06 23:46:49] [[32mINFO[0m] [logger.py:120] OCR cache TTL: 30.0s
[2026-01-06 23:46:49] [[32mINFO[0m] [logger.py:120] └─ Completed: Parameter configuration (0.001s)
[2026-01-06 23:46:49] [[32mINFO[0m] [logger.py:120] Starting main loop...
[2026-01-06 23:46:53] [[32mINFO[0m] [logger.py:120] ┌─ Starting: Detection summary
[2026-01-06 23:46:53] [[33mWARNING[0m] [logger.py:124] No plates with valid text detected
[2026-01-06 23:46:53] [[32mINFO[0m] [logger.py:120] └─ Completed: Detection summary (0.001s)
[2026-01-06 23:46:53] [[32mINFO[0m] [logger.py:120] ┌─ Starting: System cleanup
[2026-01-06 23:46:53] [[32mINFO[0m] [logger.py:120] Stopping video stream...
[2026-01-06 23:46:53] [[32mINFO[0m] [logger.py:120] Closing windows...
[2026-01-06 23:46:53] [[32mINFO[0m] [logger.py:120] System closed successfully
[2026-01-06 23:46:53] [[32mINFO[0m] [logger.py:120] └─ Completed: System cleanup (0.016s)
[2026-01-06 23:47:18] [[32mINFO[0m] [logger.py:120] ┌─ Starting: Loading configuration
[2026-01-06 23:47:18] [[32mINFO[0m] [logger.py:120] Configuration loaded from: C:\Users\iibai\projects\CRAI\ai\src\config/config.yaml
[2026-01-06 23:47:18] [[32mINFO[0m] [logger.py:120] Loading from: C:\Users\iibai\projects\CRAI\ai\src\config/config.yaml
[2026-01-06 23:47:18] [[32mINFO[0m] [logger.py:120] └─ Completed: Loading configuration (0.007s)
[2026-01-06 23:47:18] [[32mINFO[0m] [logger.py:120] ┌─ Starting: System initialization
[2026-01-06 23:47:18] [[32mINFO[0m] [logger.py:120] 1. Starting camera...
[2026-01-06 23:47:18] [[32mINFO[0m] [logger.py:120] Intentando inicializar webcam en source=1...
[2026-01-06 23:47:24] [[32mINFO[0m] [logger.py:120] ✓ Camera 1 funciona correctamente
[2026-01-06 23:47:42] [[32mINFO[0m] [logger.py:120] ✓ Camera started successfully
[2026-01-06 23:47:42] [[32mINFO[0m] [logger.py:120] 2. Loading vehicle detector...
[2026-01-06 23:47:42] [[32mINFO[0m] [logger.py:120] Loading YOLO model: C:\Users\iibai\projects\CRAI\ai\src\models/yolov8n.pt
[2026-01-06 23:47:42] [[32mINFO[0m] [logger.py:120] Model loaded successfully with threshold=0.5
[2026-01-06 23:47:42] [[32mINFO[0m] [logger.py:120] 3. Loading license plate detector...
[2026-01-06 23:47:42] [[32mINFO[0m] [logger.py:120] Loading license plate model: C:\Users\iibai\projects\CRAI\ai\src\models/license_plate_detector.pt
[2026-01-06 23:47:42] [[32mINFO[0m] [logger.py:120] License plate model loaded successfully with threshold=0.3
[2026-01-06 23:47:42] [[32mINFO[0m] [logger.py:120] 4. Initializing OCR...
[2026-01-06 23:47:42] [[32mINFO[0m] [logger.py:120] Initializing EasyOCR with languages: ['en'], GPU: False
[2026-01-06 23:47:44] [[32mINFO[0m] [logger.py:120] EasyOCR loaded successfully
[2026-01-06 23:47:44] [[32mINFO[0m] [logger.py:120] └─ Completed: System initialization (26.550s)
[2026-01-06 23:47:44] [[32mINFO[0m] [logger.py:120] ┌─ Starting: Parameter configuration
[2026-01-06 23:47:44] [[32mINFO[0m] [logger.py:120] Window: CRAI - Car Registration AI
[2026-01-06 23:47:44] [[32mINFO[0m] [logger.py:120] OCR available: True
[2026-01-06 23:47:44] [[32mINFO[0m] [logger.py:120] OCR cache TTL: 30.0s
[2026-01-06 23:47:44] [[32mINFO[0m] [logger.py:120] └─ Completed: Parameter configuration (0.001s)
[2026-01-06 23:47:44] [[32mINFO[0m] [logger.py:120] Starting main loop...
[2026-01-06 23:48:23] [[32mINFO[0m] [logger.py:120] ┌─ Starting: Detection summary
[2026-01-06 23:48:23] [[33mWARNING[0m] [logger.py:124] No plates with valid text detected
[2026-01-06 23:48:23] [[32mINFO[0m] [logger.py:120] └─ Completed: Detection summary (0.001s)
[2026-01-06 23:48:23] [[32mINFO[0m] [logger.py:120] ┌─ Starting: System cleanup
[2026-01-06 23:48:23] [[32mINFO[0m] [logger.py:120] Stopping video stream...
[2026-01-06 23:48:23] [[32mINFO[0m] [logger.py:120] Closing windows...
[2026-01-06 23:48:23] [[32mINFO[0m] [logger.py:120] System closed successfully
[2026-01-06 23:48:23] [[32mINFO[0m] [logger.py:120] └─ Completed: System cleanup (0.010s)
[2026-01-07 08:15:56] [[32mINFO[0m] [logger.py:120] ┌─ Starting: Loading configuration
[2026-01-07 08:15:56] [[32mINFO[0m] [logger.py:120] Configuration loaded from: C:\Users\iibai\projects\CRAI\ai\src\config/config.yaml
[2026-01-07 08:15:56] [[32mINFO[0m] [logger.py:120] Loading from: C:\Users\iibai\projects\CRAI\ai\src\config/config.yaml
[2026-01-07 08:15:56] [[32mINFO[0m] [logger.py:120] └─ Completed: Loading configuration (0.017s)
[2026-01-07 08:15:56] [[32mINFO[0m] [logger.py:120] ┌─ Starting: System initialization
[2026-01-07 08:15:56] [[32mINFO[0m] [logger.py:120] 1. Starting camera...
[2026-01-07 08:15:56] [[32mINFO[0m] [logger.py:120] Intentando inicializar webcam en source=1...
[2026-01-07 08:16:02] [[32mINFO[0m] [logger.py:120] ✓ Camera 1 funciona correctamente
[2026-01-07 08:16:18] [[32mINFO[0m] [logger.py:120] ✓ Camera started successfully
[2026-01-07 08:16:18] [[32mINFO[0m] [logger.py:120] 2. Loading vehicle detector...
[2026-01-07 08:16:18] [[32mINFO[0m] [logger.py:120] Loading YOLO model: C:\Users\iibai\projects\CRAI\ai\src\models/yolov8n.pt
[2026-01-07 08:16:18] [[32mINFO[0m] [logger.py:120] Model loaded successfully with threshold=0.5
[2026-01-07 08:16:18] [[32mINFO[0m] [logger.py:120] 3. Loading license plate detector...
[2026-01-07 08:16:18] [[32mINFO[0m] [logger.py:120] Loading license plate model: C:\Users\iibai\projects\CRAI\ai\src\models/license_plate_detector.pt
[2026-01-07 08:16:18] [[32mINFO[0m] [logger.py:120] License plate model loaded successfully with threshold=0.3
[2026-01-07 08:16:18] [[32mINFO[0m] [logger.py:120] 4. Initializing OCR...
[2026-01-07 08:16:21] [[32mINFO[0m] [logger.py:120] Initializing EasyOCR with languages: ['en'], GPU: False
[2026-01-07 08:16:22] [[32mINFO[0m] [logger.py:120] EasyOCR loaded successfully
[2026-01-07 08:16:22] [[32mINFO[0m] [logger.py:120] └─ Completed: System initialization (26.274s)
[2026-01-07 08:16:22] [[32mINFO[0m] [logger.py:120] ┌─ Starting: Parameter configuration
[2026-01-07 08:16:22] [[32mINFO[0m] [logger.py:120] Window: CRAI - Car Registration AI
[2026-01-07 08:16:22] [[32mINFO[0m] [logger.py:120] OCR available: True
[2026-01-07 08:16:22] [[32mINFO[0m] [logger.py:120] OCR cache TTL: 30.0s
[2026-01-07 08:16:22] [[32mINFO[0m] [logger.py:120] └─ Completed: Parameter configuration (0.001s)
[2026-01-07 08:16:22] [[32mINFO[0m] [logger.py:120] Starting main loop...
[2026-01-07 08:18:07] [[32mINFO[0m] [logger.py:120] 
[Ctrl+C] Keyboard interrupt received
[2026-01-07 08:18:07] [[32mINFO[0m] [logger.py:120] ┌─ Starting: Detection summary
[2026-01-07 08:18:07] [[33mWARNING[0m] [logger.py:124] No plates with valid text detected
[2026-01-07 08:18:07] [[32mINFO[0m] [logger.py:120] └─ Completed: Detection summary (0.000s)
[2026-01-07 08:18:07] [[32mINFO[0m] [logger.py:120] ┌─ Starting: System cleanup
[2026-01-07 08:18:07] [[32mINFO[0m] [logger.py:120] Stopping video stream...
[2026-01-07 08:18:07] [[32mINFO[0m] [logger.py:120] Closing windows...
[2026-01-07 08:18:07] [[32mINFO[0m] [logger.py:120] System closed successfully
[2026-01-07 08:18:07] [[32mINFO[0m] [logger.py:120] └─ Completed: System cleanup (0.008s)
[2026-01-07 08:18:22] [[32mINFO[0m] [logger.py:120] ┌─ Starting: Loading configuration
[2026-01-07 08:18:22] [[32mINFO[0m] [logger.py:120] Configuration loaded from: C:\Users\iibai\projects\CRAI\ai\src\config/config.yaml
[2026-01-07 08:18:22] [[32mINFO[0m] [logger.py:120] Loading from: C:\Users\iibai\projects\CRAI\ai\src\config/config.yaml
[2026-01-07 08:18:22] [[32mINFO[0m] [logger.py:120] └─ Completed: Loading configuration (0.006s)
[2026-01-07 08:18:22] [[32mINFO[0m] [logger.py:120] ┌─ Starting: System initialization
[2026-01-07 08:18:22] [[32mINFO[0m] [logger.py:120] 1. Starting camera...
[2026-01-07 08:18:22] [[32mINFO[0m] [logger.py:120] Intentando inicializar webcam en source=1...
[2026-01-07 08:18:28] [[32mINFO[0m] [logger.py:120] ✓ Camera 1 funciona correctamente
[2026-01-07 08:18:44] [[32mINFO[0m] [logger.py:120] ✓ Camera started successfully
[2026-01-07 08:18:44] [[32mINFO[0m] [logger.py:120] 2. Loading vehicle detector...
[2026-01-07 08:18:44] [[32mINFO[0m] [logger.py:120] Loading YOLO model: C:\Users\iibai\projects\CRAI\ai\src\models/yolov8n.pt
[2026-01-07 08:18:44] [[32mINFO[0m] [logger.py:120] Model loaded successfully with threshold=0.5
[2026-01-07 08:18:44] [[32mINFO[0m] [logger.py:120] 3. Loading license plate detector...
[2026-01-07 08:18:44] [[32mINFO[0m] [logger.py:120] Loading license plate model: C:\Users\iibai\projects\CRAI\ai\src\models/license_plate_detector.pt
[2026-01-07 08:18:44] [[32mINFO[0m] [logger.py:120] License plate model loaded successfully with threshold=0.3
[2026-01-07 08:18:44] [[32mINFO[0m] [logger.py:120] 4. Initializing OCR...
[2026-01-07 08:18:44] [[32mINFO[0m] [logger.py:120] Initializing EasyOCR with languages: ['en'], GPU: False
[2026-01-07 08:18:45] [[32mINFO[0m] [logger.py:120] EasyOCR loaded successfully
[2026-01-07 08:18:45] [[32mINFO[0m] [logger.py:120] └─ Completed: System initialization (23.393s)
[2026-01-07 08:18:45] [[32mINFO[0m] [logger.py:120] ┌─ Starting: Parameter configuration
[2026-01-07 08:18:45] [[32mINFO[0m] [logger.py:120] Window: CRAI - Car Registration AI
[2026-01-07 08:18:45] [[32mINFO[0m] [logger.py:120] OCR available: True
[2026-01-07 08:18:45] [[32mINFO[0m] [logger.py:120] OCR cache TTL: 30.0s
[2026-01-07 08:18:45] [[32mINFO[0m] [logger.py:120] └─ Completed: Parameter configuration (0.001s)
[2026-01-07 08:18:45] [[32mINFO[0m] [logger.py:120] Starting main loop...
[2026-01-07 08:19:24] [[32mINFO[0m] [logger.py:120] ┌─ Starting: Detection summary
[2026-01-07 08:19:24] [[33mWARNING[0m] [logger.py:124] No plates with valid text detected
[2026-01-07 08:19:24] [[32mINFO[0m] [logger.py:120] └─ Completed: Detection summary (0.001s)
[2026-01-07 08:19:24] [[32mINFO[0m] [logger.py:120] ┌─ Starting: System cleanup
[2026-01-07 08:19:24] [[32mINFO[0m] [logger.py:120] Stopping video stream...
[2026-01-07 08:19:24] [[32mINFO[0m] [logger.py:120] Closing windows...
[2026-01-07 08:19:24] [[32mINFO[0m] [logger.py:120] System closed successfully
[2026-01-07 08:19:24] [[32mINFO[0m] [logger.py:120] └─ Completed: System cleanup (0.010s)
[2026-01-07 08:19:38] [[32mINFO[0m] [logger.py:120] ┌─ Starting: Loading configuration
[2026-01-07 08:19:38] [[32mINFO[0m] [logger.py:120] Configuration loaded from: C:\Users\iibai\projects\CRAI\ai\src\config/config.yaml
[2026-01-07 08:19:38] [[32mINFO[0m] [logger.py:120] Loading from: C:\Users\iibai\projects\CRAI\ai\src\config/config.yaml
[2026-01-07 08:19:38] [[32mINFO[0m] [logger.py:120] └─ Completed: Loading configuration (0.006s)
[2026-01-07 08:19:38] [[32mINFO[0m] [logger.py:120] ┌─ Starting: System initialization
[2026-01-07 08:19:38] [[32mINFO[0m] [logger.py:120] 1. Starting camera...
[2026-01-07 08:19:38] [[32mINFO[0m] [logger.py:120] Intentando inicializar webcam en source=1...
[2026-01-07 08:19:44] [[32mINFO[0m] [logger.py:120] ✓ Camera 1 funciona correctamente
[2026-01-07 08:20:00] [[32mINFO[0m] [logger.py:120] ✓ Camera started successfully
[2026-01-07 08:20:00] [[32mINFO[0m] [logger.py:120] 2. Loading vehicle detector...
[2026-01-07 08:20:00] [[32mINFO[0m] [logger.py:120] Loading YOLO model: C:\Users\iibai\projects\CRAI\ai\src\models/yolov8n.pt
[2026-01-07 08:20:00] [[32mINFO[0m] [logger.py:120] Model loaded successfully with threshold=0.5
[2026-01-07 08:20:00] [[32mINFO[0m] [logger.py:120] 3. Loading license plate detector...
[2026-01-07 08:20:00] [[32mINFO[0m] [logger.py:120] Loading license plate model: C:\Users\iibai\projects\CRAI\ai\src\models/license_plate_detector.pt
[2026-01-07 08:20:00] [[32mINFO[0m] [logger.py:120] License plate model loaded successfully with threshold=0.3
[2026-01-07 08:20:00] [[32mINFO[0m] [logger.py:120] 4. Initializing OCR...
[2026-01-07 08:20:01] [[32mINFO[0m] [logger.py:120] Initializing EasyOCR with languages: ['en'], GPU: False
[2026-01-07 08:20:02] [[32mINFO[0m] [logger.py:120] EasyOCR loaded successfully
[2026-01-07 08:20:02] [[32mINFO[0m] [logger.py:120] └─ Completed: System initialization (23.732s)
[2026-01-07 08:20:02] [[32mINFO[0m] [logger.py:120] ┌─ Starting: Parameter configuration
[2026-01-07 08:20:02] [[32mINFO[0m] [logger.py:120] Window: CRAI - Car Registration AI
[2026-01-07 08:20:02] [[32mINFO[0m] [logger.py:120] OCR available: True
[2026-01-07 08:20:02] [[32mINFO[0m] [logger.py:120] OCR cache TTL: 30.0s
[2026-01-07 08:20:02] [[32mINFO[0m] [logger.py:120] └─ Completed: Parameter configuration (0.001s)
[2026-01-07 08:20:02] [[32mINFO[0m] [logger.py:120] Starting main loop...
[2026-01-07 08:23:17] [[32mINFO[0m] [logger.py:120] ┌─ Starting: Loading configuration
[2026-01-07 08:23:17] [[32mINFO[0m] [logger.py:120] Configuration loaded from: C:\Users\iibai\projects\CRAI\ai\src\config/config.yaml
[2026-01-07 08:23:17] [[32mINFO[0m] [logger.py:120] Loading from: C:\Users\iibai\projects\CRAI\ai\src\config/config.yaml
[2026-01-07 08:23:17] [[32mINFO[0m] [logger.py:120] └─ Completed: Loading configuration (0.008s)
[2026-01-07 08:23:17] [[32mINFO[0m] [logger.py:120] ┌─ Starting: System initialization
[2026-01-07 08:23:17] [[32mINFO[0m] [logger.py:120] 1. Starting camera...
[2026-01-07 08:23:17] [[32mINFO[0m] [logger.py:120] Intentando inicializar webcam en source=1...
[2026-01-07 08:23:19] [[32mINFO[0m] [logger.py:120] ✓ Camera 1 funciona correctamente
[2026-01-07 08:23:21] [[32mINFO[0m] [logger.py:120] ✓ Camera started successfully
[2026-01-07 08:23:21] [[32mINFO[0m] [logger.py:120] 2. Loading vehicle detector...
[2026-01-07 08:23:21] [[32mINFO[0m] [logger.py:120] Loading YOLO model: C:\Users\iibai\projects\CRAI\ai\src\models/yolov8n.pt
[2026-01-07 08:23:21] [[32mINFO[0m] [logger.py:120] Model loaded successfully with threshold=0.5
[2026-01-07 08:23:21] [[32mINFO[0m] [logger.py:120] 3. Loading license plate detector...
[2026-01-07 08:23:21] [[32mINFO[0m] [logger.py:120] Loading license plate model: C:\Users\iibai\projects\CRAI\ai\src\models/license_plate_detector.pt
[2026-01-07 08:23:21] [[32mINFO[0m] [logger.py:120] License plate model loaded successfully with threshold=0.3
[2026-01-07 08:23:21] [[32mINFO[0m] [logger.py:120] 4. Initializing OCR...
[2026-01-07 08:23:21] [[32mINFO[0m] [logger.py:120] Initializing EasyOCR with languages: ['en'], GPU: False
[2026-01-07 08:23:24] [[32mINFO[0m] [logger.py:120] EasyOCR loaded successfully
[2026-01-07 08:23:24] [[32mINFO[0m] [logger.py:120] └─ Completed: System initialization (6.344s)
[2026-01-07 08:23:24] [[32mINFO[0m] [logger.py:120] ┌─ Starting: Parameter configuration
[2026-01-07 08:23:24] [[32mINFO[0m] [logger.py:120] Window: CRAI - Car Registration AI
[2026-01-07 08:23:24] [[32mINFO[0m] [logger.py:120] OCR available: True
[2026-01-07 08:23:24] [[32mINFO[0m] [logger.py:120] OCR cache TTL: 30.0s
[2026-01-07 08:23:24] [[32mINFO[0m] [logger.py:120] └─ Completed: Parameter configuration (0.001s)
[2026-01-07 08:23:24] [[32mINFO[0m] [logger.py:120] Starting main loop...
[2026-01-07 08:23:39] [[32mINFO[0m] [logger.py:120] ┌─ Starting: Detection summary
[2026-01-07 08:23:39] [[33mWARNING[0m] [logger.py:124] No plates with valid text detected
[2026-01-07 08:23:39] [[32mINFO[0m] [logger.py:120] └─ Completed: Detection summary (0.001s)
[2026-01-07 08:23:39] [[32mINFO[0m] [logger.py:120] ┌─ Starting: System cleanup
[2026-01-07 08:23:39] [[32mINFO[0m] [logger.py:120] Stopping video stream...
[2026-01-07 08:23:40] [[32mINFO[0m] [logger.py:120] Closing windows...
[2026-01-07 08:23:40] [[32mINFO[0m] [logger.py:120] System closed successfully
[2026-01-07 08:23:40] [[32mINFO[0m] [logger.py:120] └─ Completed: System cleanup (0.546s)
[2026-01-07 08:24:33] [[32mINFO[0m] [logger.py:120] ┌─ Starting: Loading configuration
[2026-01-07 08:24:33] [[32mINFO[0m] [logger.py:120] Configuration loaded from: C:\Users\iibai\projects\CRAI\ai\src\config/config.yaml
[2026-01-07 08:24:33] [[32mINFO[0m] [logger.py:120] Loading from: C:\Users\iibai\projects\CRAI\ai\src\config/config.yaml
[2026-01-07 08:24:33] [[32mINFO[0m] [logger.py:120] └─ Completed: Loading configuration (0.007s)
[2026-01-07 08:24:33] [[32mINFO[0m] [logger.py:120] ┌─ Starting: System initialization
[2026-01-07 08:24:33] [[32mINFO[0m] [logger.py:120] 1. Starting camera...
[2026-01-07 08:24:33] [[32mINFO[0m] [logger.py:120] Intentando inicializar webcam en source=1...
[2026-01-07 08:24:34] [[32mINFO[0m] [logger.py:120] ✓ Camera 1 funciona correctamente
[2026-01-07 08:24:36] [[32mINFO[0m] [logger.py:120] ✓ Camera started successfully
[2026-01-07 08:24:36] [[32mINFO[0m] [logger.py:120] 2. Loading vehicle detector...
[2026-01-07 08:24:36] [[32mINFO[0m] [logger.py:120] Loading YOLO model: C:\Users\iibai\projects\CRAI\ai\src\models/yolov8n.pt
[2026-01-07 08:24:36] [[32mINFO[0m] [logger.py:120] Model loaded successfully with threshold=0.5
[2026-01-07 08:24:36] [[32mINFO[0m] [logger.py:120] 3. Loading license plate detector...
[2026-01-07 08:24:36] [[32mINFO[0m] [logger.py:120] Loading license plate model: C:\Users\iibai\projects\CRAI\ai\src\models/license_plate_detector.pt
[2026-01-07 08:24:36] [[32mINFO[0m] [logger.py:120] License plate model loaded successfully with threshold=0.3
[2026-01-07 08:24:36] [[32mINFO[0m] [logger.py:120] 4. Initializing OCR...
[2026-01-07 08:24:37] [[32mINFO[0m] [logger.py:120] Initializing EasyOCR with languages: ['en'], GPU: False
[2026-01-07 08:24:38] [[32mINFO[0m] [logger.py:120] EasyOCR loaded successfully
[2026-01-07 08:24:38] [[32mINFO[0m] [logger.py:120] └─ Completed: System initialization (5.264s)
[2026-01-07 08:24:38] [[32mINFO[0m] [logger.py:120] ┌─ Starting: Parameter configuration
[2026-01-07 08:24:38] [[32mINFO[0m] [logger.py:120] Window: CRAI - Car Registration AI
[2026-01-07 08:24:38] [[32mINFO[0m] [logger.py:120] OCR available: True
[2026-01-07 08:24:38] [[32mINFO[0m] [logger.py:120] OCR cache TTL: 30.0s
[2026-01-07 08:24:38] [[32mINFO[0m] [logger.py:120] └─ Completed: Parameter configuration (0.001s)
[2026-01-07 08:24:38] [[32mINFO[0m] [logger.py:120] Starting main loop...
[2026-01-07 08:24:40] [[32mINFO[0m] [logger.py:120] ┌─ Starting: Detection summary
[2026-01-07 08:24:40] [[33mWARNING[0m] [logger.py:124] No plates with valid text detected
[2026-01-07 08:24:40] [[32mINFO[0m] [logger.py:120] └─ Completed: Detection summary (0.001s)
[2026-01-07 08:24:40] [[32mINFO[0m] [logger.py:120] ┌─ Starting: System cleanup
[2026-01-07 08:24:40] [[32mINFO[0m] [logger.py:120] Stopping video stream...
[2026-01-07 08:24:41] [[32mINFO[0m] [logger.py:120] Closing windows...
[2026-01-07 08:24:41] [[32mINFO[0m] [logger.py:120] System closed successfully
[2026-01-07 08:24:41] [[32mINFO[0m] [logger.py:120] └─ Completed: System cleanup (0.539s)
[2026-01-07 08:26:07] [[32mINFO[0m] [logger.py:120] ┌─ Starting: Loading configuration
[2026-01-07 08:26:07] [[32mINFO[0m] [logger.py:120] Configuration loaded from: C:\Users\iibai\projects\CRAI\ai\src\config/config.yaml
[2026-01-07 08:26:07] [[32mINFO[0m] [logger.py:120] Loading from: C:\Users\iibai\projects\CRAI\ai\src\config/config.yaml
[2026-01-07 08:26:07] [[32mINFO[0m] [logger.py:120] └─ Completed: Loading configuration (0.021s)
[2026-01-07 08:26:07] [[32mINFO[0m] [logger.py:120] ┌─ Starting: System initialization
[2026-01-07 08:26:07] [[32mINFO[0m] [logger.py:120] 1. Starting camera...
[2026-01-07 08:26:07] [[32mINFO[0m] [logger.py:120] Intentando inicializar webcam en source=1...
[2026-01-07 08:26:13] [[32mINFO[0m] [logger.py:120] ✓ Camera 1 funciona correctamente
[2026-01-07 08:26:29] [[32mINFO[0m] [logger.py:120] ✓ Camera started successfully
[2026-01-07 08:26:29] [[32mINFO[0m] [logger.py:120] 2. Loading vehicle detector...
[2026-01-07 08:26:29] [[32mINFO[0m] [logger.py:120] Loading YOLO model: C:\Users\iibai\projects\CRAI\ai\src\models/yolov8n.pt
[2026-01-07 08:26:29] [[32mINFO[0m] [logger.py:120] Model loaded successfully with threshold=0.5
[2026-01-07 08:26:29] [[32mINFO[0m] [logger.py:120] 3. Loading license plate detector...
[2026-01-07 08:26:29] [[32mINFO[0m] [logger.py:120] Loading license plate model: C:\Users\iibai\projects\CRAI\ai\src\models/license_plate_detector.pt
[2026-01-07 08:26:29] [[32mINFO[0m] [logger.py:120] License plate model loaded successfully with threshold=0.3
[2026-01-07 08:26:29] [[32mINFO[0m] [logger.py:120] 4. Initializing OCR...
[2026-01-07 08:26:31] [[32mINFO[0m] [logger.py:120] Initializing EasyOCR with languages: ['en'], GPU: False
[2026-01-07 08:26:33] [[32mINFO[0m] [logger.py:120] EasyOCR loaded successfully
[2026-01-07 08:26:33] [[32mINFO[0m] [logger.py:120] └─ Completed: System initialization (25.641s)
[2026-01-07 08:26:33] [[32mINFO[0m] [logger.py:120] ┌─ Starting: Parameter configuration
[2026-01-07 08:26:33] [[32mINFO[0m] [logger.py:120] Window: CRAI - Car Registration AI
[2026-01-07 08:26:33] [[32mINFO[0m] [logger.py:120] OCR available: True
[2026-01-07 08:26:33] [[32mINFO[0m] [logger.py:120] OCR cache TTL: 30.0s
[2026-01-07 08:26:33] [[32mINFO[0m] [logger.py:120] └─ Completed: Parameter configuration (0.001s)
[2026-01-07 08:26:33] [[32mINFO[0m] [logger.py:120] Starting main loop...
[2026-01-07 08:31:22] [[32mINFO[0m] [logger.py:120] ┌─ Starting: Loading configuration
[2026-01-07 08:31:22] [[32mINFO[0m] [logger.py:120] Configuration loaded from: C:\Users\iibai\projects\CRAI\ai\src\config/config.yaml
[2026-01-07 08:31:22] [[32mINFO[0m] [logger.py:120] Loading from: C:\Users\iibai\projects\CRAI\ai\src\config/config.yaml
[2026-01-07 08:31:22] [[32mINFO[0m] [logger.py:120] └─ Completed: Loading configuration (0.029s)
[2026-01-07 08:31:22] [[32mINFO[0m] [logger.py:120] ┌─ Starting: System initialization
[2026-01-07 08:31:22] [[32mINFO[0m] [logger.py:120] 1. Starting camera...
[2026-01-07 08:31:22] [[32mINFO[0m] [logger.py:120] Intentando inicializar webcam en source=1...
[2026-01-07 08:31:39] [[32mINFO[0m] [logger.py:120] ✓ Camera 1 funciona correctamente
[2026-01-07 08:32:38] [[32mINFO[0m] [logger.py:120] ✓ Camera started successfully
[2026-01-07 08:32:38] [[32mINFO[0m] [logger.py:120] 2. Loading vehicle detector...
[2026-01-07 08:32:38] [[32mINFO[0m] [logger.py:120] Loading YOLO model: C:\Users\iibai\projects\CRAI\ai\src\models/yolov8n.pt
[2026-01-07 08:32:38] [[32mINFO[0m] [logger.py:120] Model loaded successfully with threshold=0.5
[2026-01-07 08:32:38] [[32mINFO[0m] [logger.py:120] 3. Loading license plate detector...
[2026-01-07 08:32:38] [[32mINFO[0m] [logger.py:120] Loading license plate model: C:\Users\iibai\projects\CRAI\ai\src\models/license_plate_detector.pt
[2026-01-07 08:32:39] [[32mINFO[0m] [logger.py:120] License plate model loaded successfully with threshold=0.3
[2026-01-07 08:32:39] [[32mINFO[0m] [logger.py:120] 4. Initializing OCR...
[2026-01-07 08:32:40] [[32mINFO[0m] [logger.py:120] Initializing EasyOCR with languages: ['en'], GPU: False
[2026-01-07 08:32:46] [[32mINFO[0m] [logger.py:120] EasyOCR loaded successfully
[2026-01-07 08:32:46] [[32mINFO[0m] [logger.py:120] └─ Completed: System initialization (83.605s)
[2026-01-07 08:32:46] [[32mINFO[0m] [logger.py:120] ┌─ Starting: Parameter configuration
[2026-01-07 08:32:46] [[32mINFO[0m] [logger.py:120] Window: CRAI - Car Registration AI
[2026-01-07 08:32:46] [[32mINFO[0m] [logger.py:120] OCR available: True
[2026-01-07 08:32:46] [[32mINFO[0m] [logger.py:120] OCR cache TTL: 30.0s
[2026-01-07 08:32:46] [[32mINFO[0m] [logger.py:120] └─ Completed: Parameter configuration (0.002s)
[2026-01-07 08:32:46] [[32mINFO[0m] [logger.py:120] Starting main loop...
[2026-01-07 08:33:33] [[32mINFO[0m] [logger.py:120] 
[Ctrl+C] Keyboard interrupt received
[2026-01-07 08:33:33] [[32mINFO[0m] [logger.py:120] ┌─ Starting: Detection summary
[2026-01-07 08:33:33] [[33mWARNING[0m] [logger.py:124] No plates with valid text detected
[2026-01-07 08:33:33] [[32mINFO[0m] [logger.py:120] └─ Completed: Detection summary (0.001s)
[2026-01-07 08:33:33] [[32mINFO[0m] [logger.py:120] ┌─ Starting: System cleanup
[2026-01-07 08:33:33] [[32mINFO[0m] [logger.py:120] Stopping video stream...
[2026-01-07 08:33:33] [[32mINFO[0m] [logger.py:120] Closing windows...
[2026-01-07 08:33:33] [[32mINFO[0m] [logger.py:120] System closed successfully
[2026-01-07 08:33:33] [[32mINFO[0m] [logger.py:120] └─ Completed: System cleanup (0.004s)
[2026-01-07 08:36:43] [[32mINFO[0m] [logger.py:120] ┌─ Starting: Loading configuration
[2026-01-07 08:36:43] [[32mINFO[0m] [logger.py:120] Configuration loaded from: C:\Users\iibai\projects\CRAI\ai\src\config/config.yaml
[2026-01-07 08:36:43] [[32mINFO[0m] [logger.py:120] Loading from: C:\Users\iibai\projects\CRAI\ai\src\config/config.yaml
[2026-01-07 08:36:43] [[32mINFO[0m] [logger.py:120] └─ Completed: Loading configuration (0.006s)
[2026-01-07 08:36:43] [[32mINFO[0m] [logger.py:120] ┌─ Starting: System initialization
[2026-01-07 08:36:43] [[32mINFO[0m] [logger.py:120] 1. Starting camera...
[2026-01-07 08:36:43] [[32mINFO[0m] [logger.py:120] Intentando inicializar webcam en source=1...
[2026-01-07 08:36:43] [[33mWARNING[0m] [logger.py:124] ✗ Camera 1 no disponible, buscando alternativas...
[2026-01-07 08:36:43] [[32mINFO[0m] [logger.py:120] Scanning for available cameras (0-5)...
[2026-01-07 08:36:44] [[32mINFO[0m] [logger.py:120]   ✓ Camera 0 available
[2026-01-07 08:36:46] [[32mINFO[0m] [logger.py:120] ✓ Usando camera 0 en su lugar
[2026-01-07 08:36:49] [[32mINFO[0m] [logger.py:120] ✓ Camera started successfully
[2026-01-07 08:36:49] [[32mINFO[0m] [logger.py:120] 2. Loading vehicle detector...
[2026-01-07 08:36:49] [[32mINFO[0m] [logger.py:120] Loading YOLO model: C:\Users\iibai\projects\CRAI\ai\src\models/yolov8n.pt
[2026-01-07 08:36:49] [[32mINFO[0m] [logger.py:120] Model loaded successfully with threshold=0.5
[2026-01-07 08:36:49] [[32mINFO[0m] [logger.py:120] 3. Loading license plate detector...
[2026-01-07 08:36:49] [[32mINFO[0m] [logger.py:120] Loading license plate model: C:\Users\iibai\projects\CRAI\ai\src\models/license_plate_detector.pt
[2026-01-07 08:36:49] [[32mINFO[0m] [logger.py:120] License plate model loaded successfully with threshold=0.3
[2026-01-07 08:36:49] [[32mINFO[0m] [logger.py:120] 4. Initializing OCR...
[2026-01-07 08:36:49] [[32mINFO[0m] [logger.py:120] Initializing EasyOCR with languages: ['en'], GPU: False
[2026-01-07 08:36:51] [[32mINFO[0m] [logger.py:120] EasyOCR loaded successfully
[2026-01-07 08:36:51] [[32mINFO[0m] [logger.py:120] └─ Completed: System initialization (8.069s)
[2026-01-07 08:36:51] [[32mINFO[0m] [logger.py:120] ┌─ Starting: Parameter configuration
[2026-01-07 08:36:51] [[32mINFO[0m] [logger.py:120] Window: CRAI - Car Registration AI
[2026-01-07 08:36:51] [[32mINFO[0m] [logger.py:120] OCR available: True
[2026-01-07 08:36:51] [[32mINFO[0m] [logger.py:120] └─ Completed: Parameter configuration (0.001s)
[2026-01-07 08:36:51] [[32mINFO[0m] [logger.py:120] Starting main loop...
[2026-01-07 08:36:52] [[32mINFO[0m] [logger.py:120] ┌─ Starting: Detection summary
[2026-01-07 08:36:52] [[33mWARNING[0m] [logger.py:124] No plates with valid text detected
[2026-01-07 08:36:52] [[32mINFO[0m] [logger.py:120] └─ Completed: Detection summary (0.001s)
[2026-01-07 08:36:52] [[32mINFO[0m] [logger.py:120] ┌─ Starting: System cleanup
[2026-01-07 08:36:52] [[32mINFO[0m] [logger.py:120] Stopping video stream...
[2026-01-07 08:36:52] [[32mINFO[0m] [logger.py:120] Closing windows...
[2026-01-07 08:36:52] [[32mINFO[0m] [logger.py:120] System closed successfully
[2026-01-07 08:36:52] [[32mINFO[0m] [logger.py:120] └─ Completed: System cleanup (0.010s)
[2026-01-07 08:37:12] [[32mINFO[0m] [logger.py:120] ┌─ Starting: Loading configuration
[2026-01-07 08:37:12] [[32mINFO[0m] [logger.py:120] Configuration loaded from: C:\Users\iibai\projects\CRAI\ai\src\config/config.yaml
[2026-01-07 08:37:12] [[32mINFO[0m] [logger.py:120] Loading from: C:\Users\iibai\projects\CRAI\ai\src\config/config.yaml
[2026-01-07 08:37:12] [[32mINFO[0m] [logger.py:120] └─ Completed: Loading configuration (0.006s)
[2026-01-07 08:37:12] [[32mINFO[0m] [logger.py:120] ┌─ Starting: System initialization
[2026-01-07 08:37:12] [[32mINFO[0m] [logger.py:120] 1. Starting camera...
[2026-01-07 08:37:12] [[32mINFO[0m] [logger.py:120] Intentando inicializar webcam en source=1...
[2026-01-07 08:37:18] [[32mINFO[0m] [logger.py:120] ✓ Camera 1 funciona correctamente
[2026-01-07 08:37:34] [[32mINFO[0m] [logger.py:120] ✓ Camera started successfully
[2026-01-07 08:37:34] [[32mINFO[0m] [logger.py:120] 2. Loading vehicle detector...
[2026-01-07 08:37:34] [[32mINFO[0m] [logger.py:120] Loading YOLO model: C:\Users\iibai\projects\CRAI\ai\src\models/yolov8n.pt
[2026-01-07 08:37:34] [[32mINFO[0m] [logger.py:120] Model loaded successfully with threshold=0.5
[2026-01-07 08:37:34] [[32mINFO[0m] [logger.py:120] 3. Loading license plate detector...
[2026-01-07 08:37:34] [[32mINFO[0m] [logger.py:120] Loading license plate model: C:\Users\iibai\projects\CRAI\ai\src\models/license_plate_detector.pt
[2026-01-07 08:37:34] [[32mINFO[0m] [logger.py:120] License plate model loaded successfully with threshold=0.3
[2026-01-07 08:37:34] [[32mINFO[0m] [logger.py:120] 4. Initializing OCR...
[2026-01-07 08:37:34] [[32mINFO[0m] [logger.py:120] Initializing EasyOCR with languages: ['en'], GPU: False
[2026-01-07 08:37:36] [[32mINFO[0m] [logger.py:120] EasyOCR loaded successfully
[2026-01-07 08:37:36] [[32mINFO[0m] [logger.py:120] └─ Completed: System initialization (23.423s)
[2026-01-07 08:37:36] [[32mINFO[0m] [logger.py:120] ┌─ Starting: Parameter configuration
[2026-01-07 08:37:36] [[32mINFO[0m] [logger.py:120] Window: CRAI - Car Registration AI
[2026-01-07 08:37:36] [[32mINFO[0m] [logger.py:120] OCR available: True
[2026-01-07 08:37:36] [[32mINFO[0m] [logger.py:120] └─ Completed: Parameter configuration (0.001s)
[2026-01-07 08:37:36] [[32mINFO[0m] [logger.py:120] Starting main loop...
[2026-01-07 08:42:33] [[32mINFO[0m] [logger.py:120] 
[Ctrl+C] Keyboard interrupt received
[2026-01-07 08:42:33] [[32mINFO[0m] [logger.py:120] ┌─ Starting: Detection summary
[2026-01-07 08:42:33] [[32mINFO[0m] [logger.py:120] Total unique plates detected: 4
[2026-01-07 08:42:33] [[32mINFO[0m] [logger.py:120] 
============================================================
Plate           Times    Confidence   Vehicle
------------------------------------------------------------
SPEED           5        0.97         bus
5649JSN         2        0.99         bus
SPEEC           1        0.70         bus
SREED           1        0.81         bus
============================================================

[2026-01-07 08:42:33] [[32mINFO[0m] [logger.py:120] └─ Completed: Detection summary (0.001s)
[2026-01-07 08:42:33] [[32mINFO[0m] [logger.py:120] ┌─ Starting: System cleanup
[2026-01-07 08:42:33] [[32mINFO[0m] [logger.py:120] Stopping video stream...
[2026-01-07 08:42:33] [[32mINFO[0m] [logger.py:120] Closing windows...
[2026-01-07 08:42:33] [[32mINFO[0m] [logger.py:120] System closed successfully
[2026-01-07 08:42:33] [[32mINFO[0m] [logger.py:120] └─ Completed: System cleanup (0.006s)
[2026-01-08 09:30:21] [[32mINFO[0m] [logger.py:120] ┌─ Starting: Loading configuration
[2026-01-08 09:30:21] [[32mINFO[0m] [logger.py:120] Configuration loaded from: C:\Users\iibai\projects\CRAI\ai\src\config/config.yaml
[2026-01-08 09:30:21] [[32mINFO[0m] [logger.py:120] Loading from: C:\Users\iibai\projects\CRAI\ai\src\config/config.yaml
[2026-01-08 09:30:21] [[32mINFO[0m] [logger.py:120] └─ Completed: Loading configuration (0.007s)
[2026-01-08 09:30:21] [[32mINFO[0m] [logger.py:120] ┌─ Starting: System initialization
[2026-01-08 09:30:21] [[32mINFO[0m] [logger.py:120] 1. Starting camera...
[2026-01-08 09:30:21] [[32mINFO[0m] [logger.py:120] Intentando inicializar webcam en source=1...
[2026-01-08 09:30:27] [[32mINFO[0m] [logger.py:120] ✓ Camera 1 funciona correctamente
[2026-01-08 09:30:43] [[32mINFO[0m] [logger.py:120] ✓ Camera started successfully
[2026-01-08 09:30:43] [[32mINFO[0m] [logger.py:120] 2. Initializing plate queue...
[2026-01-08 09:30:43] [[32mINFO[0m] [logger.py:120] ✓ Plate queue initialized
[2026-01-08 09:30:43] [[32mINFO[0m] [logger.py:120] 3. Loading vehicle detector...
[2026-01-08 09:30:43] [[32mINFO[0m] [logger.py:120] Loading YOLO model: C:\Users\iibai\projects\CRAI\ai\src\models/yolov8n.pt
[2026-01-08 09:30:43] [[32mINFO[0m] [logger.py:120] Model loaded successfully with threshold=0.5
[2026-01-08 09:30:43] [[32mINFO[0m] [logger.py:120] 4. Loading license plate detector...
[2026-01-08 09:30:43] [[32mINFO[0m] [logger.py:120] Loading license plate model: C:\Users\iibai\projects\CRAI\ai\src\models/license_plate_detector.pt
[2026-01-08 09:30:43] [[32mINFO[0m] [logger.py:120] License plate model loaded successfully with threshold=0.3
[2026-01-08 09:30:43] [[32mINFO[0m] [logger.py:120] 5. Initializing OCR...
[2026-01-08 09:30:45] [[32mINFO[0m] [logger.py:120] Initializing EasyOCR with languages: ['en'], GPU: False
[2026-01-08 09:30:47] [[32mINFO[0m] [logger.py:120] EasyOCR loaded successfully
[2026-01-08 09:30:47] [[32mINFO[0m] [logger.py:120] └─ Completed: System initialization (26.280s)
[2026-01-08 09:30:47] [[32mINFO[0m] [logger.py:120] ┌─ Starting: Parameter configuration
[2026-01-08 09:30:47] [[32mINFO[0m] [logger.py:120] Window: CRAI - Car Registration AI
[2026-01-08 09:30:47] [[32mINFO[0m] [logger.py:120] OCR available: True
[2026-01-08 09:30:47] [[32mINFO[0m] [logger.py:120] └─ Completed: Parameter configuration (0.000s)
[2026-01-08 09:30:47] [[32mINFO[0m] [logger.py:120] Starting main loop...
[2026-01-08 09:31:28] [[32mINFO[0m] [logger.py:120] New plate detected and queued: 1017LCU (conf: 0.59)
[2026-01-08 09:31:28] [[32mINFO[0m] [logger.py:120] New plate detected and queued: JOTTCU (conf: 0.12)
[2026-01-08 09:31:32] [[32mINFO[0m] [logger.py:120] New plate detected and queued: IOZCU (conf: 0.26)
[2026-01-08 09:31:32] [[32mINFO[0m] [logger.py:120] New plate detected and queued: LI7ICU (conf: 0.15)
[2026-01-08 09:31:33] [[32mINFO[0m] [logger.py:120] New plate detected and queued: MTOIZLCU (conf: 0.26)
[2026-01-08 09:31:34] [[32mINFO[0m] [logger.py:120] New plate detected and queued: 10NZLCU (conf: 0.34)
[2026-01-08 09:31:34] [[32mINFO[0m] [logger.py:120] New plate detected and queued: IZCU (conf: 0.60)
[2026-01-08 09:31:35] [[32mINFO[0m] [logger.py:120] New plate detected and queued: OZCU (conf: 0.93)
[2026-01-08 09:31:35] [[32mINFO[0m] [logger.py:120] New plate detected and queued: OUCU (conf: 0.14)
[2026-01-08 09:31:36] [[32mINFO[0m] [logger.py:120] New plate detected and queued: IOCU (conf: 0.39)
[2026-01-08 09:31:36] [[32mINFO[0m] [logger.py:120] New plate detected and queued: MOIECU (conf: 0.37)
[2026-01-08 09:31:37] [[32mINFO[0m] [logger.py:120] New plate detected and queued: L7ICU (conf: 0.32)
[2026-01-08 09:31:37] [[32mINFO[0m] [logger.py:120] New plate detected and queued: 101Z (conf: 0.44)
[2026-01-08 09:31:37] [[32mINFO[0m] [logger.py:120] New plate detected and queued: MIZLCU (conf: 0.25)
[2026-01-08 09:31:37] [[32mINFO[0m] [logger.py:120] New plate detected and queued: IONLCU (conf: 0.29)
[2026-01-08 09:31:38] [[32mINFO[0m] [logger.py:120] New plate detected and queued: IOW7CU (conf: 0.56)
[2026-01-08 09:31:38] [[32mINFO[0m] [logger.py:120] New plate detected and queued: MWCU (conf: 0.54)
[2026-01-08 09:31:39] [[32mINFO[0m] [logger.py:120] New plate detected and queued: IOIZCU (conf: 0.37)
[2026-01-08 09:31:40] [[32mINFO[0m] [logger.py:120] New plate detected and queued: INOMLCU (conf: 0.32)
[2026-01-08 09:31:41] [[32mINFO[0m] [logger.py:120] New plate detected and queued: D1ZCU (conf: 0.22)
[2026-01-08 09:31:41] [[32mINFO[0m] [logger.py:120] New plate detected and queued: IOICU (conf: 0.51)
[2026-01-08 09:31:41] [[32mINFO[0m] [logger.py:120] New plate detected and queued: JI7TCU (conf: 0.21)
[2026-01-08 09:31:42] [[32mINFO[0m] [logger.py:120] New plate detected and queued: TO1ZLCU (conf: 0.23)
[2026-01-08 09:31:42] [[32mINFO[0m] [logger.py:120] New plate detected and queued: 1O17LCU (conf: 0.48)
[2026-01-08 09:31:43] [[32mINFO[0m] [logger.py:120] New plate detected and queued: 0O17LCU (conf: 0.31)
[2026-01-08 09:31:43] [[32mINFO[0m] [logger.py:120] New plate detected and queued: M7LCU (conf: 0.46)
[2026-01-08 09:31:43] [[32mINFO[0m] [logger.py:120] New plate detected and queued: IOJZCU (conf: 0.19)
[2026-01-08 09:31:44] [[32mINFO[0m] [logger.py:120] New plate detected and queued: MITCO (conf: 0.26)
[2026-01-08 09:31:44] [[32mINFO[0m] [logger.py:120] New plate detected and queued: DONLCU (conf: 0.25)
[2026-01-08 09:31:45] [[32mINFO[0m] [logger.py:120] New plate detected and queued: IOIZLCU (conf: 0.60)
[2026-01-08 09:31:45] [[32mINFO[0m] [logger.py:120] New plate detected and queued: IO7CU (conf: 0.25)
[2026-01-08 09:31:45] [[32mINFO[0m] [logger.py:120] New plate detected and queued: 1017 (conf: 0.98)
[2026-01-08 09:31:46] [[32mINFO[0m] [logger.py:120] New plate detected and queued: DOLCU (conf: 0.84)
[2026-01-08 09:31:46] [[32mINFO[0m] [logger.py:120] New plate detected and queued: MZCU (conf: 0.39)
[2026-01-08 09:31:46] [[32mINFO[0m] [logger.py:120] New plate detected and queued: IDOZCU (conf: 0.18)
[2026-01-08 09:31:47] [[32mINFO[0m] [logger.py:120] New plate detected and queued: NO7CU (conf: 0.17)
[2026-01-08 09:31:47] [[32mINFO[0m] [logger.py:120] New plate detected and queued: IOIZTCU (conf: 0.38)
[2026-01-08 09:31:48] [[32mINFO[0m] [logger.py:120] New plate detected and queued: MOITCU (conf: 0.30)
[2026-01-08 09:31:48] [[32mINFO[0m] [logger.py:120] New plate detected and queued: NOIZCU (conf: 0.33)
[2026-01-08 09:31:48] [[32mINFO[0m] [logger.py:120] New plate detected and queued: OIZTCU (conf: 0.71)
[2026-01-08 09:31:49] [[32mINFO[0m] [logger.py:120] New plate detected and queued: LOIZUCU (conf: 0.19)
[2026-01-08 09:31:49] [[32mINFO[0m] [logger.py:120] New plate detected and queued: MOZICU (conf: 0.34)
[2026-01-08 09:31:50] [[32mINFO[0m] [logger.py:120] New plate detected and queued: JOI7CU (conf: 0.33)
[2026-01-08 09:31:54] [[32mINFO[0m] [logger.py:120] New plate detected and queued: 0L53JSW (conf: 0.55)
[2026-01-08 09:31:54] [[32mINFO[0m] [logger.py:120] New plate detected and queued: 4253JSM (conf: 0.31)
[2026-01-08 09:31:55] [[32mINFO[0m] [logger.py:120] New plate detected and queued: L453JSU (conf: 0.30)
[2026-01-08 09:31:55] [[32mINFO[0m] [logger.py:120] New plate detected and queued: 045335W (conf: 0.38)
[2026-01-08 09:31:56] [[32mINFO[0m] [logger.py:120] New plate detected and queued: 4453JSW (conf: 0.35)
[2026-01-08 09:31:56] [[32mINFO[0m] [logger.py:120] New plate detected and queued: LL53JSH (conf: 0.50)
[2026-01-08 09:31:57] [[32mINFO[0m] [logger.py:120] New plate detected and queued: 4L53JSH (conf: 0.39)
[2026-01-08 09:31:57] [[32mINFO[0m] [logger.py:120] New plate detected and queued: 4453JSM (conf: 0.57)
[2026-01-08 09:31:58] [[32mINFO[0m] [logger.py:120] New plate detected and queued: 225375W (conf: 0.49)
[2026-01-08 09:31:58] [[32mINFO[0m] [logger.py:120] New plate detected and queued: 4453JSV (conf: 0.66)
[2026-01-08 09:31:59] [[32mINFO[0m] [logger.py:120] New plate detected and queued: L453JSH (conf: 0.53)
[2026-01-08 09:32:01] [[32mINFO[0m] [logger.py:120] New plate detected and queued: 4453JSH (conf: 0.36)
[2026-01-08 09:32:02] [[32mINFO[0m] [logger.py:120] New plate detected and queued: 4L53JSU (conf: 0.42)
[2026-01-08 09:32:03] [[32mINFO[0m] [logger.py:120] New plate detected and queued: LL53 (conf: 0.39)
[2026-01-08 09:32:23] [[32mINFO[0m] [logger.py:120] 
[Ctrl+C] Keyboard interrupt received
[2026-01-08 09:32:23] [[32mINFO[0m] [logger.py:120] ┌─ Starting: Detection summary
[2026-01-08 09:32:23] [[32mINFO[0m] [logger.py:120] Total unique plates detected: 57
[2026-01-08 09:32:23] [[32mINFO[0m] [logger.py:120] 
============================================================
Plate           Times    Confidence   Vehicle
------------------------------------------------------------
4453JSM         4        0.57         car
LL53JSH         3        0.50         car
L453JSH         3        0.53         car
IOZCU           2        0.26         car
IOIZLCU         2        0.60         car
1017            2        0.98         car
L453JSU         2        0.30         car
4453JSW         2        0.35         car
4453JSV         2        0.66         car
LL53            2        0.39         car
============================================================

[2026-01-08 09:32:23] [[32mINFO[0m] [logger.py:120] Queue statistics: Sent=0, Failed=0, Pending=56
[2026-01-08 09:32:23] [[32mINFO[0m] [logger.py:120] └─ Completed: Detection summary (0.001s)
[2026-01-08 09:32:23] [[32mINFO[0m] [logger.py:120] ┌─ Starting: System cleanup
[2026-01-08 09:32:23] [[32mINFO[0m] [logger.py:120] Stopping plate queue...
[2026-01-08 09:32:23] [[32mINFO[0m] [logger.py:120] Stopping video stream...
[2026-01-08 09:32:23] [[32mINFO[0m] [logger.py:120] Closing windows...
[2026-01-08 09:32:23] [[32mINFO[0m] [logger.py:120] System closed successfully
[2026-01-08 09:32:23] [[32mINFO[0m] [logger.py:120] └─ Completed: System cleanup (0.180s)
[2026-01-08 09:47:15] [[32mINFO[0m] [logger.py:120] ┌─ Starting: Loading configuration
[2026-01-08 09:47:15] [[32mINFO[0m] [logger.py:120] Configuration loaded from: C:\Users\iibai\projects\CRAI\ai\src\config/config.yaml
[2026-01-08 09:47:15] [[32mINFO[0m] [logger.py:120] Loading from: C:\Users\iibai\projects\CRAI\ai\src\config/config.yaml
[2026-01-08 09:47:15] [[32mINFO[0m] [logger.py:120] └─ Completed: Loading configuration (0.006s)
[2026-01-08 09:47:15] [[32mINFO[0m] [logger.py:120] ┌─ Starting: System initialization
[2026-01-08 09:47:15] [[32mINFO[0m] [logger.py:120] 1. Starting camera...
[2026-01-08 09:47:15] [[32mINFO[0m] [logger.py:120] Intentando inicializar webcam en source=1...
[2026-01-08 09:47:21] [[32mINFO[0m] [logger.py:120] ✓ Camera 1 funciona correctamente
[2026-01-08 09:47:37] [[32mINFO[0m] [logger.py:120] ✓ Camera started successfully
[2026-01-08 09:47:37] [[32mINFO[0m] [logger.py:120] 2. Initializing plate queue...
[2026-01-08 09:47:37] [[32mINFO[0m] [logger.py:120] ✓ Plate queue initialized
[2026-01-08 09:47:37] [[32mINFO[0m] [logger.py:120] 3. Loading vehicle detector...
[2026-01-08 09:47:37] [[32mINFO[0m] [logger.py:120] Loading YOLO model: C:\Users\iibai\projects\CRAI\ai\src\models/yolov8n.pt
[2026-01-08 09:47:37] [[32mINFO[0m] [logger.py:120] Model loaded successfully with threshold=0.5
[2026-01-08 09:47:37] [[32mINFO[0m] [logger.py:120] 4. Loading license plate detector...
[2026-01-08 09:47:37] [[32mINFO[0m] [logger.py:120] Loading license plate model: C:\Users\iibai\projects\CRAI\ai\src\models/license_plate_detector.pt
[2026-01-08 09:47:37] [[32mINFO[0m] [logger.py:120] License plate model loaded successfully with threshold=0.3
[2026-01-08 09:47:37] [[32mINFO[0m] [logger.py:120] 5. Initializing OCR...
[2026-01-08 09:47:38] [[32mINFO[0m] [logger.py:120] Initializing EasyOCR with languages: ['en'], GPU: False
[2026-01-08 09:47:39] [[32mINFO[0m] [logger.py:120] EasyOCR loaded successfully
[2026-01-08 09:47:39] [[32mINFO[0m] [logger.py:120] └─ Completed: System initialization (23.896s)
[2026-01-08 09:47:39] [[32mINFO[0m] [logger.py:120] ┌─ Starting: Parameter configuration
[2026-01-08 09:47:39] [[32mINFO[0m] [logger.py:120] Window: CRAI - Car Registration AI
[2026-01-08 09:47:39] [[32mINFO[0m] [logger.py:120] OCR available: True
[2026-01-08 09:47:39] [[32mINFO[0m] [logger.py:120] └─ Completed: Parameter configuration (0.001s)
[2026-01-08 09:47:39] [[32mINFO[0m] [logger.py:120] Starting main loop...
[2026-01-08 09:48:34] [[32mINFO[0m] [logger.py:120] ┌─ Starting: Detection summary
[2026-01-08 09:48:34] [[33mWARNING[0m] [logger.py:124] No plates with valid text detected
[2026-01-08 09:48:34] [[32mINFO[0m] [logger.py:120] Queue statistics: Sent=0, Failed=0, Pending=0
[2026-01-08 09:48:34] [[32mINFO[0m] [logger.py:120] └─ Completed: Detection summary (0.001s)
[2026-01-08 09:48:34] [[32mINFO[0m] [logger.py:120] ┌─ Starting: System cleanup
[2026-01-08 09:48:34] [[32mINFO[0m] [logger.py:120] Stopping plate queue...
[2026-01-08 09:48:35] [[32mINFO[0m] [logger.py:120] Stopping video stream...
[2026-01-08 09:48:35] [[32mINFO[0m] [logger.py:120] Closing windows...
[2026-01-08 09:48:35] [[32mINFO[0m] [logger.py:120] System closed successfully
[2026-01-08 09:48:35] [[32mINFO[0m] [logger.py:120] └─ Completed: System cleanup (0.480s)
[2026-01-08 09:49:51] [[32mINFO[0m] [logger.py:120] ┌─ Starting: Loading configuration
[2026-01-08 09:49:51] [[32mINFO[0m] [logger.py:120] Configuration loaded from: C:\Users\iibai\projects\CRAI\ai\src\config/config.yaml
[2026-01-08 09:49:51] [[32mINFO[0m] [logger.py:120] Loading from: C:\Users\iibai\projects\CRAI\ai\src\config/config.yaml
[2026-01-08 09:49:51] [[32mINFO[0m] [logger.py:120] └─ Completed: Loading configuration (0.007s)
[2026-01-08 09:49:51] [[32mINFO[0m] [logger.py:120] ┌─ Starting: System initialization
[2026-01-08 09:49:51] [[32mINFO[0m] [logger.py:120] 1. Starting camera...
[2026-01-08 09:49:51] [[32mINFO[0m] [logger.py:120] Intentando inicializar webcam en source=1...
[2026-01-08 09:49:56] [[32mINFO[0m] [logger.py:120] ✓ Camera 1 funciona correctamente
[2026-01-08 09:50:13] [[32mINFO[0m] [logger.py:120] ✓ Camera started successfully
[2026-01-08 09:50:13] [[32mINFO[0m] [logger.py:120] 2. Initializing plate queue...
[2026-01-08 09:50:13] [[32mINFO[0m] [logger.py:120] ✓ Plate queue initialized
[2026-01-08 09:50:13] [[32mINFO[0m] [logger.py:120] 3. Loading vehicle detector...
[2026-01-08 09:50:13] [[32mINFO[0m] [logger.py:120] Loading YOLO model: C:\Users\iibai\projects\CRAI\ai\src\models/yolov8n.pt
[2026-01-08 09:50:13] [[32mINFO[0m] [logger.py:120] Model loaded successfully with threshold=0.5
[2026-01-08 09:50:13] [[32mINFO[0m] [logger.py:120] 4. Loading license plate detector...
[2026-01-08 09:50:13] [[32mINFO[0m] [logger.py:120] Loading license plate model: C:\Users\iibai\projects\CRAI\ai\src\models/license_plate_detector.pt
[2026-01-08 09:50:13] [[32mINFO[0m] [logger.py:120] License plate model loaded successfully with threshold=0.3
[2026-01-08 09:50:13] [[32mINFO[0m] [logger.py:120] 5. Initializing OCR...
[2026-01-08 09:50:13] [[32mINFO[0m] [logger.py:120] Initializing EasyOCR with languages: ['en'], GPU: False
[2026-01-08 09:50:14] [[32mINFO[0m] [logger.py:120] EasyOCR loaded successfully
[2026-01-08 09:50:14] [[32mINFO[0m] [logger.py:120] └─ Completed: System initialization (23.764s)
[2026-01-08 09:50:14] [[32mINFO[0m] [logger.py:120] ┌─ Starting: Parameter configuration
[2026-01-08 09:50:14] [[32mINFO[0m] [logger.py:120] Window: CRAI - Car Registration AI
[2026-01-08 09:50:14] [[32mINFO[0m] [logger.py:120] OCR available: True
[2026-01-08 09:50:14] [[32mINFO[0m] [logger.py:120] └─ Completed: Parameter configuration (0.001s)
[2026-01-08 09:50:14] [[32mINFO[0m] [logger.py:120] Starting main loop...
[2026-01-08 09:50:22] [[32mINFO[0m] [logger.py:120] New plate detected and queued: 0LL53JS4 (conf: 0.49)
[2026-01-08 09:50:23] [[32mINFO[0m] [logger.py:120] New plate detected and queued: 0L5JS4 (conf: 0.58)
[2026-01-08 09:50:24] [[32mINFO[0m] [logger.py:120] New plate detected and queued: 0453J54 (conf: 0.25)
[2026-01-08 09:50:24] [[32mINFO[0m] [logger.py:120] New plate detected and queued: L53JSY (conf: 0.32)
[2026-01-08 09:50:25] [[32mINFO[0m] [logger.py:120] New plate detected and queued: LS3JS (conf: 0.62)
[2026-01-08 09:50:27] [[32mINFO[0m] [logger.py:120] New plate detected and queued: J5329 (conf: 0.24)
[2026-01-08 09:50:28] [[32mINFO[0m] [logger.py:120] New plate detected and queued: LL53JJSH (conf: 0.30)
[2026-01-08 09:50:37] [[32mINFO[0m] [logger.py:120] New plate detected and queued: LL53JSM (conf: 0.71)
[2026-01-08 09:50:39] [[32mINFO[0m] [logger.py:120] ┌─ Starting: Detection summary
[2026-01-08 09:50:39] [[32mINFO[0m] [logger.py:120] Total unique plates detected: 8
[2026-01-08 09:50:39] [[32mINFO[0m] [logger.py:120] 
============================================================
Plate           Times    Confidence   Vehicle
------------------------------------------------------------
LL53JSM         2        0.71         car
0LL53JS4        1        0.49         car
0L5JS4          1        0.58         car
0453J54         1        0.25         car
L53JSY          1        0.32         car
LS3JS           1        0.62         car
J5329           1        0.24         car
LL53JJSH        1        0.30         car
============================================================

[2026-01-08 09:50:39] [[32mINFO[0m] [logger.py:120] Queue statistics: Sent=0, Failed=0, Pending=7
[2026-01-08 09:50:39] [[32mINFO[0m] [logger.py:120] └─ Completed: Detection summary (0.001s)
[2026-01-08 09:50:39] [[32mINFO[0m] [logger.py:120] ┌─ Starting: System cleanup
[2026-01-08 09:50:39] [[32mINFO[0m] [logger.py:120] Stopping plate queue...
[2026-01-08 09:50:41] [[32mINFO[0m] [logger.py:120] Stopping video stream...
[2026-01-08 09:50:41] [[32mINFO[0m] [logger.py:120] Closing windows...
[2026-01-08 09:50:41] [[32mINFO[0m] [logger.py:120] System closed successfully
[2026-01-08 09:50:41] [[32mINFO[0m] [logger.py:120] └─ Completed: System cleanup (1.212s)
[2026-01-08 09:53:39] [[32mINFO[0m] [logger.py:120] ┌─ Starting: Loading configuration
[2026-01-08 09:53:39] [[32mINFO[0m] [logger.py:120] Configuration loaded from: C:\Users\iibai\projects\CRAI\ai\src\config/config.yaml
[2026-01-08 09:53:39] [[32mINFO[0m] [logger.py:120] Loading from: C:\Users\iibai\projects\CRAI\ai\src\config/config.yaml
[2026-01-08 09:53:39] [[32mINFO[0m] [logger.py:120] └─ Completed: Loading configuration (0.006s)
[2026-01-08 09:53:39] [[32mINFO[0m] [logger.py:120] ┌─ Starting: System initialization
[2026-01-08 09:53:39] [[32mINFO[0m] [logger.py:120] 1. Starting camera...
[2026-01-08 09:53:39] [[32mINFO[0m] [logger.py:120] Intentando inicializar webcam en source=1...
[2026-01-08 09:53:45] [[32mINFO[0m] [logger.py:120] ✓ Camera 1 funciona correctamente
[2026-01-08 09:54:01] [[32mINFO[0m] [logger.py:120] ✓ Camera started successfully
[2026-01-08 09:54:01] [[32mINFO[0m] [logger.py:120] 2. Initializing plate queue...
[2026-01-08 09:54:01] [[32mINFO[0m] [logger.py:120] ✓ Plate queue initialized
[2026-01-08 09:54:01] [[32mINFO[0m] [logger.py:120] 3. Loading vehicle detector...
[2026-01-08 09:54:01] [[32mINFO[0m] [logger.py:120] Loading YOLO model: C:\Users\iibai\projects\CRAI\ai\src\models/yolov8n.pt
[2026-01-08 09:54:01] [[32mINFO[0m] [logger.py:120] Model loaded successfully with threshold=0.5
[2026-01-08 09:54:01] [[32mINFO[0m] [logger.py:120] 4. Loading license plate detector...
[2026-01-08 09:54:01] [[32mINFO[0m] [logger.py:120] Loading license plate model: C:\Users\iibai\projects\CRAI\ai\src\models/license_plate_detector.pt
[2026-01-08 09:54:01] [[32mINFO[0m] [logger.py:120] License plate model loaded successfully with threshold=0.3
[2026-01-08 09:54:01] [[32mINFO[0m] [logger.py:120] 5. Initializing OCR...
[2026-01-08 09:54:01] [[32mINFO[0m] [logger.py:120] Initializing EasyOCR with languages: ['en'], GPU: False
[2026-01-08 09:54:03] [[32mINFO[0m] [logger.py:120] EasyOCR loaded successfully
[2026-01-08 09:54:03] [[32mINFO[0m] [logger.py:120] └─ Completed: System initialization (23.811s)
[2026-01-08 09:54:03] [[32mINFO[0m] [logger.py:120] ┌─ Starting: Parameter configuration
[2026-01-08 09:54:03] [[32mINFO[0m] [logger.py:120] Window: CRAI - Car Registration AI
[2026-01-08 09:54:03] [[32mINFO[0m] [logger.py:120] OCR available: True
[2026-01-08 09:54:03] [[32mINFO[0m] [logger.py:120] └─ Completed: Parameter configuration (0.001s)
[2026-01-08 09:54:03] [[32mINFO[0m] [logger.py:120] Starting main loop...
[2026-01-08 09:54:15] [[32mINFO[0m] [logger.py:120] ┌─ Starting: Detection summary
[2026-01-08 09:54:15] [[33mWARNING[0m] [logger.py:124] No plates with valid text detected
[2026-01-08 09:54:15] [[32mINFO[0m] [logger.py:120] Queue statistics: Sent=0, Failed=0, Pending=0
[2026-01-08 09:54:15] [[32mINFO[0m] [logger.py:120] └─ Completed: Detection summary (0.001s)
[2026-01-08 09:54:15] [[32mINFO[0m] [logger.py:120] ┌─ Starting: System cleanup
[2026-01-08 09:54:15] [[32mINFO[0m] [logger.py:120] Stopping plate queue...
[2026-01-08 09:54:16] [[32mINFO[0m] [logger.py:120] Stopping video stream...
[2026-01-08 09:54:16] [[32mINFO[0m] [logger.py:120] Closing windows...
[2026-01-08 09:54:16] [[32mINFO[0m] [logger.py:120] System closed successfully
[2026-01-08 09:54:16] [[32mINFO[0m] [logger.py:120] └─ Completed: System cleanup (0.908s)
[2026-01-08 09:55:21] [[32mINFO[0m] [logger.py:120] ┌─ Starting: Loading configuration
[2026-01-08 09:55:21] [[32mINFO[0m] [logger.py:120] Configuration loaded from: C:\Users\iibai\projects\CRAI\ai\src\config/config.yaml
[2026-01-08 09:55:21] [[32mINFO[0m] [logger.py:120] Loading from: C:\Users\iibai\projects\CRAI\ai\src\config/config.yaml
[2026-01-08 09:55:21] [[32mINFO[0m] [logger.py:120] └─ Completed: Loading configuration (0.006s)
[2026-01-08 09:55:21] [[32mINFO[0m] [logger.py:120] ┌─ Starting: System initialization
[2026-01-08 09:55:21] [[32mINFO[0m] [logger.py:120] 1. Starting camera...
[2026-01-08 09:55:21] [[32mINFO[0m] [logger.py:120] Intentando inicializar webcam en source=1...
[2026-01-08 09:55:26] [[32mINFO[0m] [logger.py:120] ✓ Camera 1 funciona correctamente
[2026-01-08 09:55:43] [[32mINFO[0m] [logger.py:120] ✓ Camera started successfully
[2026-01-08 09:55:43] [[32mINFO[0m] [logger.py:120] 2. Initializing plate queue...
[2026-01-08 09:55:43] [[32mINFO[0m] [logger.py:120] ✓ Plate queue initialized
[2026-01-08 09:55:43] [[32mINFO[0m] [logger.py:120] 3. Loading vehicle detector...
[2026-01-08 09:55:43] [[32mINFO[0m] [logger.py:120] Loading YOLO model: C:\Users\iibai\projects\CRAI\ai\src\models/yolov8n.pt
[2026-01-08 09:55:43] [[32mINFO[0m] [logger.py:120] Model loaded successfully with threshold=0.5
[2026-01-08 09:55:43] [[32mINFO[0m] [logger.py:120] 4. Loading license plate detector...
[2026-01-08 09:55:43] [[32mINFO[0m] [logger.py:120] Loading license plate model: C:\Users\iibai\projects\CRAI\ai\src\models/license_plate_detector.pt
[2026-01-08 09:55:43] [[32mINFO[0m] [logger.py:120] License plate model loaded successfully with threshold=0.3
[2026-01-08 09:55:43] [[32mINFO[0m] [logger.py:120] 5. Initializing OCR...
[2026-01-08 09:55:43] [[32mINFO[0m] [logger.py:120] Initializing EasyOCR with languages: ['en'], GPU: False
[2026-01-08 09:55:44] [[32mINFO[0m] [logger.py:120] EasyOCR loaded successfully
[2026-01-08 09:55:44] [[32mINFO[0m] [logger.py:120] └─ Completed: System initialization (23.750s)
[2026-01-08 09:55:44] [[32mINFO[0m] [logger.py:120] ┌─ Starting: Parameter configuration
[2026-01-08 09:55:44] [[32mINFO[0m] [logger.py:120] Window: CRAI - Car Registration AI
[2026-01-08 09:55:44] [[32mINFO[0m] [logger.py:120] OCR available: True
[2026-01-08 09:55:44] [[32mINFO[0m] [logger.py:120] └─ Completed: Parameter configuration (0.000s)
[2026-01-08 09:55:44] [[32mINFO[0m] [logger.py:120] Starting main loop...
[2026-01-08 09:57:32] [[32mINFO[0m] [logger.py:120] ┌─ Starting: Detection summary
[2026-01-08 09:57:32] [[33mWARNING[0m] [logger.py:124] No plates with valid text detected
[2026-01-08 09:57:32] [[32mINFO[0m] [logger.py:120] Queue statistics: Sent=0, Failed=0, Pending=0
[2026-01-08 09:57:32] [[32mINFO[0m] [logger.py:120] └─ Completed: Detection summary (0.001s)
[2026-01-08 09:57:32] [[32mINFO[0m] [logger.py:120] ┌─ Starting: System cleanup
[2026-01-08 09:57:32] [[32mINFO[0m] [logger.py:120] Stopping plate queue...
[2026-01-08 09:57:33] [[32mINFO[0m] [logger.py:120] Stopping video stream...
[2026-01-08 09:57:33] [[32mINFO[0m] [logger.py:120] Closing windows...
[2026-01-08 09:57:33] [[32mINFO[0m] [logger.py:120] System closed successfully
[2026-01-08 09:57:33] [[32mINFO[0m] [logger.py:120] └─ Completed: System cleanup (1.012s)
[2026-01-08 10:01:59] [[32mINFO[0m] [logger.py:120] ┌─ Starting: Loading configuration
[2026-01-08 10:01:59] [[32mINFO[0m] [logger.py:120] Configuration loaded from: C:\Users\iibai\projects\CRAI\ai\src\config/config.yaml
[2026-01-08 10:01:59] [[32mINFO[0m] [logger.py:120] Loading from: C:\Users\iibai\projects\CRAI\ai\src\config/config.yaml
[2026-01-08 10:01:59] [[32mINFO[0m] [logger.py:120] └─ Completed: Loading configuration (0.006s)
[2026-01-08 10:01:59] [[32mINFO[0m] [logger.py:120] ┌─ Starting: System initialization
[2026-01-08 10:01:59] [[32mINFO[0m] [logger.py:120] 1. Starting camera...
[2026-01-08 10:01:59] [[32mINFO[0m] [logger.py:120] Intentando inicializar webcam en source=1...
[2026-01-08 10:02:04] [[32mINFO[0m] [logger.py:120] ✓ Camera 1 funciona correctamente
[2026-01-08 10:02:21] [[32mINFO[0m] [logger.py:120] ✓ Camera started successfully
[2026-01-08 10:02:21] [[32mINFO[0m] [logger.py:120] 2. Initializing plate queue...
[2026-01-08 10:02:21] [[32mINFO[0m] [logger.py:120] ✓ Plate queue initialized
[2026-01-08 10:02:21] [[32mINFO[0m] [logger.py:120] 3. Loading vehicle detector...
[2026-01-08 10:02:21] [[32mINFO[0m] [logger.py:120] Loading YOLO model: C:\Users\iibai\projects\CRAI\ai\src\models/yolov8n.pt
[2026-01-08 10:02:21] [[32mINFO[0m] [logger.py:120] Model loaded successfully with threshold=0.5
[2026-01-08 10:02:21] [[32mINFO[0m] [logger.py:120] 4. Loading license plate detector...
[2026-01-08 10:02:21] [[32mINFO[0m] [logger.py:120] Loading license plate model: C:\Users\iibai\projects\CRAI\ai\src\models/license_plate_detector.pt
[2026-01-08 10:02:21] [[32mINFO[0m] [logger.py:120] License plate model loaded successfully with threshold=0.3
[2026-01-08 10:02:21] [[32mINFO[0m] [logger.py:120] 5. Initializing OCR...
[2026-01-08 10:02:21] [[32mINFO[0m] [logger.py:120] Initializing EasyOCR with languages: ['en'], GPU: False
[2026-01-08 10:02:23] [[32mINFO[0m] [logger.py:120] EasyOCR loaded successfully
[2026-01-08 10:02:23] [[32mINFO[0m] [logger.py:120] └─ Completed: System initialization (23.881s)
[2026-01-08 10:02:23] [[32mINFO[0m] [logger.py:120] ┌─ Starting: Parameter configuration
[2026-01-08 10:02:23] [[32mINFO[0m] [logger.py:120] Window: CRAI - Car Registration AI
[2026-01-08 10:02:23] [[32mINFO[0m] [logger.py:120] OCR available: True
[2026-01-08 10:02:23] [[32mINFO[0m] [logger.py:120] └─ Completed: Parameter configuration (0.001s)
[2026-01-08 10:02:23] [[32mINFO[0m] [logger.py:120] Starting main loop...
[2026-01-08 10:02:30] [[32mINFO[0m] [logger.py:120] New plate detected and queued: PL6704 (conf: 0.01)
[2026-01-08 10:02:30] [[32mINFO[0m] [logger.py:120] New plate detected and queued: 567E (conf: 0.10)
[2026-01-08 10:02:30] [[32mINFO[0m] [logger.py:120] New plate detected and queued: J16N (conf: 0.02)
[2026-01-08 10:02:31] [[32mINFO[0m] [logger.py:120] New plate detected and queued: 5176 (conf: 0.14)
[2026-01-08 10:02:31] [[32mINFO[0m] [logger.py:120] New plate detected and queued: BLE1CE (conf: 0.02)
[2026-01-08 10:02:32] [[32mINFO[0m] [logger.py:120] New plate detected and queued: LECE (conf: 0.04)
[2026-01-08 10:02:32] [[32mINFO[0m] [logger.py:120] New plate detected and queued: 315CR (conf: 0.02)
[2026-01-08 10:02:32] [[32mINFO[0m] [logger.py:120] New plate detected and queued: 512GR (conf: 0.04)
[2026-01-08 10:02:33] [[32mINFO[0m] [logger.py:120] New plate detected and queued: 55LE766 (conf: 0.01)
[2026-01-08 10:02:33] [[32mINFO[0m] [logger.py:120] New plate detected and queued: LE7CE (conf: 0.05)
[2026-01-08 10:02:33] [[32mINFO[0m] [logger.py:120] New plate detected and queued: F1LE (conf: 0.05)
[2026-01-08 10:02:33] [[32mINFO[0m] [logger.py:120] New plate detected and queued: D150 (conf: 0.02)
[2026-01-08 10:02:34] [[32mINFO[0m] [logger.py:120] New plate detected and queued: FWLE (conf: 0.01)
[2026-01-08 10:02:34] [[32mINFO[0m] [logger.py:120] New plate detected and queued: GWCE (conf: 0.02)
[2026-01-08 10:02:35] [[32mINFO[0m] [logger.py:120] New plate detected and queued: BLE76RA (conf: 0.02)
[2026-01-08 10:02:35] [[32mINFO[0m] [logger.py:120] New plate detected and queued: JWCA (conf: 0.02)
[2026-01-08 10:02:35] [[32mINFO[0m] [logger.py:120] New plate detected and queued: 3L5C (conf: 0.01)
[2026-01-08 10:02:35] [[32mINFO[0m] [logger.py:120] New plate detected and queued: JULE (conf: 0.12)
[2026-01-08 10:02:36] [[32mINFO[0m] [logger.py:120] New plate detected and queued: 5177 (conf: 0.14)
[2026-01-08 10:02:36] [[32mINFO[0m] [logger.py:120] New plate detected and queued: FLELE (conf: 0.03)
[2026-01-08 10:02:36] [[32mINFO[0m] [logger.py:120] New plate detected and queued: GWCR (conf: 0.05)
[2026-01-08 10:02:36] [[32mINFO[0m] [logger.py:120] New plate detected and queued: 31GE (conf: 0.16)
[2026-01-08 10:02:37] [[32mINFO[0m] [logger.py:120] New plate detected and queued: FLE70E (conf: 0.05)
[2026-01-08 10:02:37] [[32mINFO[0m] [logger.py:120] New plate detected and queued: J127CA (conf: 0.01)
[2026-01-08 10:02:38] [[32mINFO[0m] [logger.py:120] New plate detected and queued: 3770 (conf: 0.13)
[2026-01-08 10:02:38] [[32mINFO[0m] [logger.py:120] New plate detected and queued: 51AC (conf: 0.02)
[2026-01-08 10:02:38] [[32mINFO[0m] [logger.py:120] New plate detected and queued: J17C (conf: 0.13)
[2026-01-08 10:02:39] [[32mINFO[0m] [logger.py:120] New plate detected and queued: 516711 (conf: 0.19)
[2026-01-08 10:02:39] [[32mINFO[0m] [logger.py:120] New plate detected and queued: 6167 (conf: 0.64)
[2026-01-08 10:02:39] [[32mINFO[0m] [logger.py:120] New plate detected and queued: 5167 (conf: 0.88)
[2026-01-08 10:02:40] [[32mINFO[0m] [logger.py:120] New plate detected and queued: 0616781 (conf: 0.06)
[2026-01-08 10:02:41] [[32mINFO[0m] [logger.py:120] New plate detected and queued: 451678 (conf: 0.20)
[2026-01-08 10:02:41] [[32mINFO[0m] [logger.py:120] New plate detected and queued: 6167C1G (conf: 0.10)
[2026-01-08 10:02:41] [[32mINFO[0m] [logger.py:120] New plate detected and queued: 6167C6 (conf: 0.28)
[2026-01-08 10:02:41] [[32mINFO[0m] [logger.py:120] New plate detected and queued: 6167CV (conf: 0.40)
[2026-01-08 10:02:41] [[32mINFO[0m] [logger.py:120] New plate detected and queued: 61670 (conf: 0.18)
[2026-01-08 10:02:42] [[32mINFO[0m] [logger.py:120] New plate detected and queued: 667CW (conf: 0.26)
[2026-01-08 10:02:42] [[32mINFO[0m] [logger.py:120] New plate detected and queued: 6167C1 (conf: 0.13)
[2026-01-08 10:02:43] [[32mINFO[0m] [logger.py:120] New plate detected and queued: 26167CH (conf: 0.21)
[2026-01-08 10:02:43] [[32mINFO[0m] [logger.py:120] New plate detected and queued: 26167C5 (conf: 0.16)
[2026-01-08 10:02:43] [[32mINFO[0m] [logger.py:120] New plate detected and queued: 6167CK (conf: 0.39)
[2026-01-08 10:02:43] [[32mINFO[0m] [logger.py:120] New plate detected and queued: 46167C6 (conf: 0.21)
[2026-01-08 10:02:44] [[32mINFO[0m] [logger.py:120] New plate detected and queued: 5167CW (conf: 0.29)
[2026-01-08 10:02:44] [[32mINFO[0m] [logger.py:120] New plate detected and queued: F6167CW (conf: 0.17)
[2026-01-08 10:02:44] [[32mINFO[0m] [logger.py:120] New plate detected and queued: 06167C65 (conf: 0.11)
[2026-01-08 10:02:44] [[32mINFO[0m] [logger.py:120] New plate detected and queued: 6167CW (conf: 0.25)
[2026-01-08 10:02:44] [[32mINFO[0m] [logger.py:120] New plate detected and queued: 6167CH (conf: 0.23)
[2026-01-08 10:02:45] [[32mINFO[0m] [logger.py:120] New plate detected and queued: 14667CW (conf: 0.21)
[2026-01-08 10:02:46] [[32mINFO[0m] [logger.py:120] New plate detected and queued: 8167 (conf: 0.40)
[2026-01-08 10:02:47] [[32mINFO[0m] [logger.py:120] New plate detected and queued: 6167CHG (conf: 0.19)
[2026-01-08 10:02:47] [[32mINFO[0m] [logger.py:120] New plate detected and queued: 2667CH (conf: 0.24)
[2026-01-08 10:02:48] [[32mINFO[0m] [logger.py:120] New plate detected and queued: 106167CW (conf: 0.13)
[2026-01-08 10:02:48] [[32mINFO[0m] [logger.py:120] New plate detected and queued: 1C5167CW (conf: 0.16)
[2026-01-08 10:02:50] [[32mINFO[0m] [logger.py:120] New plate detected and queued: 6167C1C (conf: 0.23)
[2026-01-08 10:02:56] [[32mINFO[0m] [logger.py:120] New plate detected and queued: JETA (conf: 0.03)
[2026-01-08 10:02:56] [[32mINFO[0m] [logger.py:120] New plate detected and queued: HENA (conf: 0.13)
[2026-01-08 10:02:57] [[32mINFO[0m] [logger.py:120] New plate detected and queued: P0FUR (conf: 0.12)
[2026-01-08 10:02:58] [[32mINFO[0m] [logger.py:120] New plate detected and queued: JALA (conf: 0.11)
[2026-01-08 10:02:58] [[32mINFO[0m] [logger.py:120] New plate detected and queued: P0FUUR (conf: 0.17)
[2026-01-08 10:02:59] [[32mINFO[0m] [logger.py:120] New plate detected and queued: 1L05P0FULEA (conf: 0.06)
[2026-01-08 10:02:59] [[32mINFO[0m] [logger.py:120] New plate detected and queued: HERE (conf: 0.07)
[2026-01-08 10:03:00] [[32mINFO[0m] [logger.py:120] New plate detected and queued: F0FVEN (conf: 0.06)
[2026-01-08 10:03:01] [[32mINFO[0m] [logger.py:120] New plate detected and queued: 1L05P0RULD (conf: 0.04)
[2026-01-08 10:03:01] [[32mINFO[0m] [logger.py:120] New plate detected and queued: F05P0RUAN (conf: 0.13)
[2026-01-08 10:03:02] [[32mINFO[0m] [logger.py:120] New plate detected and queued: 1B12A (conf: 0.12)
[2026-01-08 10:03:02] [[32mINFO[0m] [logger.py:120] New plate detected and queued: 105P0FULN (conf: 0.16)
[2026-01-08 10:03:08] [[32mINFO[0m] [logger.py:120] New plate detected and queued: 575LM (conf: 0.33)
[2026-01-08 10:03:08] [[32mINFO[0m] [logger.py:120] New plate detected and queued: 5754 (conf: 0.45)
[2026-01-08 10:03:08] [[32mINFO[0m] [logger.py:120] New plate detected and queued: L525LM (conf: 0.10)
[2026-01-08 10:03:08] [[32mINFO[0m] [logger.py:120] New plate detected and queued: L575LM (conf: 0.34)
[2026-01-08 10:03:09] [[32mINFO[0m] [logger.py:120] New plate detected and queued: L575LMY (conf: 0.21)
[2026-01-08 10:03:09] [[32mINFO[0m] [logger.py:120] New plate detected and queued: L575LMM (conf: 0.37)
[2026-01-08 10:03:09] [[32mINFO[0m] [logger.py:120] New plate detected and queued: L525L (conf: 0.45)
[2026-01-08 10:03:10] [[32mINFO[0m] [logger.py:120] New plate detected and queued: 576LVM (conf: 0.15)
[2026-01-08 10:03:10] [[32mINFO[0m] [logger.py:120] New plate detected and queued: L576LVY (conf: 0.19)
[2026-01-08 10:03:11] [[32mINFO[0m] [logger.py:120] New plate detected and queued: 576LVY (conf: 0.59)
[2026-01-08 10:03:11] [[32mINFO[0m] [logger.py:120] New plate detected and queued: 4576LVY (conf: 0.40)
[2026-01-08 10:03:11] [[32mINFO[0m] [logger.py:120] New plate detected and queued: L576LMY (conf: 0.24)
[2026-01-08 10:03:11] [[32mINFO[0m] [logger.py:120] New plate detected and queued: L576LMM (conf: 0.07)
[2026-01-08 10:03:12] [[32mINFO[0m] [logger.py:120] New plate detected and queued: L576LVT (conf: 0.19)
[2026-01-08 10:03:12] [[32mINFO[0m] [logger.py:120] New plate detected and queued: L576LKY (conf: 0.24)
[2026-01-08 10:03:13] [[32mINFO[0m] [logger.py:120] New plate detected and queued: L576LVM (conf: 0.16)
[2026-01-08 10:03:14] [[32mINFO[0m] [logger.py:120] New plate detected and queued: 576LV (conf: 0.52)
[2026-01-08 10:03:14] [[32mINFO[0m] [logger.py:120] New plate detected and queued: DAXU (conf: 0.11)
[2026-01-08 10:03:17] [[32mINFO[0m] [logger.py:120] New plate detected and queued: 15TU (conf: 0.15)
[2026-01-08 10:03:17] [[32mINFO[0m] [logger.py:120] ┌─ Starting: Detection summary
[2026-01-08 10:03:17] [[32mINFO[0m] [logger.py:120] Total unique plates detected: 85
[2026-01-08 10:03:17] [[32mINFO[0m] [logger.py:120] 
============================================================
Plate           Times    Confidence   Vehicle
------------------------------------------------------------
6167            16       0.64         car
L576LVY         9        0.19         car
5167            3        0.88         car
6167CV          3        0.40         car
8167            3        0.40         car
L575LM          3        0.34         car
61670           2        0.18         car
6167CW          2        0.25         car
PL6704          1        0.01         car
567E            1        0.10         car
============================================================

[2026-01-08 10:03:17] [[32mINFO[0m] [logger.py:120] Queue statistics: Sent=0, Failed=0, Pending=84
[2026-01-08 10:03:17] [[32mINFO[0m] [logger.py:120] └─ Completed: Detection summary (0.001s)
[2026-01-08 10:03:17] [[32mINFO[0m] [logger.py:120] ┌─ Starting: System cleanup
[2026-01-08 10:03:17] [[32mINFO[0m] [logger.py:120] Stopping plate queue...
[2026-01-08 10:03:18] [[32mINFO[0m] [logger.py:120] Stopping video stream...
[2026-01-08 10:03:18] [[32mINFO[0m] [logger.py:120] Closing windows...
[2026-01-08 10:03:18] [[32mINFO[0m] [logger.py:120] System closed successfully
[2026-01-08 10:03:18] [[32mINFO[0m] [logger.py:120] └─ Completed: System cleanup (1.155s)
[2026-01-08 10:03:41] [[32mINFO[0m] [logger.py:120] ┌─ Starting: Loading configuration
[2026-01-08 10:03:41] [[32mINFO[0m] [logger.py:120] Configuration loaded from: C:\Users\iibai\projects\CRAI\ai\src\config/config.yaml
[2026-01-08 10:03:41] [[32mINFO[0m] [logger.py:120] Loading from: C:\Users\iibai\projects\CRAI\ai\src\config/config.yaml
[2026-01-08 10:03:41] [[32mINFO[0m] [logger.py:120] └─ Completed: Loading configuration (0.007s)
[2026-01-08 10:03:41] [[32mINFO[0m] [logger.py:120] ┌─ Starting: System initialization
[2026-01-08 10:03:41] [[32mINFO[0m] [logger.py:120] 1. Starting camera...
[2026-01-08 10:03:41] [[32mINFO[0m] [logger.py:120] Intentando inicializar webcam en source=1...
[2026-01-08 10:03:49] [[32mINFO[0m] [logger.py:120] ✓ Camera 1 funciona correctamente
[2026-01-08 10:04:15] [[32mINFO[0m] [logger.py:120] ✓ Camera started successfully
[2026-01-08 10:04:15] [[32mINFO[0m] [logger.py:120] 2. Initializing plate queue...
[2026-01-08 10:04:15] [[32mINFO[0m] [logger.py:120] ✓ Plate queue initialized
[2026-01-08 10:04:15] [[32mINFO[0m] [logger.py:120] 3. Loading vehicle detector...
[2026-01-08 10:04:15] [[32mINFO[0m] [logger.py:120] Loading YOLO model: C:\Users\iibai\projects\CRAI\ai\src\models/yolov8n.pt
[2026-01-08 10:04:15] [[32mINFO[0m] [logger.py:120] Model loaded successfully with threshold=0.5
[2026-01-08 10:04:15] [[32mINFO[0m] [logger.py:120] 4. Loading license plate detector...
[2026-01-08 10:04:15] [[32mINFO[0m] [logger.py:120] Loading license plate model: C:\Users\iibai\projects\CRAI\ai\src\models/license_plate_detector.pt
[2026-01-08 10:04:15] [[32mINFO[0m] [logger.py:120] License plate model loaded successfully with threshold=0.3
[2026-01-08 10:04:15] [[32mINFO[0m] [logger.py:120] 5. Initializing OCR...
[2026-01-08 10:04:15] [[32mINFO[0m] [logger.py:120] Initializing EasyOCR with languages: ['en'], GPU: False
[2026-01-08 10:04:17] [[32mINFO[0m] [logger.py:120] EasyOCR loaded successfully
[2026-01-08 10:04:17] [[32mINFO[0m] [logger.py:120] └─ Completed: System initialization (36.012s)
[2026-01-08 10:04:17] [[32mINFO[0m] [logger.py:120] ┌─ Starting: Parameter configuration
[2026-01-08 10:04:17] [[32mINFO[0m] [logger.py:120] Window: CRAI - Car Registration AI
[2026-01-08 10:04:17] [[32mINFO[0m] [logger.py:120] OCR available: True
[2026-01-08 10:04:17] [[32mINFO[0m] [logger.py:120] └─ Completed: Parameter configuration (0.001s)
[2026-01-08 10:04:17] [[32mINFO[0m] [logger.py:120] Starting main loop...
[2026-01-08 10:06:40] [[32mINFO[0m] [logger.py:120] New plate detected and queued: 5389NHK (conf: 0.52)
[2026-01-08 10:06:53] [[32mINFO[0m] [logger.py:120] 
[Ctrl+C] Keyboard interrupt received
[2026-01-08 10:06:53] [[32mINFO[0m] [logger.py:120] ┌─ Starting: Detection summary
[2026-01-08 10:06:53] [[32mINFO[0m] [logger.py:120] Total unique plates detected: 1
[2026-01-08 10:06:53] [[32mINFO[0m] [logger.py:120] 
============================================================
Plate           Times    Confidence   Vehicle
------------------------------------------------------------
5389NHK         1        0.52         car
============================================================

[2026-01-08 10:06:53] [[32mINFO[0m] [logger.py:120] Queue statistics: Sent=0, Failed=0, Pending=0
[2026-01-08 10:06:53] [[32mINFO[0m] [logger.py:120] └─ Completed: Detection summary (0.001s)
[2026-01-08 10:06:53] [[32mINFO[0m] [logger.py:120] ┌─ Starting: System cleanup
[2026-01-08 10:06:53] [[32mINFO[0m] [logger.py:120] Stopping plate queue...
[2026-01-08 10:06:56] [[32mINFO[0m] [logger.py:120] Stopping video stream...
[2026-01-08 10:06:56] [[32mINFO[0m] [logger.py:120] Closing windows...
[2026-01-08 10:06:56] [[32mINFO[0m] [logger.py:120] System closed successfully
[2026-01-08 10:06:56] [[32mINFO[0m] [logger.py:120] └─ Completed: System cleanup (3.911s)
[2026-01-08 10:16:57] [[32mINFO[0m] [logger.py:120] ┌─ Starting: Loading configuration
[2026-01-08 10:16:57] [[32mINFO[0m] [logger.py:120] Configuration loaded from: C:\Users\iibai\projects\CRAI\ai\src\config/config.yaml
[2026-01-08 10:16:57] [[32mINFO[0m] [logger.py:120] Loading from: C:\Users\iibai\projects\CRAI\ai\src\config/config.yaml
[2026-01-08 10:16:57] [[32mINFO[0m] [logger.py:120] └─ Completed: Loading configuration (0.008s)
[2026-01-08 10:16:57] [[32mINFO[0m] [logger.py:120] ┌─ Starting: System initialization
[2026-01-08 10:16:57] [[32mINFO[0m] [logger.py:120] 1. Starting camera...
[2026-01-08 10:16:57] [[32mINFO[0m] [logger.py:120] Intentando inicializar webcam en source=1...
[2026-01-08 10:17:03] [[32mINFO[0m] [logger.py:120] ✓ Camera 1 funciona correctamente
[2026-01-08 10:17:19] [[32mINFO[0m] [logger.py:120] ✓ Camera started successfully
[2026-01-08 10:17:19] [[32mINFO[0m] [logger.py:120] 2. Initializing plate queue...
[2026-01-08 10:17:19] [[32mINFO[0m] [logger.py:120] ✓ Plate queue initialized
[2026-01-08 10:17:19] [[32mINFO[0m] [logger.py:120] 3. Loading vehicle detector...
[2026-01-08 10:17:19] [[32mINFO[0m] [logger.py:120] Loading YOLO model: C:\Users\iibai\projects\CRAI\ai\src\models/yolov8n.pt
[2026-01-08 10:17:19] [[32mINFO[0m] [logger.py:120] Model loaded successfully with threshold=0.5
[2026-01-08 10:17:19] [[32mINFO[0m] [logger.py:120] 4. Loading license plate detector...
[2026-01-08 10:17:19] [[32mINFO[0m] [logger.py:120] Loading license plate model: C:\Users\iibai\projects\CRAI\ai\src\models/license_plate_detector.pt
[2026-01-08 10:17:19] [[32mINFO[0m] [logger.py:120] License plate model loaded successfully with threshold=0.3
[2026-01-08 10:17:19] [[32mINFO[0m] [logger.py:120] 5. Initializing OCR...
[2026-01-08 10:17:21] [[32mINFO[0m] [logger.py:120] Initializing EasyOCR with languages: ['en'], GPU: False
[2026-01-08 10:17:23] [[32mINFO[0m] [logger.py:120] EasyOCR loaded successfully
[2026-01-08 10:17:23] [[32mINFO[0m] [logger.py:120] └─ Completed: System initialization (25.943s)
[2026-01-08 10:17:23] [[32mINFO[0m] [logger.py:120] ┌─ Starting: Parameter configuration
[2026-01-08 10:17:23] [[32mINFO[0m] [logger.py:120] Window: CRAI - Car Registration AI
[2026-01-08 10:17:23] [[32mINFO[0m] [logger.py:120] OCR available: True
[2026-01-08 10:17:23] [[32mINFO[0m] [logger.py:120] └─ Completed: Parameter configuration (0.001s)
[2026-01-08 10:17:23] [[32mINFO[0m] [logger.py:120] Starting main loop...
[2026-01-08 10:17:28] [[32mINFO[0m] [logger.py:120] New plate detected and queued: 5389VHK (conf: 0.55)
[2026-01-08 10:17:28] [[32mINFO[0m] [logger.py:120] New plate detected and queued: 6389VHK (conf: 0.70)
[2026-01-08 10:17:31] [[32mINFO[0m] [logger.py:120] New plate detected and queued: 5389WHK (conf: 0.42)
[2026-01-08 10:17:38] [[32mINFO[0m] [logger.py:120] ┌─ Starting: Detection summary
[2026-01-08 10:17:38] [[32mINFO[0m] [logger.py:120] Total unique plates detected: 3
[2026-01-08 10:17:38] [[32mINFO[0m] [logger.py:120] 
============================================================
Plate           Times    Confidence   Vehicle
------------------------------------------------------------
5389VHK         3        0.55         car
5389WHK         2        0.42         car
6389VHK         1        0.70         car
============================================================

[2026-01-08 10:17:38] [[32mINFO[0m] [logger.py:120] Queue statistics: Sent=0, Failed=0, Pending=2
[2026-01-08 10:17:38] [[32mINFO[0m] [logger.py:120] └─ Completed: Detection summary (0.001s)
[2026-01-08 10:17:38] [[32mINFO[0m] [logger.py:120] ┌─ Starting: System cleanup
[2026-01-08 10:17:38] [[32mINFO[0m] [logger.py:120] Stopping plate queue...
[2026-01-08 10:17:40] [[32mINFO[0m] [logger.py:120] Stopping video stream...
[2026-01-08 10:17:40] [[32mINFO[0m] [logger.py:120] Closing windows...
[2026-01-08 10:17:40] [[32mINFO[0m] [logger.py:120] System closed successfully
[2026-01-08 10:17:40] [[32mINFO[0m] [logger.py:120] └─ Completed: System cleanup (2.486s)
[2026-01-08 10:20:01] [[32mINFO[0m] [logger.py:120] ┌─ Starting: Loading configuration
[2026-01-08 10:20:01] [[32mINFO[0m] [logger.py:120] Configuration loaded from: C:\Users\iibai\projects\CRAI\ai\src\config/config.yaml
[2026-01-08 10:20:01] [[32mINFO[0m] [logger.py:120] Loading from: C:\Users\iibai\projects\CRAI\ai\src\config/config.yaml
[2026-01-08 10:20:01] [[32mINFO[0m] [logger.py:120] └─ Completed: Loading configuration (0.006s)
[2026-01-08 10:20:01] [[32mINFO[0m] [logger.py:120] ┌─ Starting: System initialization
[2026-01-08 10:20:01] [[32mINFO[0m] [logger.py:120] 1. Starting camera...
[2026-01-08 10:20:01] [[32mINFO[0m] [logger.py:120] Intentando inicializar webcam en source=1...
[2026-01-08 10:20:06] [[32mINFO[0m] [logger.py:120] ✓ Camera 1 funciona correctamente
[2026-01-08 10:20:23] [[32mINFO[0m] [logger.py:120] ✓ Camera started successfully
[2026-01-08 10:20:23] [[32mINFO[0m] [logger.py:120] 2. Initializing plate queue...
[2026-01-08 10:20:23] [[32mINFO[0m] [logger.py:120] ✓ Plate queue initialized
[2026-01-08 10:20:23] [[32mINFO[0m] [logger.py:120] ✓ Captures directory: C:\Users\iibai\projects\CRAI\ai\src\captures
[2026-01-08 10:20:23] [[32mINFO[0m] [logger.py:120] 3. Loading vehicle detector...
[2026-01-08 10:20:23] [[32mINFO[0m] [logger.py:120] Loading YOLO model: C:\Users\iibai\projects\CRAI\ai\src\models/yolov8n.pt
[2026-01-08 10:20:23] [[32mINFO[0m] [logger.py:120] Model loaded successfully with threshold=0.5
[2026-01-08 10:20:23] [[32mINFO[0m] [logger.py:120] 4. Loading license plate detector...
[2026-01-08 10:20:23] [[32mINFO[0m] [logger.py:120] Loading license plate model: C:\Users\iibai\projects\CRAI\ai\src\models/license_plate_detector.pt
[2026-01-08 10:20:23] [[32mINFO[0m] [logger.py:120] License plate model loaded successfully with threshold=0.3
[2026-01-08 10:20:23] [[32mINFO[0m] [logger.py:120] 5. Initializing OCR...
[2026-01-08 10:20:23] [[32mINFO[0m] [logger.py:120] Initializing EasyOCR with languages: ['en'], GPU: False
[2026-01-08 10:20:26] [[32mINFO[0m] [logger.py:120] EasyOCR loaded successfully
[2026-01-08 10:20:26] [[32mINFO[0m] [logger.py:120] └─ Completed: System initialization (25.744s)
[2026-01-08 10:20:26] [[32mINFO[0m] [logger.py:120] ┌─ Starting: Parameter configuration
[2026-01-08 10:20:26] [[32mINFO[0m] [logger.py:120] Window: CRAI - Car Registration AI
[2026-01-08 10:20:26] [[32mINFO[0m] [logger.py:120] OCR available: True
[2026-01-08 10:20:26] [[32mINFO[0m] [logger.py:120] └─ Completed: Parameter configuration (0.001s)
[2026-01-08 10:20:26] [[32mINFO[0m] [logger.py:120] Starting main loop...
[2026-01-08 10:20:40] [[32mINFO[0m] [logger.py:120] Captures saved: 20260108_102040_5389VHK_vehicle.jpg
[2026-01-08 10:20:40] [[32mINFO[0m] [logger.py:120] New plate detected and queued: 5389VHK (conf: 0.38)
[2026-01-08 10:20:48] [[32mINFO[0m] [logger.py:120] Captures saved: 20260108_102048_5389WHK_vehicle.jpg
[2026-01-08 10:20:48] [[32mINFO[0m] [logger.py:120] New plate detected and queued: 5389WHK (conf: 0.49)
[2026-01-08 10:20:53] [[32mINFO[0m] [logger.py:120] ┌─ Starting: Detection summary
[2026-01-08 10:20:53] [[32mINFO[0m] [logger.py:120] Total unique plates detected: 2
[2026-01-08 10:20:53] [[32mINFO[0m] [logger.py:120] 
============================================================
Plate           Times    Confidence   Vehicle
------------------------------------------------------------
5389VHK         6        0.38         car
5389WHK         1        0.49         car
============================================================

[2026-01-08 10:20:53] [[32mINFO[0m] [logger.py:120] Queue statistics: Sent=0, Failed=0, Pending=1
[2026-01-08 10:20:53] [[32mINFO[0m] [logger.py:120] └─ Completed: Detection summary (0.001s)
[2026-01-08 10:20:53] [[32mINFO[0m] [logger.py:120] ┌─ Starting: System cleanup
[2026-01-08 10:20:53] [[32mINFO[0m] [logger.py:120] Stopping plate queue...
[2026-01-08 10:20:58] [[32mINFO[0m] [logger.py:120] Stopping video stream...
[2026-01-08 10:20:58] [[32mINFO[0m] [logger.py:120] Closing windows...
[2026-01-08 10:20:58] [[32mINFO[0m] [logger.py:120] System closed successfully
[2026-01-08 10:20:58] [[32mINFO[0m] [logger.py:120] └─ Completed: System cleanup (5.023s)
[2026-01-08 10:28:51] [[32mINFO[0m] [logger.py:120] ┌─ Starting: Loading configuration
[2026-01-08 10:28:51] [[32mINFO[0m] [logger.py:120] Configuration loaded from: C:\Users\iibai\projects\CRAI\ai\src\config/config.yaml
[2026-01-08 10:28:51] [[32mINFO[0m] [logger.py:120] Loading from: C:\Users\iibai\projects\CRAI\ai\src\config/config.yaml
[2026-01-08 10:28:51] [[32mINFO[0m] [logger.py:120] └─ Completed: Loading configuration (0.006s)
[2026-01-08 10:28:51] [[32mINFO[0m] [logger.py:120] ┌─ Starting: System initialization
[2026-01-08 10:28:51] [[32mINFO[0m] [logger.py:120] 1. Starting camera...
[2026-01-08 10:28:51] [[32mINFO[0m] [logger.py:120] Intentando inicializar webcam en source=1...
[2026-01-08 10:28:57] [[32mINFO[0m] [logger.py:120] ✓ Camera 1 funciona correctamente
[2026-01-08 10:29:13] [[32mINFO[0m] [logger.py:120] ✓ Camera started successfully
[2026-01-08 10:29:13] [[32mINFO[0m] [logger.py:120] 2. Initializing plate queue...
[2026-01-08 10:29:13] [[32mINFO[0m] [logger.py:120] ✓ Plate queue initialized
[2026-01-08 10:29:13] [[32mINFO[0m] [logger.py:120] ✓ Captures directory: C:\Users\iibai\projects\CRAI\ai\src\captures
[2026-01-08 10:29:13] [[32mINFO[0m] [logger.py:120] 3. Loading vehicle detector...
[2026-01-08 10:29:13] [[32mINFO[0m] [logger.py:120] Loading YOLO model: C:\Users\iibai\projects\CRAI\ai\src\models/yolov8n.pt
[2026-01-08 10:29:13] [[32mINFO[0m] [logger.py:120] Model loaded successfully with threshold=0.5
[2026-01-08 10:29:13] [[32mINFO[0m] [logger.py:120] 4. Loading license plate detector...
[2026-01-08 10:29:13] [[32mINFO[0m] [logger.py:120] Loading license plate model: C:\Users\iibai\projects\CRAI\ai\src\models/license_plate_detector.pt
[2026-01-08 10:29:13] [[32mINFO[0m] [logger.py:120] License plate model loaded successfully with threshold=0.3
[2026-01-08 10:29:13] [[32mINFO[0m] [logger.py:120] 5. Initializing OCR...
[2026-01-08 10:29:13] [[32mINFO[0m] [logger.py:120] Initializing EasyOCR with languages: ['en'], GPU: False
[2026-01-08 10:29:15] [[32mINFO[0m] [logger.py:120] EasyOCR loaded successfully
[2026-01-08 10:29:15] [[32mINFO[0m] [logger.py:120] └─ Completed: System initialization (23.887s)
[2026-01-08 10:29:15] [[32mINFO[0m] [logger.py:120] ┌─ Starting: Parameter configuration
[2026-01-08 10:29:15] [[32mINFO[0m] [logger.py:120] Window: CRAI - Car Registration AI
[2026-01-08 10:29:15] [[32mINFO[0m] [logger.py:120] OCR available: True
[2026-01-08 10:29:15] [[32mINFO[0m] [logger.py:120] └─ Completed: Parameter configuration (0.001s)
[2026-01-08 10:29:15] [[32mINFO[0m] [logger.py:120] Starting main loop...
[2026-01-08 10:29:23] [[32mINFO[0m] [logger.py:120] Captures saved: 20260108_102923_5389VHK_vehicle.jpg
[2026-01-08 10:29:23] [[32mINFO[0m] [logger.py:120] New plate detected and queued: 5389VHK (conf: 0.51)
[2026-01-08 10:29:23] [[32mINFO[0m] [logger.py:120] Captures saved: 20260108_102923_5389WHK_vehicle.jpg
[2026-01-08 10:29:23] [[32mINFO[0m] [logger.py:120] New plate detected and queued: 5389WHK (conf: 0.45)
[2026-01-08 10:29:25] [[32mINFO[0m] [logger.py:120] Captures saved: 20260108_102925_5389LHK_vehicle.jpg
[2026-01-08 10:29:25] [[32mINFO[0m] [logger.py:120] New plate detected and queued: 5389LHK (conf: 0.54)
[2026-01-08 10:29:29] [[32mINFO[0m] [logger.py:120] Captures saved: 20260108_102929_5389THK_vehicle.jpg
[2026-01-08 10:29:29] [[32mINFO[0m] [logger.py:120] New plate detected and queued: 5389THK (conf: 0.29)
[2026-01-08 10:29:37] [[32mINFO[0m] [logger.py:120] Captures saved: 20260108_102937_5389MHK_vehicle.jpg
[2026-01-08 10:29:37] [[32mINFO[0m] [logger.py:120] New plate detected and queued: 5389MHK (conf: 0.66)
[2026-01-08 10:29:38] [[32mINFO[0m] [logger.py:120] Captures saved: 20260108_102938_5389NHK_vehicle.jpg
[2026-01-08 10:29:38] [[32mINFO[0m] [logger.py:120] New plate detected and queued: 5389NHK (conf: 0.65)
[2026-01-08 10:29:45] [[32mINFO[0m] [logger.py:120] Captures saved: 20260108_102945_5389HHK_vehicle.jpg
[2026-01-08 10:29:45] [[32mINFO[0m] [logger.py:120] New plate detected and queued: 5389HHK (conf: 0.84)
[2026-01-08 10:29:47] [[32mINFO[0m] [logger.py:120] ┌─ Starting: Detection summary
[2026-01-08 10:29:47] [[32mINFO[0m] [logger.py:120] Total unique plates detected: 7
[2026-01-08 10:29:47] [[32mINFO[0m] [logger.py:120] 
============================================================
Plate           Times    Confidence   Vehicle
------------------------------------------------------------
5389VHK         9        0.51         car
5389MHK         7        0.66         car
5389WHK         4        0.45         car
5389HHK         2        0.84         car
5389LHK         1        0.54         car
5389THK         1        0.29         car
5389NHK         1        0.65         car
============================================================

[2026-01-08 10:29:47] [[32mINFO[0m] [logger.py:120] Queue statistics: Sent=0, Failed=0, Pending=6
[2026-01-08 10:29:47] [[32mINFO[0m] [logger.py:120] └─ Completed: Detection summary (0.001s)
[2026-01-08 10:29:47] [[32mINFO[0m] [logger.py:120] ┌─ Starting: System cleanup
[2026-01-08 10:29:47] [[32mINFO[0m] [logger.py:120] Stopping plate queue...
[2026-01-08 10:29:52] [[32mINFO[0m] [logger.py:120] Stopping video stream...
[2026-01-08 10:29:52] [[32mINFO[0m] [logger.py:120] Closing windows...
[2026-01-08 10:29:52] [[32mINFO[0m] [logger.py:120] System closed successfully
[2026-01-08 10:29:52] [[32mINFO[0m] [logger.py:120] └─ Completed: System cleanup (5.015s)
[2026-01-13 11:42:04] [[32mINFO[0m] [logger.py:120] ┌─ Starting: Loading configuration
[2026-01-13 11:42:04] [[32mINFO[0m] [logger.py:120] Configuration loaded from: C:\Users\iibai\projects\CRAI\ai\src\config/config.yaml
[2026-01-13 11:42:05] [[32mINFO[0m] [logger.py:120] Loading from: C:\Users\iibai\projects\CRAI\ai\src\config/config.yaml
[2026-01-13 11:42:05] [[32mINFO[0m] [logger.py:120] └─ Completed: Loading configuration (0.017s)
[2026-01-13 11:42:05] [[32mINFO[0m] [logger.py:120] ┌─ Starting: System initialization
[2026-01-13 11:42:05] [[32mINFO[0m] [logger.py:120] 1. Starting camera...
[2026-01-13 11:42:05] [[32mINFO[0m] [logger.py:120] Intentando inicializar webcam en source=1...
[2026-01-13 11:42:11] [[32mINFO[0m] [logger.py:120] ✓ Camera 1 funciona correctamente
[2026-01-13 11:42:27] [[32mINFO[0m] [logger.py:120] ✓ Camera started successfully
[2026-01-13 11:42:27] [[32mINFO[0m] [logger.py:120] 2. Initializing plate queue...
[2026-01-13 11:42:27] [[32mINFO[0m] [logger.py:120] ✓ Plate queue initialized
[2026-01-13 11:42:27] [[32mINFO[0m] [logger.py:120] ✓ Captures directory: C:\Users\iibai\projects\CRAI\ai\src\captures
[2026-01-13 11:42:27] [[32mINFO[0m] [logger.py:120] 3. Loading vehicle detector...
[2026-01-13 11:42:27] [[32mINFO[0m] [logger.py:120] Loading YOLO model: C:\Users\iibai\projects\CRAI\ai\src\models/yolov8n.pt
[2026-01-13 11:42:28] [[32mINFO[0m] [logger.py:120] Model loaded successfully with threshold=0.5
[2026-01-13 11:42:28] [[32mINFO[0m] [logger.py:120] 4. Loading license plate detector...
[2026-01-13 11:42:28] [[32mINFO[0m] [logger.py:120] Loading license plate model: C:\Users\iibai\projects\CRAI\ai\src\models/license_plate_detector.pt
[2026-01-13 11:42:28] [[32mINFO[0m] [logger.py:120] License plate model loaded successfully with threshold=0.3
[2026-01-13 11:42:28] [[32mINFO[0m] [logger.py:120] 5. Initializing OCR...
[2026-01-13 11:42:30] [[32mINFO[0m] [logger.py:120] Initializing EasyOCR with languages: ['en'], GPU: False
[2026-01-13 11:42:32] [[32mINFO[0m] [logger.py:120] EasyOCR loaded successfully
[2026-01-13 11:42:32] [[32mINFO[0m] [logger.py:120] └─ Completed: System initialization (27.070s)
[2026-01-13 11:42:32] [[32mINFO[0m] [logger.py:120] ┌─ Starting: Parameter configuration
[2026-01-13 11:42:32] [[32mINFO[0m] [logger.py:120] Window: CRAI - Car Registration AI
[2026-01-13 11:42:32] [[32mINFO[0m] [logger.py:120] OCR available: True
[2026-01-13 11:42:32] [[32mINFO[0m] [logger.py:120] └─ Completed: Parameter configuration (0.001s)
[2026-01-13 11:42:32] [[32mINFO[0m] [logger.py:120] Starting main loop...
[2026-01-13 11:42:38] [[32mINFO[0m] [logger.py:120] Captures saved: 20260113_114238_6453JSM_vehicle.jpg
[2026-01-13 11:42:38] [[32mINFO[0m] [logger.py:120] New plate detected and queued: 6453JSM (conf: 0.94)
[2026-01-13 11:42:42] [[32mINFO[0m] [logger.py:120] Captures saved: 20260113_114242_4453JSM_vehicle.jpg
[2026-01-13 11:42:42] [[32mINFO[0m] [logger.py:120] New plate detected and queued: 4453JSM (conf: 0.67)
[2026-01-13 11:43:49] [[32mINFO[0m] [logger.py:120] ┌─ Starting: Detection summary
[2026-01-13 11:43:49] [[32mINFO[0m] [logger.py:120] Total unique plates detected: 2
[2026-01-13 11:43:49] [[32mINFO[0m] [logger.py:120] 
============================================================
Plate           Times    Confidence   Vehicle
------------------------------------------------------------
6453JSM         11       0.94         car
4453JSM         5        0.67         car
============================================================

[2026-01-13 11:43:49] [[32mINFO[0m] [logger.py:120] Queue statistics: Sent=0, Failed=2, Pending=0
[2026-01-13 11:43:49] [[32mINFO[0m] [logger.py:120] └─ Completed: Detection summary (0.001s)
[2026-01-13 11:43:49] [[32mINFO[0m] [logger.py:120] ┌─ Starting: System cleanup
[2026-01-13 11:43:49] [[32mINFO[0m] [logger.py:120] Stopping plate queue...
[2026-01-13 11:43:49] [[32mINFO[0m] [logger.py:120] Stopping video stream...
[2026-01-13 11:43:49] [[32mINFO[0m] [logger.py:120] Closing windows...
[2026-01-13 11:43:49] [[32mINFO[0m] [logger.py:120] System closed successfully
[2026-01-13 11:43:49] [[32mINFO[0m] [logger.py:120] └─ Completed: System cleanup (0.410s)
[2026-01-13 19:50:22] [[32mINFO[0m] [logger.py:120] ┌─ Starting: Loading configuration
[2026-01-13 19:50:22] [[32mINFO[0m] [logger.py:120] Configuration loaded from: C:\Users\04aza\UNI\3 Urtea\1.SEMESTREA\PBL\CRAI\ai\src\config/config.yaml
[2026-01-13 19:50:22] [[32mINFO[0m] [logger.py:120] Loading from: C:\Users\04aza\UNI\3 Urtea\1.SEMESTREA\PBL\CRAI\ai\src\config/config.yaml
[2026-01-13 19:50:22] [[32mINFO[0m] [logger.py:120] └─ Completed: Loading configuration (0.049s)
[2026-01-13 19:50:22] [[32mINFO[0m] [logger.py:120] ┌─ Starting: System initialization
[2026-01-13 19:50:22] [[32mINFO[0m] [logger.py:120] 1. Starting camera...
[2026-01-13 19:50:22] [[32mINFO[0m] [logger.py:120] Intentando inicializar webcam en source=1...
[2026-01-13 19:50:30] [[32mINFO[0m] [logger.py:120] ✓ Camera 1 funciona correctamente
[2026-01-13 19:50:54] [[32mINFO[0m] [logger.py:120] ✓ Camera started successfully
[2026-01-13 19:50:54] [[32mINFO[0m] [logger.py:120] 2. Initializing plate queue...
[2026-01-13 19:50:54] [[32mINFO[0m] [logger.py:120] ✓ Plate queue initialized
[2026-01-13 19:50:54] [[32mINFO[0m] [logger.py:120] ✓ Captures directory: C:\Users\04aza\UNI\3 Urtea\1.SEMESTREA\PBL\CRAI\ai\src\captures
[2026-01-13 19:50:54] [[32mINFO[0m] [logger.py:120] 3. Loading vehicle detector...
[2026-01-13 19:50:54] [[32mINFO[0m] [logger.py:120] Loading YOLO model: C:\Users\04aza\UNI\3 Urtea\1.SEMESTREA\PBL\CRAI\ai\src\models/yolov8n.pt
[2026-01-13 19:50:54] [[32mINFO[0m] [logger.py:120] Model loaded successfully with threshold=0.5
[2026-01-13 19:50:54] [[32mINFO[0m] [logger.py:120] 4. Loading license plate detector...
[2026-01-13 19:50:54] [[32mINFO[0m] [logger.py:120] Loading license plate model: C:\Users\04aza\UNI\3 Urtea\1.SEMESTREA\PBL\CRAI\ai\src\models/license_plate_detector.pt
[2026-01-13 19:50:54] [[32mINFO[0m] [logger.py:120] License plate model loaded successfully with threshold=0.3
[2026-01-13 19:50:54] [[32mINFO[0m] [logger.py:120] 5. Initializing OCR...
[2026-01-13 19:50:55] [[32mINFO[0m] [logger.py:120] Initializing EasyOCR with languages: ['en'], GPU: False
[2026-01-13 19:50:56] [[32mINFO[0m] [logger.py:120] EasyOCR loaded successfully
[2026-01-13 19:50:56] [[32mINFO[0m] [logger.py:120] └─ Completed: System initialization (34.498s)
[2026-01-13 19:50:56] [[32mINFO[0m] [logger.py:120] ┌─ Starting: Parameter configuration
[2026-01-13 19:50:56] [[32mINFO[0m] [logger.py:120] Window: CRAI - Car Registration AI
[2026-01-13 19:50:56] [[32mINFO[0m] [logger.py:120] OCR available: True
[2026-01-13 19:50:56] [[32mINFO[0m] [logger.py:120] └─ Completed: Parameter configuration (0.001s)
[2026-01-13 19:50:56] [[32mINFO[0m] [logger.py:120] Starting main loop...
[2026-01-13 19:51:07] [[32mINFO[0m] [logger.py:120] ┌─ Starting: Detection summary
[2026-01-13 19:51:07] [[33mWARNING[0m] [logger.py:124] No plates with valid text detected
[2026-01-13 19:51:07] [[32mINFO[0m] [logger.py:120] Queue statistics: Sent=0, Failed=0, Pending=0
[2026-01-13 19:51:07] [[32mINFO[0m] [logger.py:120] └─ Completed: Detection summary (0.001s)
[2026-01-13 19:51:07] [[32mINFO[0m] [logger.py:120] ┌─ Starting: System cleanup
[2026-01-13 19:51:07] [[32mINFO[0m] [logger.py:120] Stopping plate queue...
[2026-01-13 19:51:07] [[32mINFO[0m] [logger.py:120] Stopping video stream...
[2026-01-13 19:51:07] [[32mINFO[0m] [logger.py:120] Closing windows...
[2026-01-13 19:51:07] [[32mINFO[0m] [logger.py:120] System closed successfully
[2026-01-13 19:51:07] [[32mINFO[0m] [logger.py:120] └─ Completed: System cleanup (0.220s)
[2026-01-13 19:51:33] [[32mINFO[0m] [logger.py:120] ┌─ Starting: Loading configuration
[2026-01-13 19:51:33] [[32mINFO[0m] [logger.py:120] Configuration loaded from: C:\Users\04aza\UNI\3 Urtea\1.SEMESTREA\PBL\CRAI\ai\src\config/config.yaml
[2026-01-13 19:51:33] [[32mINFO[0m] [logger.py:120] Loading from: C:\Users\04aza\UNI\3 Urtea\1.SEMESTREA\PBL\CRAI\ai\src\config/config.yaml
[2026-01-13 19:51:33] [[32mINFO[0m] [logger.py:120] └─ Completed: Loading configuration (0.007s)
[2026-01-13 19:51:33] [[32mINFO[0m] [logger.py:120] ┌─ Starting: System initialization
[2026-01-13 19:51:33] [[32mINFO[0m] [logger.py:120] 1. Starting camera...
[2026-01-13 19:51:33] [[32mINFO[0m] [logger.py:120] Intentando inicializar webcam en source=1...
[2026-01-13 19:51:41] [[32mINFO[0m] [logger.py:120] ✓ Camera 1 funciona correctamente
[2026-01-13 19:52:05] [[32mINFO[0m] [logger.py:120] ✓ Camera started successfully
[2026-01-13 19:52:05] [[32mINFO[0m] [logger.py:120] 2. Initializing plate queue...
[2026-01-13 19:52:05] [[32mINFO[0m] [logger.py:120] ✓ Plate queue initialized
[2026-01-13 19:52:05] [[32mINFO[0m] [logger.py:120] ✓ Captures directory: C:\Users\04aza\UNI\3 Urtea\1.SEMESTREA\PBL\CRAI\ai\src\captures
[2026-01-13 19:52:05] [[32mINFO[0m] [logger.py:120] 3. Loading vehicle detector...
[2026-01-13 19:52:05] [[32mINFO[0m] [logger.py:120] Loading YOLO model: C:\Users\04aza\UNI\3 Urtea\1.SEMESTREA\PBL\CRAI\ai\src\models/yolov8n.pt
[2026-01-13 19:52:05] [[32mINFO[0m] [logger.py:120] Model loaded successfully with threshold=0.5
[2026-01-13 19:52:05] [[32mINFO[0m] [logger.py:120] 4. Loading license plate detector...
[2026-01-13 19:52:05] [[32mINFO[0m] [logger.py:120] Loading license plate model: C:\Users\04aza\UNI\3 Urtea\1.SEMESTREA\PBL\CRAI\ai\src\models/license_plate_detector.pt
[2026-01-13 19:52:05] [[32mINFO[0m] [logger.py:120] License plate model loaded successfully with threshold=0.3
[2026-01-13 19:52:05] [[32mINFO[0m] [logger.py:120] 5. Initializing OCR...
[2026-01-13 19:52:05] [[32mINFO[0m] [logger.py:120] Initializing EasyOCR with languages: ['en'], GPU: False
[2026-01-13 19:52:07] [[32mINFO[0m] [logger.py:120] EasyOCR loaded successfully
[2026-01-13 19:52:07] [[32mINFO[0m] [logger.py:120] └─ Completed: System initialization (33.397s)
[2026-01-13 19:52:07] [[32mINFO[0m] [logger.py:120] ┌─ Starting: Parameter configuration
[2026-01-13 19:52:07] [[32mINFO[0m] [logger.py:120] Window: CRAI - Car Registration AI
[2026-01-13 19:52:07] [[32mINFO[0m] [logger.py:120] OCR available: True
[2026-01-13 19:52:07] [[32mINFO[0m] [logger.py:120] └─ Completed: Parameter configuration (0.001s)
[2026-01-13 19:52:07] [[32mINFO[0m] [logger.py:120] Starting main loop...
[2026-01-13 19:52:27] [[32mINFO[0m] [logger.py:120] ┌─ Starting: Detection summary
[2026-01-13 19:52:27] [[33mWARNING[0m] [logger.py:124] No plates with valid text detected
[2026-01-13 19:52:27] [[32mINFO[0m] [logger.py:120] Queue statistics: Sent=0, Failed=0, Pending=0
[2026-01-13 19:52:27] [[32mINFO[0m] [logger.py:120] └─ Completed: Detection summary (0.001s)
[2026-01-13 19:52:27] [[32mINFO[0m] [logger.py:120] ┌─ Starting: System cleanup
[2026-01-13 19:52:27] [[32mINFO[0m] [logger.py:120] Stopping plate queue...
[2026-01-13 19:52:27] [[32mINFO[0m] [logger.py:120] Stopping video stream...
[2026-01-13 19:52:27] [[32mINFO[0m] [logger.py:120] Closing windows...
[2026-01-13 19:52:27] [[32mINFO[0m] [logger.py:120] System closed successfully
[2026-01-13 19:52:27] [[32mINFO[0m] [logger.py:120] └─ Completed: System cleanup (0.081s)
[2026-01-13 19:55:28] [[32mINFO[0m] [logger.py:120] ┌─ Starting: Loading configuration
[2026-01-13 19:55:28] [[32mINFO[0m] [logger.py:120] Configuration loaded from: C:\Users\04aza\UNI\3 Urtea\1.SEMESTREA\PBL\CRAI\ai\src\config/config.yaml
[2026-01-13 19:55:28] [[32mINFO[0m] [logger.py:120] Loading from: C:\Users\04aza\UNI\3 Urtea\1.SEMESTREA\PBL\CRAI\ai\src\config/config.yaml
[2026-01-13 19:55:28] [[32mINFO[0m] [logger.py:120] └─ Completed: Loading configuration (0.008s)
[2026-01-13 19:55:28] [[32mINFO[0m] [logger.py:120] ┌─ Starting: System initialization
[2026-01-13 19:55:28] [[32mINFO[0m] [logger.py:120] 1. Starting camera...
[2026-01-13 19:55:28] [[32mINFO[0m] [logger.py:120] Intentando inicializar webcam en source=1...
[2026-01-13 19:55:36] [[32mINFO[0m] [logger.py:120] ✓ Camera 1 funciona correctamente
[2026-01-13 19:55:59] [[32mINFO[0m] [logger.py:120] ✓ Camera started successfully
[2026-01-13 19:55:59] [[32mINFO[0m] [logger.py:120] 2. Initializing plate queue...
[2026-01-13 19:55:59] [[32mINFO[0m] [logger.py:120] ✓ Plate queue initialized
[2026-01-13 19:55:59] [[32mINFO[0m] [logger.py:120] ✓ Captures directory: C:\Users\04aza\UNI\3 Urtea\1.SEMESTREA\PBL\CRAI\ai\src\captures
[2026-01-13 19:55:59] [[32mINFO[0m] [logger.py:120] 3. Loading vehicle detector...
[2026-01-13 19:55:59] [[32mINFO[0m] [logger.py:120] Loading YOLO model: C:\Users\04aza\UNI\3 Urtea\1.SEMESTREA\PBL\CRAI\ai\src\models/yolov8n.pt
[2026-01-13 19:55:59] [[32mINFO[0m] [logger.py:120] Model loaded successfully with threshold=0.5
[2026-01-13 19:55:59] [[32mINFO[0m] [logger.py:120] 4. Loading license plate detector...
[2026-01-13 19:55:59] [[32mINFO[0m] [logger.py:120] Loading license plate model: C:\Users\04aza\UNI\3 Urtea\1.SEMESTREA\PBL\CRAI\ai\src\models/license_plate_detector.pt
[2026-01-13 19:55:59] [[32mINFO[0m] [logger.py:120] License plate model loaded successfully with threshold=0.3
[2026-01-13 19:55:59] [[32mINFO[0m] [logger.py:120] 5. Initializing OCR...
[2026-01-13 19:56:00] [[32mINFO[0m] [logger.py:120] Initializing EasyOCR with languages: ['en'], GPU: False
[2026-01-13 19:56:01] [[32mINFO[0m] [logger.py:120] EasyOCR loaded successfully
[2026-01-13 19:56:01] [[32mINFO[0m] [logger.py:120] └─ Completed: System initialization (33.934s)
[2026-01-13 19:56:01] [[32mINFO[0m] [logger.py:120] ┌─ Starting: Parameter configuration
[2026-01-13 19:56:01] [[32mINFO[0m] [logger.py:120] Window: CRAI - Car Registration AI
[2026-01-13 19:56:01] [[32mINFO[0m] [logger.py:120] OCR available: True
[2026-01-13 19:56:01] [[32mINFO[0m] [logger.py:120] OCR frequency: every 15 frames
[2026-01-13 19:56:01] [[32mINFO[0m] [logger.py:120] └─ Completed: Parameter configuration (0.001s)
[2026-01-13 19:56:01] [[32mINFO[0m] [logger.py:120] Starting main loop...
[2026-01-13 19:56:25] [[32mINFO[0m] [logger.py:120] ┌─ Starting: Detection summary
[2026-01-13 19:56:25] [[33mWARNING[0m] [logger.py:124] No plates with valid text detected
[2026-01-13 19:56:25] [[32mINFO[0m] [logger.py:120] Queue statistics: Sent=0, Failed=0, Pending=0
[2026-01-13 19:56:25] [[32mINFO[0m] [logger.py:120] └─ Completed: Detection summary (0.001s)
[2026-01-13 19:56:25] [[32mINFO[0m] [logger.py:120] ┌─ Starting: System cleanup
[2026-01-13 19:56:25] [[32mINFO[0m] [logger.py:120] Stopping plate queue...
[2026-01-13 19:56:25] [[32mINFO[0m] [logger.py:120] Stopping video stream...
[2026-01-13 19:56:25] [[32mINFO[0m] [logger.py:120] Closing windows...
[2026-01-13 19:56:26] [[32mINFO[0m] [logger.py:120] System closed successfully
[2026-01-13 19:56:26] [[32mINFO[0m] [logger.py:120] └─ Completed: System cleanup (0.633s)
[2026-01-13 19:59:01] [[32mINFO[0m] [logger.py:120] ┌─ Starting: Loading configuration
[2026-01-13 19:59:01] [[32mINFO[0m] [logger.py:120] Configuration loaded from: C:\Users\04aza\UNI\3 Urtea\1.SEMESTREA\PBL\CRAI\ai\src\config/config.yaml
[2026-01-13 19:59:01] [[32mINFO[0m] [logger.py:120] Loading from: C:\Users\04aza\UNI\3 Urtea\1.SEMESTREA\PBL\CRAI\ai\src\config/config.yaml
[2026-01-13 19:59:01] [[32mINFO[0m] [logger.py:120] └─ Completed: Loading configuration (0.011s)
[2026-01-13 19:59:01] [[32mINFO[0m] [logger.py:120] ┌─ Starting: System initialization
[2026-01-13 19:59:01] [[32mINFO[0m] [logger.py:120] 1. Starting camera...
[2026-01-13 19:59:01] [[32mINFO[0m] [logger.py:120] Intentando inicializar webcam en source=1...
[2026-01-13 19:59:09] [[32mINFO[0m] [logger.py:120] ✓ Camera 1 funciona correctamente
[2026-01-13 19:59:32] [[32mINFO[0m] [logger.py:120] ✓ Camera started successfully
[2026-01-13 19:59:32] [[32mINFO[0m] [logger.py:120] 2. Initializing plate queue...
[2026-01-13 19:59:32] [[32mINFO[0m] [logger.py:120] ✓ Plate queue initialized
[2026-01-13 19:59:32] [[32mINFO[0m] [logger.py:120] ✓ Captures directory: C:\Users\04aza\UNI\3 Urtea\1.SEMESTREA\PBL\CRAI\ai\src\captures
[2026-01-13 19:59:32] [[32mINFO[0m] [logger.py:120] 3. Loading vehicle detector...
[2026-01-13 19:59:32] [[32mINFO[0m] [logger.py:120] Loading YOLO model: C:\Users\04aza\UNI\3 Urtea\1.SEMESTREA\PBL\CRAI\ai\src\models/yolov8n.pt
[2026-01-13 19:59:32] [[32mINFO[0m] [logger.py:120] Model loaded successfully with threshold=0.5
[2026-01-13 19:59:32] [[32mINFO[0m] [logger.py:120] 4. Loading license plate detector...
[2026-01-13 19:59:32] [[32mINFO[0m] [logger.py:120] Loading license plate model: C:\Users\04aza\UNI\3 Urtea\1.SEMESTREA\PBL\CRAI\ai\src\models/license_plate_detector.pt
[2026-01-13 19:59:32] [[32mINFO[0m] [logger.py:120] License plate model loaded successfully with threshold=0.3
[2026-01-13 19:59:32] [[32mINFO[0m] [logger.py:120] 5. Initializing OCR...
[2026-01-13 19:59:32] [[32mINFO[0m] [logger.py:120] Initializing EasyOCR with languages: ['en'], GPU: False
[2026-01-13 19:59:34] [[32mINFO[0m] [logger.py:120] EasyOCR loaded successfully
[2026-01-13 19:59:34] [[32mINFO[0m] [logger.py:120] └─ Completed: System initialization (33.329s)
[2026-01-13 19:59:34] [[32mINFO[0m] [logger.py:120] ┌─ Starting: Parameter configuration
[2026-01-13 19:59:34] [[32mINFO[0m] [logger.py:120] Window: CRAI - Car Registration AI
[2026-01-13 19:59:34] [[32mINFO[0m] [logger.py:120] OCR available: True
[2026-01-13 19:59:34] [[32mINFO[0m] [logger.py:120] OCR frequency: every 3 frames
[2026-01-13 19:59:34] [[32mINFO[0m] [logger.py:120] └─ Completed: Parameter configuration (0.001s)
[2026-01-13 19:59:34] [[32mINFO[0m] [logger.py:120] Starting main loop...
[2026-01-13 20:00:00] [[32mINFO[0m] [logger.py:120] Captures saved: 20260113_200000_1927JXK_vehicle.jpg
[2026-01-13 20:00:00] [[32mINFO[0m] [logger.py:120] New plate detected and queued: 1927JXK (conf: 0.56)
[2026-01-13 20:00:17] [[32mINFO[0m] [logger.py:120] Captures saved: 20260113_200017_4453JSM_vehicle.jpg
[2026-01-13 20:00:17] [[32mINFO[0m] [logger.py:120] New plate detected and queued: 4453JSM (conf: 0.67)
[2026-01-13 20:01:06] [[32mINFO[0m] [logger.py:120] Captures saved: 20260113_200106_0110RGW_vehicle.jpg
[2026-01-13 20:01:06] [[32mINFO[0m] [logger.py:120] New plate detected and queued: 0110RGW (conf: 0.26)
[2026-01-13 20:01:30] [[32mINFO[0m] [logger.py:120] Captures saved: 20260113_200130_4272LPZ_vehicle.jpg
[2026-01-13 20:01:30] [[32mINFO[0m] [logger.py:120] New plate detected and queued: 4272LPZ (conf: 0.29)
[2026-01-13 20:01:31] [[32mINFO[0m] [logger.py:120] Captures saved: 20260113_200131_4222LPZ_vehicle.jpg
[2026-01-13 20:01:31] [[32mINFO[0m] [logger.py:120] New plate detected and queued: 4222LPZ (conf: 0.32)
[2026-01-13 20:01:31] [[32mINFO[0m] [logger.py:120] Captures saved: 20260113_200131_8272LPZ_vehicle.jpg
[2026-01-13 20:01:31] [[32mINFO[0m] [logger.py:120] New plate detected and queued: 8272LPZ (conf: 0.16)
[2026-01-13 20:01:33] [[32mINFO[0m] [logger.py:120] Captures saved: 20260113_200133_0772LPZ_vehicle.jpg
[2026-01-13 20:01:33] [[32mINFO[0m] [logger.py:120] New plate detected and queued: 0772LPZ (conf: 0.31)
[2026-01-13 20:01:33] [[32mINFO[0m] [logger.py:120] Captures saved: 20260113_200133_1772LPZ_vehicle.jpg
[2026-01-13 20:01:33] [[32mINFO[0m] [logger.py:120] New plate detected and queued: 1772LPZ (conf: 0.52)
[2026-01-13 20:01:34] [[32mINFO[0m] [logger.py:120] Captures saved: 20260113_200134_4772LPZ_vehicle.jpg
[2026-01-13 20:01:34] [[32mINFO[0m] [logger.py:120] New plate detected and queued: 4772LPZ (conf: 0.65)
[2026-01-13 20:01:38] [[32mINFO[0m] [logger.py:120] Captures saved: 20260113_200138_8772LPZ_vehicle.jpg
[2026-01-13 20:01:38] [[32mINFO[0m] [logger.py:120] New plate detected and queued: 8772LPZ (conf: 0.37)
[2026-01-13 20:02:24] [[32mINFO[0m] [logger.py:120] Captures saved: 20260113_200224_6167CVG_vehicle.jpg
[2026-01-13 20:02:24] [[32mINFO[0m] [logger.py:120] New plate detected and queued: 6167CVG (conf: 0.48)
[2026-01-13 20:02:32] [[32mINFO[0m] [logger.py:120] Captures saved: 20260113_200232_5389MHK_vehicle.jpg
[2026-01-13 20:02:32] [[32mINFO[0m] [logger.py:120] New plate detected and queued: 5389MHK (conf: 0.77)
[2026-01-13 20:03:42] [[32mINFO[0m] [logger.py:120] Captures saved: 20260113_200342_2260MKF_vehicle.jpg
[2026-01-13 20:03:42] [[32mINFO[0m] [logger.py:120] New plate detected and queued: 2260MKF (conf: 0.30)
[2026-01-13 20:04:04] [[32mINFO[0m] [logger.py:120] ┌─ Starting: Detection summary
[2026-01-13 20:04:04] [[32mINFO[0m] [logger.py:120] Total unique plates detected: 13
[2026-01-13 20:04:04] [[32mINFO[0m] [logger.py:120] 
============================================================
Plate           Times    Confidence   Vehicle
------------------------------------------------------------
2260MKF         53       0.30         truck
1927JXK         19       0.56         car
1772LPZ         15       0.52         car
4453JSM         12       0.67         car
4772LPZ         9        0.65         car
5389MHK         7        0.77         car
0772LPZ         2        0.31         car
6167CVG         2        0.48         car
0110RGW         1        0.26         car
4272LPZ         1        0.29         car
============================================================

[2026-01-13 20:04:04] [[32mINFO[0m] [logger.py:120] Queue statistics: Sent=0, Failed=12, Pending=0
[2026-01-13 20:04:04] [[32mINFO[0m] [logger.py:120] └─ Completed: Detection summary (0.001s)
[2026-01-13 20:04:04] [[32mINFO[0m] [logger.py:120] ┌─ Starting: System cleanup
[2026-01-13 20:04:04] [[32mINFO[0m] [logger.py:120] Stopping plate queue...
[2026-01-13 20:04:08] [[32mINFO[0m] [logger.py:120] Stopping video stream...
[2026-01-13 20:04:08] [[32mINFO[0m] [logger.py:120] Closing windows...
[2026-01-13 20:04:08] [[32mINFO[0m] [logger.py:120] System closed successfully
[2026-01-13 20:04:08] [[32mINFO[0m] [logger.py:120] └─ Completed: System cleanup (4.107s)
[2026-01-13 20:19:48] [[32mINFO[0m] [logger.py:120] ┌─ Starting: Loading configuration
[2026-01-13 20:19:48] [[32mINFO[0m] [logger.py:120] Configuration loaded from: C:\Users\04aza\UNI\3 Urtea\1.SEMESTREA\PBL\CRAI\ai\src\config/config.yaml
[2026-01-13 20:19:48] [[32mINFO[0m] [logger.py:120] Loading from: C:\Users\04aza\UNI\3 Urtea\1.SEMESTREA\PBL\CRAI\ai\src\config/config.yaml
[2026-01-13 20:19:48] [[32mINFO[0m] [logger.py:120] └─ Completed: Loading configuration (0.008s)
[2026-01-13 20:19:48] [[32mINFO[0m] [logger.py:120] ┌─ Starting: System initialization
[2026-01-13 20:19:48] [[32mINFO[0m] [logger.py:120] 1. Starting camera...
[2026-01-13 20:19:48] [[32mINFO[0m] [logger.py:120] Intentando inicializar webcam en source=1...
[2026-01-13 20:19:57] [[32mINFO[0m] [logger.py:120] ✓ Camera 1 funciona correctamente
[2026-01-13 20:20:25] [[32mINFO[0m] [logger.py:120] ✓ Camera started successfully
[2026-01-13 20:20:25] [[32mINFO[0m] [logger.py:120] 2. Initializing plate queue...
[2026-01-13 20:20:25] [[32mINFO[0m] [logger.py:120] ✓ Plate queue initialized
[2026-01-13 20:20:25] [[32mINFO[0m] [logger.py:120] ✓ Captures directory: C:\Users\04aza\UNI\3 Urtea\1.SEMESTREA\PBL\CRAI\ai\src\captures
[2026-01-13 20:20:25] [[32mINFO[0m] [logger.py:120] 3. Loading YOLO vehicle detector...
[2026-01-13 20:20:25] [[32mINFO[0m] [logger.py:120] Loading YOLO model: C:\Users\04aza\UNI\3 Urtea\1.SEMESTREA\PBL\CRAI\ai\src\models/yolov8n.pt
[2026-01-13 20:20:25] [[32mINFO[0m] [logger.py:120] Model loaded successfully with threshold=0.5
[2026-01-13 20:20:25] [[32mINFO[0m] [logger.py:120] 4. Loading license plate detector...
[2026-01-13 20:20:25] [[32mINFO[0m] [logger.py:120] Loading license plate model: C:\Users\04aza\UNI\3 Urtea\1.SEMESTREA\PBL\CRAI\ai\src\models/license_plate_detector.pt
[2026-01-13 20:20:25] [[32mINFO[0m] [logger.py:120] License plate model loaded successfully with threshold=0.3
[2026-01-13 20:20:25] [[32mINFO[0m] [logger.py:120] 5. Initializing OCR...
[2026-01-13 20:20:26] [[32mINFO[0m] [logger.py:120] Initializing EasyOCR with languages: ['en'], GPU: False
[2026-01-13 20:20:29] [[32mINFO[0m] [logger.py:120] EasyOCR loaded successfully
[2026-01-13 20:20:29] [[32mINFO[0m] [logger.py:120] 6. Loading SSD custom model...
[2026-01-13 20:21:00] [[32mINFO[0m] [logger.py:120] Loading SSD model: C:\Users\04aza\UNI\3 Urtea\1.SEMESTREA\PBL\CRAI\ai\src\models\ssd_mobilenet_best.keras
[2026-01-13 20:21:00] [[31mERROR[0m] [logger.py:128] Error loading SSD model: Could not locate class 'SSDModel'. Make sure custom classes and functions are decorated with `@keras.saving.register_keras_serializable()`. If they are already decorated, make sure they are all imported so that the decorator is run before trying to load them. Full object config: {'module': None, 'class_name': 'SSDModel', 'config': {'name': 'ssd_model_1', 'trainable': True, 'dtype': {'module': 'keras', 'class_name': 'DTypePolicy', 'config': {'name': 'float32'}, 'registered_name': None}}, 'registered_name': 'SSDModel', 'compile_config': None}
[2026-01-13 20:21:00] [[33mWARNING[0m] [logger.py:124] SSD model not available: Could not locate class 'SSDModel'. Make sure custom classes and functions are decorated with `@keras.saving.register_keras_serializable()`. If they are already decorated, make sure they are all imported so that the decorator is run before trying to load them. Full object config: {'module': None, 'class_name': 'SSDModel', 'config': {'name': 'ssd_model_1', 'trainable': True, 'dtype': {'module': 'keras', 'class_name': 'DTypePolicy', 'config': {'name': 'float32'}, 'registered_name': None}}, 'registered_name': 'SSDModel', 'compile_config': None}
[2026-01-13 20:21:00] [[32mINFO[0m] [logger.py:120] └─ Completed: System initialization (72.449s)
[2026-01-13 20:21:00] [[32mINFO[0m] [logger.py:120] ┌─ Starting: Parameter configuration
[2026-01-13 20:21:00] [[32mINFO[0m] [logger.py:120] Window: CRAI - Car Registration AI
[2026-01-13 20:21:00] [[32mINFO[0m] [logger.py:120] OCR available: True
[2026-01-13 20:21:00] [[32mINFO[0m] [logger.py:120] SSD available: False
[2026-01-13 20:21:00] [[32mINFO[0m] [logger.py:120] OCR frequency: every 3 frames
[2026-01-13 20:21:00] [[32mINFO[0m] [logger.py:120] Press 'M' to toggle between YOLO+OCR and SSD Custom modes
[2026-01-13 20:21:00] [[32mINFO[0m] [logger.py:120] └─ Completed: Parameter configuration (0.013s)
[2026-01-13 20:21:00] [[32mINFO[0m] [logger.py:120] Starting main loop...
[2026-01-13 20:21:01] [[31mERROR[0m] [logger.py:128] 
Unexpected error: 'str' object is not callable
Traceback (most recent call last):
  File "C:\Users\04aza\UNI\3 Urtea\1.SEMESTREA\PBL\CRAI\ai\src\main.py", line 322, in main
    num_vehicles = len(vehicles) if 'vehicles' in dir() and vehicles else 0
                                                  ~~~^^
TypeError: 'str' object is not callable
[2026-01-13 20:21:01] [[32mINFO[0m] [logger.py:120] ┌─ Starting: Detection summary
[2026-01-13 20:21:01] [[33mWARNING[0m] [logger.py:124] No plates with valid text detected
[2026-01-13 20:21:01] [[32mINFO[0m] [logger.py:120] Queue statistics: Sent=0, Failed=0, Pending=0
[2026-01-13 20:21:01] [[32mINFO[0m] [logger.py:120] └─ Completed: Detection summary (0.001s)
[2026-01-13 20:21:01] [[32mINFO[0m] [logger.py:120] ┌─ Starting: System cleanup
[2026-01-13 20:21:01] [[32mINFO[0m] [logger.py:120] Stopping plate queue...
[2026-01-13 20:21:01] [[32mINFO[0m] [logger.py:120] Stopping video stream...
[2026-01-13 20:21:01] [[32mINFO[0m] [logger.py:120] Closing windows...
[2026-01-13 20:21:01] [[32mINFO[0m] [logger.py:120] System closed successfully
[2026-01-13 20:21:01] [[32mINFO[0m] [logger.py:120] └─ Completed: System cleanup (0.652s)
[2026-01-13 20:22:15] [[32mINFO[0m] [logger.py:120] ┌─ Starting: Loading configuration
[2026-01-13 20:22:15] [[32mINFO[0m] [logger.py:120] Configuration loaded from: C:\Users\04aza\UNI\3 Urtea\1.SEMESTREA\PBL\CRAI\ai\src\config/config.yaml
[2026-01-13 20:22:15] [[32mINFO[0m] [logger.py:120] Loading from: C:\Users\04aza\UNI\3 Urtea\1.SEMESTREA\PBL\CRAI\ai\src\config/config.yaml
[2026-01-13 20:22:15] [[32mINFO[0m] [logger.py:120] └─ Completed: Loading configuration (0.006s)
[2026-01-13 20:22:15] [[32mINFO[0m] [logger.py:120] ┌─ Starting: System initialization
[2026-01-13 20:22:15] [[32mINFO[0m] [logger.py:120] 1. Starting camera...
[2026-01-13 20:22:15] [[32mINFO[0m] [logger.py:120] Intentando inicializar webcam en source=1...
[2026-01-13 20:22:23] [[32mINFO[0m] [logger.py:120] ✓ Camera 1 funciona correctamente
[2026-01-13 20:22:47] [[32mINFO[0m] [logger.py:120] ✓ Camera started successfully
[2026-01-13 20:22:47] [[32mINFO[0m] [logger.py:120] 2. Initializing plate queue...
[2026-01-13 20:22:47] [[32mINFO[0m] [logger.py:120] ✓ Plate queue initialized
[2026-01-13 20:22:47] [[32mINFO[0m] [logger.py:120] ✓ Captures directory: C:\Users\04aza\UNI\3 Urtea\1.SEMESTREA\PBL\CRAI\ai\src\captures
[2026-01-13 20:22:47] [[32mINFO[0m] [logger.py:120] 3. Loading YOLO vehicle detector...
[2026-01-13 20:22:47] [[32mINFO[0m] [logger.py:120] Loading YOLO model: C:\Users\04aza\UNI\3 Urtea\1.SEMESTREA\PBL\CRAI\ai\src\models/yolov8n.pt
[2026-01-13 20:22:47] [[32mINFO[0m] [logger.py:120] Model loaded successfully with threshold=0.5
[2026-01-13 20:22:47] [[32mINFO[0m] [logger.py:120] 4. Loading license plate detector...
[2026-01-13 20:22:47] [[32mINFO[0m] [logger.py:120] Loading license plate model: C:\Users\04aza\UNI\3 Urtea\1.SEMESTREA\PBL\CRAI\ai\src\models/license_plate_detector.pt
[2026-01-13 20:22:47] [[32mINFO[0m] [logger.py:120] License plate model loaded successfully with threshold=0.3
[2026-01-13 20:22:47] [[32mINFO[0m] [logger.py:120] 5. Initializing OCR...
[2026-01-13 20:22:48] [[32mINFO[0m] [logger.py:120] Initializing EasyOCR with languages: ['en'], GPU: False
[2026-01-13 20:22:50] [[32mINFO[0m] [logger.py:120] EasyOCR loaded successfully
[2026-01-13 20:22:50] [[32mINFO[0m] [logger.py:120] 6. Loading SSD custom model...
[2026-01-13 20:22:54] [[32mINFO[0m] [logger.py:120] Loading SSD model: C:\Users\04aza\UNI\3 Urtea\1.SEMESTREA\PBL\CRAI\ai\src\models\ssd_mobilenet_best.keras
[2026-01-13 20:22:54] [[31mERROR[0m] [logger.py:128] Error loading SSD model: Could not locate class 'SSDModel'. Make sure custom classes and functions are decorated with `@keras.saving.register_keras_serializable()`. If they are already decorated, make sure they are all imported so that the decorator is run before trying to load them. Full object config: {'module': None, 'class_name': 'SSDModel', 'config': {'name': 'ssd_model_1', 'trainable': True, 'dtype': {'module': 'keras', 'class_name': 'DTypePolicy', 'config': {'name': 'float32'}, 'registered_name': None}}, 'registered_name': 'SSDModel', 'compile_config': None}
[2026-01-13 20:22:54] [[33mWARNING[0m] [logger.py:124] SSD model not available: Could not locate class 'SSDModel'. Make sure custom classes and functions are decorated with `@keras.saving.register_keras_serializable()`. If they are already decorated, make sure they are all imported so that the decorator is run before trying to load them. Full object config: {'module': None, 'class_name': 'SSDModel', 'config': {'name': 'ssd_model_1', 'trainable': True, 'dtype': {'module': 'keras', 'class_name': 'DTypePolicy', 'config': {'name': 'float32'}, 'registered_name': None}}, 'registered_name': 'SSDModel', 'compile_config': None}
[2026-01-13 20:22:54] [[32mINFO[0m] [logger.py:120] └─ Completed: System initialization (39.358s)
[2026-01-13 20:22:54] [[32mINFO[0m] [logger.py:120] ┌─ Starting: Parameter configuration
[2026-01-13 20:22:54] [[32mINFO[0m] [logger.py:120] Window: CRAI - Car Registration AI
[2026-01-13 20:22:54] [[32mINFO[0m] [logger.py:120] OCR available: True
[2026-01-13 20:22:54] [[32mINFO[0m] [logger.py:120] SSD available: False
[2026-01-13 20:22:54] [[32mINFO[0m] [logger.py:120] OCR frequency: every 3 frames
[2026-01-13 20:22:54] [[32mINFO[0m] [logger.py:120] Press 'M' to toggle between YOLO+OCR and SSD Custom modes
[2026-01-13 20:22:54] [[32mINFO[0m] [logger.py:120] └─ Completed: Parameter configuration (0.002s)
[2026-01-13 20:22:54] [[32mINFO[0m] [logger.py:120] Starting main loop...
[2026-01-13 20:23:34] [[32mINFO[0m] [logger.py:120] Captures saved: 20260113_202334_2260MKF_vehicle.jpg
[2026-01-13 20:23:34] [[32mINFO[0m] [logger.py:120] New plate detected and queued: 2260MKF (conf: 0.90)
[2026-01-13 20:23:43] [[32mINFO[0m] [logger.py:120] Captures saved: 20260113_202343_2280MKF_vehicle.jpg
[2026-01-13 20:23:43] [[32mINFO[0m] [logger.py:120] New plate detected and queued: 2280MKF (conf: 0.87)
[2026-01-13 20:24:02] [[32mINFO[0m] [logger.py:120] ┌─ Starting: Detection summary
[2026-01-13 20:24:02] [[32mINFO[0m] [logger.py:120] Total unique plates detected: 2
[2026-01-13 20:24:02] [[32mINFO[0m] [logger.py:120] 
============================================================
Plate           Times    Confidence   Vehicle
------------------------------------------------------------
2260MKF         22       0.90         truck
2280MKF         1        0.87         truck
============================================================

[2026-01-13 20:24:02] [[32mINFO[0m] [logger.py:120] Queue statistics: Sent=0, Failed=1, Pending=0
[2026-01-13 20:24:02] [[32mINFO[0m] [logger.py:120] └─ Completed: Detection summary (0.001s)
[2026-01-13 20:24:02] [[32mINFO[0m] [logger.py:120] ┌─ Starting: System cleanup
[2026-01-13 20:24:02] [[32mINFO[0m] [logger.py:120] Stopping plate queue...
[2026-01-13 20:24:02] [[32mINFO[0m] [logger.py:120] Stopping video stream...
[2026-01-13 20:24:02] [[32mINFO[0m] [logger.py:120] Closing windows...
[2026-01-13 20:24:03] [[32mINFO[0m] [logger.py:120] System closed successfully
[2026-01-13 20:24:03] [[32mINFO[0m] [logger.py:120] └─ Completed: System cleanup (0.510s)
[2026-01-13 20:25:22] [[32mINFO[0m] [logger.py:120] ┌─ Starting: Loading configuration
[2026-01-13 20:25:22] [[32mINFO[0m] [logger.py:120] Configuration loaded from: C:\Users\04aza\UNI\3 Urtea\1.SEMESTREA\PBL\CRAI\ai\src\config/config.yaml
[2026-01-13 20:25:22] [[32mINFO[0m] [logger.py:120] Loading from: C:\Users\04aza\UNI\3 Urtea\1.SEMESTREA\PBL\CRAI\ai\src\config/config.yaml
[2026-01-13 20:25:22] [[32mINFO[0m] [logger.py:120] └─ Completed: Loading configuration (0.012s)
[2026-01-13 20:25:22] [[32mINFO[0m] [logger.py:120] ┌─ Starting: System initialization
[2026-01-13 20:25:22] [[32mINFO[0m] [logger.py:120] 1. Starting camera...
[2026-01-13 20:25:22] [[32mINFO[0m] [logger.py:120] Intentando inicializar webcam en source=1...
[2026-01-13 20:25:30] [[32mINFO[0m] [logger.py:120] ✓ Camera 1 funciona correctamente
[2026-01-13 20:25:54] [[32mINFO[0m] [logger.py:120] ✓ Camera started successfully
[2026-01-13 20:25:54] [[32mINFO[0m] [logger.py:120] 2. Initializing plate queue...
[2026-01-13 20:25:54] [[32mINFO[0m] [logger.py:120] ✓ Plate queue initialized
[2026-01-13 20:25:54] [[32mINFO[0m] [logger.py:120] ✓ Captures directory: C:\Users\04aza\UNI\3 Urtea\1.SEMESTREA\PBL\CRAI\ai\src\captures
[2026-01-13 20:25:54] [[32mINFO[0m] [logger.py:120] 3. Loading YOLO vehicle detector...
[2026-01-13 20:25:54] [[32mINFO[0m] [logger.py:120] Loading YOLO model: C:\Users\04aza\UNI\3 Urtea\1.SEMESTREA\PBL\CRAI\ai\src\models/yolov8n.pt
[2026-01-13 20:25:54] [[32mINFO[0m] [logger.py:120] Model loaded successfully with threshold=0.5
[2026-01-13 20:25:54] [[32mINFO[0m] [logger.py:120] 4. Loading license plate detector...
[2026-01-13 20:25:54] [[32mINFO[0m] [logger.py:120] Loading license plate model: C:\Users\04aza\UNI\3 Urtea\1.SEMESTREA\PBL\CRAI\ai\src\models/license_plate_detector.pt
[2026-01-13 20:25:54] [[32mINFO[0m] [logger.py:120] License plate model loaded successfully with threshold=0.3
[2026-01-13 20:25:54] [[32mINFO[0m] [logger.py:120] 5. Initializing OCR...
[2026-01-13 20:25:55] [[32mINFO[0m] [logger.py:120] Initializing EasyOCR with languages: ['en'], GPU: False
[2026-01-13 20:25:57] [[32mINFO[0m] [logger.py:120] EasyOCR loaded successfully
[2026-01-13 20:25:57] [[32mINFO[0m] [logger.py:120] 6. Loading SSD custom model...
[2026-01-13 20:26:01] [[32mINFO[0m] [logger.py:120] Looking for SSD model at: C:\Users\04aza\UNI\3 Urtea\1.SEMESTREA\PBL\CRAI\ai\src\models\ssd_mobilenet_best.keras
[2026-01-13 20:26:01] [[32mINFO[0m] [logger.py:120] Model exists: True
[2026-01-13 20:26:01] [[32mINFO[0m] [logger.py:120] Loading SSD model: C:\Users\04aza\UNI\3 Urtea\1.SEMESTREA\PBL\CRAI\ai\src\models\ssd_mobilenet_best.keras
[2026-01-13 20:26:01] [[31mERROR[0m] [logger.py:128] Error loading SSD model: Could not locate class 'SSDModel'. Make sure custom classes and functions are decorated with `@keras.saving.register_keras_serializable()`. If they are already decorated, make sure they are all imported so that the decorator is run before trying to load them. Full object config: {'module': None, 'class_name': 'SSDModel', 'config': {'name': 'ssd_model_1', 'trainable': True, 'dtype': {'module': 'keras', 'class_name': 'DTypePolicy', 'config': {'name': 'float32'}, 'registered_name': None}}, 'registered_name': 'SSDModel', 'compile_config': None}
[2026-01-13 20:26:01] [[33mWARNING[0m] [logger.py:124] SSD model not available: Could not locate class 'SSDModel'. Make sure custom classes and functions are decorated with `@keras.saving.register_keras_serializable()`. If they are already decorated, make sure they are all imported so that the decorator is run before trying to load them. Full object config: {'module': None, 'class_name': 'SSDModel', 'config': {'name': 'ssd_model_1', 'trainable': True, 'dtype': {'module': 'keras', 'class_name': 'DTypePolicy', 'config': {'name': 'float32'}, 'registered_name': None}}, 'registered_name': 'SSDModel', 'compile_config': None}
[2026-01-13 20:26:01] [[32mINFO[0m] [logger.py:120] └─ Completed: System initialization (39.265s)
[2026-01-13 20:26:01] [[32mINFO[0m] [logger.py:120] ┌─ Starting: Parameter configuration
[2026-01-13 20:26:01] [[32mINFO[0m] [logger.py:120] Window: CRAI - Car Registration AI
[2026-01-13 20:26:01] [[32mINFO[0m] [logger.py:120] OCR available: True
[2026-01-13 20:26:01] [[32mINFO[0m] [logger.py:120] SSD available: False
[2026-01-13 20:26:01] [[32mINFO[0m] [logger.py:120] OCR frequency: every 3 frames
[2026-01-13 20:26:01] [[32mINFO[0m] [logger.py:120] Press 'M' to toggle between YOLO+OCR and SSD Custom modes
[2026-01-13 20:26:01] [[32mINFO[0m] [logger.py:120] └─ Completed: Parameter configuration (0.001s)
[2026-01-13 20:26:01] [[32mINFO[0m] [logger.py:120] Starting main loop...
[2026-01-13 20:26:26] [[32mINFO[0m] [logger.py:120] Captures saved: 20260113_202626_2260MKF_vehicle.jpg
[2026-01-13 20:26:26] [[32mINFO[0m] [logger.py:120] New plate detected and queued: 2260MKF (conf: 0.97)
[2026-01-13 20:26:33] [[32mINFO[0m] [logger.py:120] Captures saved: 20260113_202633_2280MKF_vehicle.jpg
[2026-01-13 20:26:33] [[32mINFO[0m] [logger.py:120] New plate detected and queued: 2280MKF (conf: 0.72)
[2026-01-13 20:26:39] [[32mINFO[0m] [logger.py:120] ┌─ Starting: Detection summary
[2026-01-13 20:26:39] [[32mINFO[0m] [logger.py:120] Total unique plates detected: 2
[2026-01-13 20:26:39] [[32mINFO[0m] [logger.py:120] 
============================================================
Plate           Times    Confidence   Vehicle
------------------------------------------------------------
2260MKF         26       0.97         truck
2280MKF         1        0.72         truck
============================================================

[2026-01-13 20:26:39] [[32mINFO[0m] [logger.py:120] Queue statistics: Sent=0, Failed=0, Pending=1
[2026-01-13 20:26:39] [[32mINFO[0m] [logger.py:120] └─ Completed: Detection summary (0.001s)
[2026-01-13 20:26:39] [[32mINFO[0m] [logger.py:120] ┌─ Starting: System cleanup
[2026-01-13 20:26:39] [[32mINFO[0m] [logger.py:120] Stopping plate queue...
[2026-01-13 20:26:44] [[32mINFO[0m] [logger.py:120] Stopping video stream...
[2026-01-13 20:26:44] [[32mINFO[0m] [logger.py:120] Closing windows...
[2026-01-13 20:26:44] [[32mINFO[0m] [logger.py:120] System closed successfully
[2026-01-13 20:26:44] [[32mINFO[0m] [logger.py:120] └─ Completed: System cleanup (5.038s)
[2026-01-13 20:31:50] [[32mINFO[0m] [logger.py:120] ┌─ Starting: Loading configuration
[2026-01-13 20:31:50] [[32mINFO[0m] [logger.py:120] Configuration loaded from: C:\Users\04aza\UNI\3 Urtea\1.SEMESTREA\PBL\CRAI\ai\src\config/config.yaml
[2026-01-13 20:31:50] [[32mINFO[0m] [logger.py:120] Loading from: C:\Users\04aza\UNI\3 Urtea\1.SEMESTREA\PBL\CRAI\ai\src\config/config.yaml
[2026-01-13 20:31:50] [[32mINFO[0m] [logger.py:120] └─ Completed: Loading configuration (0.011s)
[2026-01-13 20:31:50] [[32mINFO[0m] [logger.py:120] ┌─ Starting: System initialization
[2026-01-13 20:31:50] [[32mINFO[0m] [logger.py:120] 1. Starting camera...
[2026-01-13 20:31:50] [[32mINFO[0m] [logger.py:120] Intentando inicializar webcam en source=1...
[2026-01-13 20:31:59] [[32mINFO[0m] [logger.py:120] ✓ Camera 1 funciona correctamente
[2026-01-13 20:32:24] [[32mINFO[0m] [logger.py:120] ✓ Camera started successfully
[2026-01-13 20:32:24] [[32mINFO[0m] [logger.py:120] 2. Initializing plate queue...
[2026-01-13 20:32:24] [[32mINFO[0m] [logger.py:120] ✓ Plate queue initialized
[2026-01-13 20:32:24] [[32mINFO[0m] [logger.py:120] ✓ Captures directory: C:\Users\04aza\UNI\3 Urtea\1.SEMESTREA\PBL\CRAI\ai\src\captures
[2026-01-13 20:32:24] [[32mINFO[0m] [logger.py:120] 3. Loading YOLO vehicle detector...
[2026-01-13 20:32:24] [[32mINFO[0m] [logger.py:120] Loading YOLO model: C:\Users\04aza\UNI\3 Urtea\1.SEMESTREA\PBL\CRAI\ai\src\models/yolov8n.pt
[2026-01-13 20:32:24] [[32mINFO[0m] [logger.py:120] Model loaded successfully with threshold=0.5
[2026-01-13 20:32:24] [[32mINFO[0m] [logger.py:120] 4. Loading license plate detector...
[2026-01-13 20:32:24] [[32mINFO[0m] [logger.py:120] Loading license plate model: C:\Users\04aza\UNI\3 Urtea\1.SEMESTREA\PBL\CRAI\ai\src\models/license_plate_detector.pt
[2026-01-13 20:32:24] [[32mINFO[0m] [logger.py:120] License plate model loaded successfully with threshold=0.3
[2026-01-13 20:32:24] [[32mINFO[0m] [logger.py:120] 5. Initializing OCR...
[2026-01-13 20:32:24] [[32mINFO[0m] [logger.py:120] Initializing EasyOCR with languages: ['en'], GPU: False
[2026-01-13 20:32:26] [[32mINFO[0m] [logger.py:120] EasyOCR loaded successfully
[2026-01-13 20:32:26] [[32mINFO[0m] [logger.py:120] 6. Loading SSD custom model...
[2026-01-13 20:32:31] [[32mINFO[0m] [logger.py:120] Looking for SSD weights at: C:\Users\04aza\UNI\3 Urtea\1.SEMESTREA\PBL\CRAI\ai\notebooks\models\ssd_mobilenet_car_detector.weights.h5
[2026-01-13 20:32:31] [[32mINFO[0m] [logger.py:120] Weights exist: True
[2026-01-13 20:32:31] [[32mINFO[0m] [logger.py:120] Building SSD MobileNetV2 architecture...
[2026-01-13 20:32:33] [[32mINFO[0m] [logger.py:120] Model built: 2,626,684 parameters
[2026-01-13 20:32:33] [[32mINFO[0m] [logger.py:120]   Input: (None, 180, 320, 3)
[2026-01-13 20:32:33] [[32mINFO[0m] [logger.py:120]   Output boxes: (None, 4880, 4)
[2026-01-13 20:32:33] [[32mINFO[0m] [logger.py:120]   Output classes: (None, 4880, 1)
[2026-01-13 20:32:33] [[32mINFO[0m] [logger.py:120] Loading trained weights: C:\Users\04aza\UNI\3 Urtea\1.SEMESTREA\PBL\CRAI\ai\notebooks\models\ssd_mobilenet_car_detector.weights.h5
[2026-01-13 20:32:33] [[32mINFO[0m] [logger.py:120] Weights loaded successfully!
[2026-01-13 20:32:33] [[32mINFO[0m] [logger.py:120] SSD model ready with threshold=0.5
[2026-01-13 20:32:33] [[32mINFO[0m] [logger.py:120] Generated 4880 anchor boxes
[2026-01-13 20:32:33] [[32mINFO[0m] [logger.py:120] ✓ SSD custom model loaded successfully
[2026-01-13 20:32:33] [[32mINFO[0m] [logger.py:120] └─ Completed: System initialization (42.732s)
[2026-01-13 20:32:33] [[32mINFO[0m] [logger.py:120] ┌─ Starting: Parameter configuration
[2026-01-13 20:32:33] [[32mINFO[0m] [logger.py:120] Window: CRAI - Car Registration AI
[2026-01-13 20:32:33] [[32mINFO[0m] [logger.py:120] OCR available: True
[2026-01-13 20:32:33] [[32mINFO[0m] [logger.py:120] SSD available: True
[2026-01-13 20:32:33] [[32mINFO[0m] [logger.py:120] OCR frequency: every 3 frames
[2026-01-13 20:32:33] [[32mINFO[0m] [logger.py:120] Press 'M' to toggle between YOLO+OCR and SSD Custom modes
[2026-01-13 20:32:33] [[32mINFO[0m] [logger.py:120] └─ Completed: Parameter configuration (0.001s)
[2026-01-13 20:32:33] [[32mINFO[0m] [logger.py:120] Starting main loop...
[2026-01-13 20:32:46] [[32mINFO[0m] [logger.py:120] Captures saved: 20260113_203246_2260MKF_vehicle.jpg
[2026-01-13 20:32:46] [[32mINFO[0m] [logger.py:120] New plate detected and queued: 2260MKF (conf: 0.94)
[2026-01-13 20:32:52] [[32mINFO[0m] [logger.py:120] Switched to mode: SSD Custom
[2026-01-13 20:32:53] [[31mERROR[0m] [logger.py:128] 
Unexpected error: (0, slice(None, None, None), slice(None, 4, None))
Traceback (most recent call last):
  File "C:\Users\04aza\UNI\3 Urtea\1.SEMESTREA\PBL\CRAI\ai\src\main.py", line 174, in main
    vehicles = ssd_detector.detect(frame)
  File "C:\Users\04aza\UNI\3 Urtea\1.SEMESTREA\PBL\CRAI\ai\src\detectors\ssd_detector.py", line 296, in detect
    box_preds = predictions[0, :, :4]
                ~~~~~~~~~~~^^^^^^^^^^
KeyError: (0, slice(None, None, None), slice(None, 4, None))
[2026-01-13 20:32:53] [[32mINFO[0m] [logger.py:120] ┌─ Starting: Detection summary
[2026-01-13 20:32:53] [[32mINFO[0m] [logger.py:120] Total unique plates detected: 1
[2026-01-13 20:32:53] [[32mINFO[0m] [logger.py:120] 
============================================================
Plate           Times    Confidence   Vehicle
------------------------------------------------------------
2260MKF         9        0.94         truck
============================================================

[2026-01-13 20:32:53] [[32mINFO[0m] [logger.py:120] Queue statistics: Sent=0, Failed=0, Pending=0
[2026-01-13 20:32:53] [[32mINFO[0m] [logger.py:120] └─ Completed: Detection summary (0.001s)
[2026-01-13 20:32:53] [[32mINFO[0m] [logger.py:120] ┌─ Starting: System cleanup
[2026-01-13 20:32:53] [[32mINFO[0m] [logger.py:120] Stopping plate queue...
[2026-01-13 20:32:58] [[32mINFO[0m] [logger.py:120] Stopping video stream...
[2026-01-13 20:32:58] [[32mINFO[0m] [logger.py:120] Closing windows...
[2026-01-13 20:32:58] [[32mINFO[0m] [logger.py:120] System closed successfully
[2026-01-13 20:32:58] [[32mINFO[0m] [logger.py:120] └─ Completed: System cleanup (5.004s)
[2026-01-13 20:33:57] [[32mINFO[0m] [logger.py:120] ┌─ Starting: Loading configuration
[2026-01-13 20:33:58] [[32mINFO[0m] [logger.py:120] Configuration loaded from: C:\Users\04aza\UNI\3 Urtea\1.SEMESTREA\PBL\CRAI\ai\src\config/config.yaml
[2026-01-13 20:33:58] [[32mINFO[0m] [logger.py:120] Loading from: C:\Users\04aza\UNI\3 Urtea\1.SEMESTREA\PBL\CRAI\ai\src\config/config.yaml
[2026-01-13 20:33:58] [[32mINFO[0m] [logger.py:120] └─ Completed: Loading configuration (0.036s)
[2026-01-13 20:33:58] [[32mINFO[0m] [logger.py:120] ┌─ Starting: System initialization
[2026-01-13 20:33:58] [[32mINFO[0m] [logger.py:120] 1. Starting camera...
[2026-01-13 20:33:58] [[32mINFO[0m] [logger.py:120] Intentando inicializar webcam en source=1...
[2026-01-13 20:34:06] [[32mINFO[0m] [logger.py:120] ✓ Camera 1 funciona correctamente
[2026-01-13 20:34:29] [[32mINFO[0m] [logger.py:120] ✓ Camera started successfully
[2026-01-13 20:34:29] [[32mINFO[0m] [logger.py:120] 2. Initializing plate queue...
[2026-01-13 20:34:29] [[32mINFO[0m] [logger.py:120] ✓ Plate queue initialized
[2026-01-13 20:34:29] [[32mINFO[0m] [logger.py:120] ✓ Captures directory: C:\Users\04aza\UNI\3 Urtea\1.SEMESTREA\PBL\CRAI\ai\src\captures
[2026-01-13 20:34:29] [[32mINFO[0m] [logger.py:120] 3. Loading YOLO vehicle detector...
[2026-01-13 20:34:29] [[32mINFO[0m] [logger.py:120] Loading YOLO model: C:\Users\04aza\UNI\3 Urtea\1.SEMESTREA\PBL\CRAI\ai\src\models/yolov8n.pt
[2026-01-13 20:34:29] [[32mINFO[0m] [logger.py:120] Model loaded successfully with threshold=0.5
[2026-01-13 20:34:29] [[32mINFO[0m] [logger.py:120] 4. Loading license plate detector...
[2026-01-13 20:34:29] [[32mINFO[0m] [logger.py:120] Loading license plate model: C:\Users\04aza\UNI\3 Urtea\1.SEMESTREA\PBL\CRAI\ai\src\models/license_plate_detector.pt
[2026-01-13 20:34:29] [[32mINFO[0m] [logger.py:120] License plate model loaded successfully with threshold=0.3
[2026-01-13 20:34:29] [[32mINFO[0m] [logger.py:120] 5. Initializing OCR...
[2026-01-13 20:34:30] [[32mINFO[0m] [logger.py:120] Initializing EasyOCR with languages: ['en'], GPU: False
[2026-01-13 20:34:32] [[32mINFO[0m] [logger.py:120] EasyOCR loaded successfully
[2026-01-13 20:34:32] [[32mINFO[0m] [logger.py:120] 6. Loading SSD custom model...
[2026-01-13 20:34:38] [[32mINFO[0m] [logger.py:120] Looking for SSD weights at: C:\Users\04aza\UNI\3 Urtea\1.SEMESTREA\PBL\CRAI\ai\notebooks\models\ssd_mobilenet_car_detector.weights.h5
[2026-01-13 20:34:38] [[32mINFO[0m] [logger.py:120] Weights exist: True
[2026-01-13 20:34:38] [[32mINFO[0m] [logger.py:120] Building SSD MobileNetV2 architecture...
[2026-01-13 20:34:39] [[32mINFO[0m] [logger.py:120] Model built: 2,626,684 parameters
[2026-01-13 20:34:39] [[32mINFO[0m] [logger.py:120]   Input: (None, 180, 320, 3)
[2026-01-13 20:34:39] [[32mINFO[0m] [logger.py:120]   Output boxes: (None, 4880, 4)
[2026-01-13 20:34:39] [[32mINFO[0m] [logger.py:120]   Output classes: (None, 4880, 1)
[2026-01-13 20:34:39] [[32mINFO[0m] [logger.py:120] Loading trained weights: C:\Users\04aza\UNI\3 Urtea\1.SEMESTREA\PBL\CRAI\ai\notebooks\models\ssd_mobilenet_car_detector.weights.h5
[2026-01-13 20:34:40] [[32mINFO[0m] [logger.py:120] Weights loaded successfully!
[2026-01-13 20:34:40] [[32mINFO[0m] [logger.py:120] SSD model ready with threshold=0.5
[2026-01-13 20:34:40] [[32mINFO[0m] [logger.py:120] Generated 4880 anchor boxes
[2026-01-13 20:34:40] [[32mINFO[0m] [logger.py:120] ✓ SSD custom model loaded successfully
[2026-01-13 20:34:40] [[32mINFO[0m] [logger.py:120] └─ Completed: System initialization (42.072s)
[2026-01-13 20:34:40] [[32mINFO[0m] [logger.py:120] ┌─ Starting: Parameter configuration
[2026-01-13 20:34:40] [[32mINFO[0m] [logger.py:120] Window: CRAI - Car Registration AI
[2026-01-13 20:34:40] [[32mINFO[0m] [logger.py:120] OCR available: True
[2026-01-13 20:34:40] [[32mINFO[0m] [logger.py:120] SSD available: True
[2026-01-13 20:34:40] [[32mINFO[0m] [logger.py:120] OCR frequency: every 3 frames
[2026-01-13 20:34:40] [[32mINFO[0m] [logger.py:120] Press 'M' to toggle between YOLO+OCR and SSD Custom modes
[2026-01-13 20:34:40] [[32mINFO[0m] [logger.py:120] └─ Completed: Parameter configuration (0.001s)
[2026-01-13 20:34:40] [[32mINFO[0m] [logger.py:120] Starting main loop...
[2026-01-13 20:34:52] [[32mINFO[0m] [logger.py:120] Captures saved: 20260113_203452_2260MKF_vehicle.jpg
[2026-01-13 20:34:52] [[32mINFO[0m] [logger.py:120] New plate detected and queued: 2260MKF (conf: 1.00)
[2026-01-13 20:34:55] [[32mINFO[0m] [logger.py:120] Switched to mode: SSD Custom
[2026-01-13 20:35:04] [[32mINFO[0m] [logger.py:120] Switched to mode: YOLO + OCR
[2026-01-13 20:35:08] [[32mINFO[0m] [logger.py:120] Switched to mode: SSD Custom
[2026-01-13 20:35:11] [[32mINFO[0m] [logger.py:120] Switched to mode: YOLO + OCR
[2026-01-13 20:35:48] [[32mINFO[0m] [logger.py:120] Switched to mode: SSD Custom
[2026-01-13 20:36:05] [[32mINFO[0m] [logger.py:120] ┌─ Starting: Detection summary
[2026-01-13 20:36:05] [[32mINFO[0m] [logger.py:120] Total unique plates detected: 1
[2026-01-13 20:36:05] [[32mINFO[0m] [logger.py:120] 
============================================================
Plate           Times    Confidence   Vehicle
------------------------------------------------------------
2260MKF         99       1.00         truck
============================================================

[2026-01-13 20:36:05] [[32mINFO[0m] [logger.py:120] Queue statistics: Sent=0, Failed=1, Pending=0
[2026-01-13 20:36:05] [[32mINFO[0m] [logger.py:120] └─ Completed: Detection summary (0.001s)
[2026-01-13 20:36:05] [[32mINFO[0m] [logger.py:120] ┌─ Starting: System cleanup
[2026-01-13 20:36:05] [[32mINFO[0m] [logger.py:120] Stopping plate queue...
[2026-01-13 20:36:05] [[32mINFO[0m] [logger.py:120] Stopping video stream...
[2026-01-13 20:36:05] [[32mINFO[0m] [logger.py:120] Closing windows...
[2026-01-13 20:36:05] [[32mINFO[0m] [logger.py:120] System closed successfully
[2026-01-13 20:36:05] [[32mINFO[0m] [logger.py:120] └─ Completed: System cleanup (0.280s)
[2026-01-13 20:37:02] [[32mINFO[0m] [logger.py:120] ┌─ Starting: Loading configuration
[2026-01-13 20:37:02] [[32mINFO[0m] [logger.py:120] Configuration loaded from: C:\Users\04aza\UNI\3 Urtea\1.SEMESTREA\PBL\CRAI\ai\src\config/config.yaml
[2026-01-13 20:37:02] [[32mINFO[0m] [logger.py:120] Loading from: C:\Users\04aza\UNI\3 Urtea\1.SEMESTREA\PBL\CRAI\ai\src\config/config.yaml
[2026-01-13 20:37:02] [[32mINFO[0m] [logger.py:120] └─ Completed: Loading configuration (0.009s)
[2026-01-13 20:37:02] [[32mINFO[0m] [logger.py:120] ┌─ Starting: System initialization
[2026-01-13 20:37:02] [[32mINFO[0m] [logger.py:120] 1. Starting camera...
[2026-01-13 20:37:02] [[32mINFO[0m] [logger.py:120] Intentando inicializar webcam en source=1...
[2026-01-13 20:37:10] [[32mINFO[0m] [logger.py:120] ✓ Camera 1 funciona correctamente
[2026-01-13 20:37:34] [[32mINFO[0m] [logger.py:120] ✓ Camera started successfully
[2026-01-13 20:37:34] [[32mINFO[0m] [logger.py:120] 2. Initializing plate queue...
[2026-01-13 20:37:34] [[32mINFO[0m] [logger.py:120] ✓ Plate queue initialized
[2026-01-13 20:37:34] [[32mINFO[0m] [logger.py:120] ✓ Captures directory: C:\Users\04aza\UNI\3 Urtea\1.SEMESTREA\PBL\CRAI\ai\src\captures
[2026-01-13 20:37:34] [[32mINFO[0m] [logger.py:120] 3. Loading YOLO vehicle detector...
[2026-01-13 20:37:34] [[32mINFO[0m] [logger.py:120] Loading YOLO model: C:\Users\04aza\UNI\3 Urtea\1.SEMESTREA\PBL\CRAI\ai\src\models/yolov8n.pt
[2026-01-13 20:37:34] [[32mINFO[0m] [logger.py:120] Model loaded successfully with threshold=0.5
[2026-01-13 20:37:34] [[32mINFO[0m] [logger.py:120] 4. Loading license plate detector...
[2026-01-13 20:37:34] [[32mINFO[0m] [logger.py:120] Loading license plate model: C:\Users\04aza\UNI\3 Urtea\1.SEMESTREA\PBL\CRAI\ai\src\models/license_plate_detector.pt
[2026-01-13 20:37:34] [[32mINFO[0m] [logger.py:120] License plate model loaded successfully with threshold=0.3
[2026-01-13 20:37:34] [[32mINFO[0m] [logger.py:120] 5. Initializing OCR...
[2026-01-13 20:37:34] [[32mINFO[0m] [logger.py:120] Initializing EasyOCR with languages: ['en'], GPU: False
[2026-01-13 20:37:36] [[32mINFO[0m] [logger.py:120] EasyOCR loaded successfully
[2026-01-13 20:37:36] [[32mINFO[0m] [logger.py:120] 6. Loading SSD custom model...
[2026-01-13 20:37:41] [[32mINFO[0m] [logger.py:120] Looking for SSD weights at: C:\Users\04aza\UNI\3 Urtea\1.SEMESTREA\PBL\CRAI\ai\notebooks\models\ssd_mobilenet_car_detector.weights.h5
[2026-01-13 20:37:41] [[32mINFO[0m] [logger.py:120] Weights exist: True
[2026-01-13 20:37:41] [[32mINFO[0m] [logger.py:120] Building SSD MobileNetV2 architecture...
[2026-01-13 20:37:42] [[32mINFO[0m] [logger.py:120] Model built: 2,626,684 parameters
[2026-01-13 20:37:42] [[32mINFO[0m] [logger.py:120]   Input: (None, 180, 320, 3)
[2026-01-13 20:37:42] [[32mINFO[0m] [logger.py:120]   Output boxes: (None, 4880, 4)
[2026-01-13 20:37:42] [[32mINFO[0m] [logger.py:120]   Output classes: (None, 4880, 1)
[2026-01-13 20:37:42] [[32mINFO[0m] [logger.py:120] Loading trained weights: C:\Users\04aza\UNI\3 Urtea\1.SEMESTREA\PBL\CRAI\ai\notebooks\models\ssd_mobilenet_car_detector.weights.h5
[2026-01-13 20:37:42] [[32mINFO[0m] [logger.py:120] Weights loaded successfully!
[2026-01-13 20:37:42] [[32mINFO[0m] [logger.py:120] SSD model ready with threshold=0.85
[2026-01-13 20:37:42] [[32mINFO[0m] [logger.py:120] Generated 4880 anchor boxes
[2026-01-13 20:37:42] [[32mINFO[0m] [logger.py:120] ✓ SSD custom model loaded successfully
[2026-01-13 20:37:42] [[32mINFO[0m] [logger.py:120] └─ Completed: System initialization (39.778s)
[2026-01-13 20:37:42] [[32mINFO[0m] [logger.py:120] ┌─ Starting: Parameter configuration
[2026-01-13 20:37:42] [[32mINFO[0m] [logger.py:120] Window: CRAI - Car Registration AI
[2026-01-13 20:37:42] [[32mINFO[0m] [logger.py:120] OCR available: True
[2026-01-13 20:37:42] [[32mINFO[0m] [logger.py:120] SSD available: True
[2026-01-13 20:37:42] [[32mINFO[0m] [logger.py:120] OCR frequency: every 3 frames
[2026-01-13 20:37:42] [[32mINFO[0m] [logger.py:120] Press 'M' to toggle between YOLO+OCR and SSD Custom modes
[2026-01-13 20:37:42] [[32mINFO[0m] [logger.py:120] └─ Completed: Parameter configuration (0.001s)
[2026-01-13 20:37:42] [[32mINFO[0m] [logger.py:120] Starting main loop...
[2026-01-13 20:37:50] [[32mINFO[0m] [logger.py:120] Switched to mode: SSD Custom
[2026-01-13 20:37:57] [[32mINFO[0m] [logger.py:120] ┌─ Starting: Detection summary
[2026-01-13 20:37:57] [[33mWARNING[0m] [logger.py:124] No plates with valid text detected
[2026-01-13 20:37:57] [[32mINFO[0m] [logger.py:120] Queue statistics: Sent=0, Failed=0, Pending=0
[2026-01-13 20:37:57] [[32mINFO[0m] [logger.py:120] └─ Completed: Detection summary (0.001s)
[2026-01-13 20:37:57] [[32mINFO[0m] [logger.py:120] ┌─ Starting: System cleanup
[2026-01-13 20:37:57] [[32mINFO[0m] [logger.py:120] Stopping plate queue...
[2026-01-13 20:37:58] [[32mINFO[0m] [logger.py:120] Stopping video stream...
[2026-01-13 20:37:58] [[32mINFO[0m] [logger.py:120] Closing windows...
[2026-01-13 20:37:58] [[32mINFO[0m] [logger.py:120] System closed successfully
[2026-01-13 20:37:58] [[32mINFO[0m] [logger.py:120] └─ Completed: System cleanup (0.653s)
[2026-01-13 20:39:16] [[32mINFO[0m] [logger.py:120] ┌─ Starting: Loading configuration
[2026-01-13 20:39:16] [[32mINFO[0m] [logger.py:120] Configuration loaded from: C:\Users\04aza\UNI\3 Urtea\1.SEMESTREA\PBL\CRAI\ai\src\config/config.yaml
[2026-01-13 20:39:16] [[32mINFO[0m] [logger.py:120] Loading from: C:\Users\04aza\UNI\3 Urtea\1.SEMESTREA\PBL\CRAI\ai\src\config/config.yaml
[2026-01-13 20:39:16] [[32mINFO[0m] [logger.py:120] └─ Completed: Loading configuration (0.057s)
[2026-01-13 20:39:16] [[32mINFO[0m] [logger.py:120] ┌─ Starting: System initialization
[2026-01-13 20:39:16] [[32mINFO[0m] [logger.py:120] 1. Starting camera...
[2026-01-13 20:39:16] [[32mINFO[0m] [logger.py:120] Intentando inicializar webcam en source=1...
[2026-01-13 20:39:25] [[32mINFO[0m] [logger.py:120] ✓ Camera 1 funciona correctamente
[2026-01-13 20:39:49] [[32mINFO[0m] [logger.py:120] ✓ Camera started successfully
[2026-01-13 20:39:49] [[32mINFO[0m] [logger.py:120] 2. Initializing plate queue...
[2026-01-13 20:39:49] [[32mINFO[0m] [logger.py:120] ✓ Plate queue initialized
[2026-01-13 20:39:49] [[32mINFO[0m] [logger.py:120] ✓ Captures directory: C:\Users\04aza\UNI\3 Urtea\1.SEMESTREA\PBL\CRAI\ai\src\captures
[2026-01-13 20:39:49] [[32mINFO[0m] [logger.py:120] 3. Loading YOLO vehicle detector...
[2026-01-13 20:39:49] [[32mINFO[0m] [logger.py:120] Loading YOLO model: C:\Users\04aza\UNI\3 Urtea\1.SEMESTREA\PBL\CRAI\ai\src\models/yolov8n.pt
[2026-01-13 20:39:49] [[32mINFO[0m] [logger.py:120] Model loaded successfully with threshold=0.5
[2026-01-13 20:39:49] [[32mINFO[0m] [logger.py:120] 4. Loading license plate detector...
[2026-01-13 20:39:49] [[32mINFO[0m] [logger.py:120] Loading license plate model: C:\Users\04aza\UNI\3 Urtea\1.SEMESTREA\PBL\CRAI\ai\src\models/license_plate_detector.pt
[2026-01-13 20:39:49] [[32mINFO[0m] [logger.py:120] License plate model loaded successfully with threshold=0.3
[2026-01-13 20:39:49] [[32mINFO[0m] [logger.py:120] 5. Initializing OCR...
[2026-01-13 20:39:49] [[32mINFO[0m] [logger.py:120] Initializing EasyOCR with languages: ['en'], GPU: False
[2026-01-13 20:39:51] [[32mINFO[0m] [logger.py:120] EasyOCR loaded successfully
[2026-01-13 20:39:51] [[32mINFO[0m] [logger.py:120] 6. Loading SSD custom model...
[2026-01-13 20:39:56] [[32mINFO[0m] [logger.py:120] Looking for SSD weights at: C:\Users\04aza\UNI\3 Urtea\1.SEMESTREA\PBL\CRAI\ai\notebooks\models\ssd_mobilenet_car_detector.weights.h5
[2026-01-13 20:39:56] [[32mINFO[0m] [logger.py:120] Weights exist: True
[2026-01-13 20:39:56] [[32mINFO[0m] [logger.py:120] Building SSD MobileNetV2 architecture...
[2026-01-13 20:39:58] [[32mINFO[0m] [logger.py:120] Model built: 2,626,684 parameters
[2026-01-13 20:39:58] [[32mINFO[0m] [logger.py:120]   Input: (None, 180, 320, 3)
[2026-01-13 20:39:58] [[32mINFO[0m] [logger.py:120]   Output boxes: (None, 4880, 4)
[2026-01-13 20:39:58] [[32mINFO[0m] [logger.py:120]   Output classes: (None, 4880, 1)
[2026-01-13 20:39:58] [[32mINFO[0m] [logger.py:120] Loading trained weights: C:\Users\04aza\UNI\3 Urtea\1.SEMESTREA\PBL\CRAI\ai\notebooks\models\ssd_mobilenet_car_detector.weights.h5
[2026-01-13 20:39:58] [[32mINFO[0m] [logger.py:120] Weights loaded successfully!
[2026-01-13 20:39:58] [[32mINFO[0m] [logger.py:120] SSD model ready with threshold=0.85
[2026-01-13 20:39:58] [[32mINFO[0m] [logger.py:120] Generated 4880 anchor boxes
[2026-01-13 20:39:58] [[32mINFO[0m] [logger.py:120] ✓ SSD custom model loaded successfully
[2026-01-13 20:39:58] [[32mINFO[0m] [logger.py:120] └─ Completed: System initialization (41.706s)
[2026-01-13 20:39:58] [[32mINFO[0m] [logger.py:120] ┌─ Starting: Parameter configuration
[2026-01-13 20:39:58] [[32mINFO[0m] [logger.py:120] Window: CRAI - Car Registration AI
[2026-01-13 20:39:58] [[32mINFO[0m] [logger.py:120] OCR available: True
[2026-01-13 20:39:58] [[32mINFO[0m] [logger.py:120] SSD available: True
[2026-01-13 20:39:58] [[32mINFO[0m] [logger.py:120] OCR frequency: every 3 frames
[2026-01-13 20:39:58] [[32mINFO[0m] [logger.py:120] Press 'M' to toggle between YOLO+OCR and SSD Custom modes
[2026-01-13 20:39:58] [[32mINFO[0m] [logger.py:120] └─ Completed: Parameter configuration (0.001s)
[2026-01-13 20:39:58] [[32mINFO[0m] [logger.py:120] Starting main loop...
[2026-01-13 20:40:24] [[32mINFO[0m] [logger.py:120] Switched to mode: SSD Custom
[2026-01-13 20:41:06] [[32mINFO[0m] [logger.py:120] Switched to mode: YOLO + OCR
[2026-01-13 20:43:04] [[32mINFO[0m] [logger.py:120] ┌─ Starting: Detection summary
[2026-01-13 20:43:04] [[33mWARNING[0m] [logger.py:124] No plates with valid text detected
[2026-01-13 20:43:04] [[32mINFO[0m] [logger.py:120] Queue statistics: Sent=0, Failed=0, Pending=0
[2026-01-13 20:43:04] [[32mINFO[0m] [logger.py:120] └─ Completed: Detection summary (0.001s)
[2026-01-13 20:43:04] [[32mINFO[0m] [logger.py:120] ┌─ Starting: System cleanup
[2026-01-13 20:43:04] [[32mINFO[0m] [logger.py:120] Stopping plate queue...
[2026-01-13 20:43:05] [[32mINFO[0m] [logger.py:120] Stopping video stream...
[2026-01-13 20:43:05] [[32mINFO[0m] [logger.py:120] Closing windows...
[2026-01-13 20:43:05] [[32mINFO[0m] [logger.py:120] System closed successfully
[2026-01-13 20:43:05] [[32mINFO[0m] [logger.py:120] └─ Completed: System cleanup (0.534s)
[2026-01-13 21:58:49] [[32mINFO[0m] [logger.py:120] ┌─ Starting: Loading configuration
[2026-01-13 21:58:49] [[32mINFO[0m] [logger.py:120] Configuration loaded from: C:\Users\04aza\UNI\3 Urtea\1.SEMESTREA\PBL\CRAI\ai\src\config/config.yaml
[2026-01-13 21:58:49] [[32mINFO[0m] [logger.py:120] Loading from: C:\Users\04aza\UNI\3 Urtea\1.SEMESTREA\PBL\CRAI\ai\src\config/config.yaml
[2026-01-13 21:58:49] [[32mINFO[0m] [logger.py:120] └─ Completed: Loading configuration (0.016s)
[2026-01-13 21:58:49] [[32mINFO[0m] [logger.py:120] ┌─ Starting: System initialization
[2026-01-13 21:58:49] [[32mINFO[0m] [logger.py:120] 1. Starting camera...
[2026-01-13 21:58:49] [[32mINFO[0m] [logger.py:120] Intentando inicializar webcam en source=1...
[2026-01-13 21:58:59] [[32mINFO[0m] [logger.py:120] ✓ Camera 1 funciona correctamente
[2026-01-13 21:59:24] [[32mINFO[0m] [logger.py:120] ✓ Camera started successfully
[2026-01-13 21:59:24] [[32mINFO[0m] [logger.py:120] 2. Initializing plate queue...
[2026-01-13 21:59:24] [[32mINFO[0m] [logger.py:120] ✓ Plate queue initialized
[2026-01-13 21:59:24] [[32mINFO[0m] [logger.py:120] ✓ Captures directory: C:\Users\04aza\UNI\3 Urtea\1.SEMESTREA\PBL\CRAI\ai\src\captures
[2026-01-13 21:59:24] [[32mINFO[0m] [logger.py:120] 3. Loading YOLO vehicle detector...
[2026-01-13 21:59:24] [[32mINFO[0m] [logger.py:120] Loading YOLO model: C:\Users\04aza\UNI\3 Urtea\1.SEMESTREA\PBL\CRAI\ai\src\models/yolov8n.pt
[2026-01-13 21:59:24] [[32mINFO[0m] [logger.py:120] Model loaded successfully with threshold=0.5
[2026-01-13 21:59:24] [[32mINFO[0m] [logger.py:120] 4. Loading license plate detector...
[2026-01-13 21:59:24] [[32mINFO[0m] [logger.py:120] Loading license plate model: C:\Users\04aza\UNI\3 Urtea\1.SEMESTREA\PBL\CRAI\ai\src\models/license_plate_detector.pt
[2026-01-13 21:59:24] [[32mINFO[0m] [logger.py:120] License plate model loaded successfully with threshold=0.3
[2026-01-13 21:59:24] [[32mINFO[0m] [logger.py:120] 5. Initializing OCR...
[2026-01-13 21:59:33] [[32mINFO[0m] [logger.py:120] Initializing EasyOCR with languages: ['en'], GPU: False
[2026-01-13 21:59:35] [[32mINFO[0m] [logger.py:120] EasyOCR loaded successfully
[2026-01-13 21:59:35] [[32mINFO[0m] [logger.py:120] 6. Loading SSD custom model...
[2026-01-13 22:00:11] [[32mINFO[0m] [logger.py:120] Looking for SSD weights at: C:\Users\04aza\UNI\3 Urtea\1.SEMESTREA\PBL\CRAI\ai\notebooks\models\ssd_mobilenet_car_detector.weights.h5
[2026-01-13 22:00:11] [[32mINFO[0m] [logger.py:120] Weights exist: True
[2026-01-13 22:00:11] [[32mINFO[0m] [logger.py:120] Building SSD MobileNetV2 architecture...
[2026-01-13 22:00:13] [[32mINFO[0m] [logger.py:120] Model built: 2,626,684 parameters
[2026-01-13 22:00:13] [[32mINFO[0m] [logger.py:120]   Input: (None, 180, 320, 3)
[2026-01-13 22:00:13] [[32mINFO[0m] [logger.py:120]   Output boxes: (None, 4880, 4)
[2026-01-13 22:00:13] [[32mINFO[0m] [logger.py:120]   Output classes: (None, 4880, 1)
[2026-01-13 22:00:13] [[32mINFO[0m] [logger.py:120] Loading trained weights: C:\Users\04aza\UNI\3 Urtea\1.SEMESTREA\PBL\CRAI\ai\notebooks\models\ssd_mobilenet_car_detector.weights.h5
[2026-01-13 22:00:13] [[31mERROR[0m] [logger.py:128] Error initializing SSD model: A total of 110 objects could not be loaded. Example error message for object <Conv2D name=Conv1, built=True>:

Layer 'Conv1' expected 1 variables, but received 0 variables during loading. Expected: ['kernel']

List of objects that could not be loaded:
[<Conv2D name=Conv1, built=True>, <BatchNormalization name=bn_Conv1, built=True>, <DepthwiseConv2D name=expanded_conv_depthwise, built=True>, <BatchNormalization name=expanded_conv_depthwise_BN, built=True>, <Conv2D name=expanded_conv_project, built=True>, <BatchNormalization name=expanded_conv_project_BN, built=True>, <Conv2D name=block_1_expand, built=True>, <BatchNormalization name=block_1_expand_BN, built=True>, <DepthwiseConv2D name=block_1_depthwise, built=True>, <BatchNormalization name=block_1_depthwise_BN, built=True>, <Conv2D name=block_1_project, built=True>, <BatchNormalization name=block_1_project_BN, built=True>, <Conv2D name=block_2_expand, built=True>, <BatchNormalization name=block_2_expand_BN, built=True>, <DepthwiseConv2D name=block_2_depthwise, built=True>, <BatchNormalization name=block_2_depthwise_BN, built=True>, <Conv2D name=block_2_project, built=True>, <BatchNormalization name=block_2_project_BN, built=True>, <Conv2D name=block_3_expand, built=True>, <BatchNormalization name=block_3_expand_BN, built=True>, <DepthwiseConv2D name=block_3_depthwise, built=True>, <BatchNormalization name=block_3_depthwise_BN, built=True>, <Conv2D name=block_3_project, built=True>, <BatchNormalization name=block_3_project_BN, built=True>, <Conv2D name=block_4_expand, built=True>, <BatchNormalization name=block_4_expand_BN, built=True>, <DepthwiseConv2D name=block_4_depthwise, built=True>, <BatchNormalization name=block_4_depthwise_BN, built=True>, <Conv2D name=block_4_project, built=True>, <BatchNormalization name=block_4_project_BN, built=True>, <Conv2D name=block_5_expand, built=True>, <BatchNormalization name=block_5_expand_BN, built=True>, <DepthwiseConv2D name=block_5_depthwise, built=True>, <BatchNormalization name=block_5_depthwise_BN, built=True>, <Conv2D name=block_5_project, built=True>, <BatchNormalization name=block_5_project_BN, built=True>, <Conv2D name=block_6_expand, built=True>, <BatchNormalization name=block_6_expand_BN, built=True>, <DepthwiseConv2D name=block_6_depthwise, built=True>, <BatchNormalization name=block_6_depthwise_BN, built=True>, <Conv2D name=block_6_project, built=True>, <BatchNormalization name=block_6_project_BN, built=True>, <Conv2D name=block_7_expand, built=True>, <BatchNormalization name=block_7_expand_BN, built=True>, <DepthwiseConv2D name=block_7_depthwise, built=True>, <BatchNormalization name=block_7_depthwise_BN, built=True>, <Conv2D name=block_7_project, built=True>, <BatchNormalization name=block_7_project_BN, built=True>, <Conv2D name=block_8_expand, built=True>, <BatchNormalization name=block_8_expand_BN, built=True>, <DepthwiseConv2D name=block_8_depthwise, built=True>, <BatchNormalization name=block_8_depthwise_BN, built=True>, <Conv2D name=block_8_project, built=True>, <BatchNormalization name=block_8_project_BN, built=True>, <Conv2D name=block_9_expand, built=True>, <BatchNormalization name=block_9_expand_BN, built=True>, <DepthwiseConv2D name=block_9_depthwise, built=True>, <BatchNormalization name=block_9_depthwise_BN, built=True>, <Conv2D name=block_9_project, built=True>, <BatchNormalization name=block_9_project_BN, built=True>, <Conv2D name=block_10_expand, built=True>, <BatchNormalization name=block_10_expand_BN, built=True>, <DepthwiseConv2D name=block_10_depthwise, built=True>, <BatchNormalization name=block_10_depthwise_BN, built=True>, <Conv2D name=block_10_project, built=True>, <BatchNormalization name=block_10_project_BN, built=True>, <Conv2D name=block_11_expand, built=True>, <BatchNormalization name=block_11_expand_BN, built=True>, <DepthwiseConv2D name=block_11_depthwise, built=True>, <BatchNormalization name=block_11_depthwise_BN, built=True>, <Conv2D name=block_11_project, built=True>, <BatchNormalization name=block_11_project_BN, built=True>, <Conv2D name=block_12_expand, built=True>, <BatchNormalization name=block_12_expand_BN, built=True>, <DepthwiseConv2D name=block_12_depthwise, built=True>, <BatchNormalization name=block_12_depthwise_BN, built=True>, <Conv2D name=block_12_project, built=True>, <BatchNormalization name=block_12_project_BN, built=True>, <Conv2D name=block_13_expand, built=True>, <BatchNormalization name=block_13_expand_BN, built=True>, <DepthwiseConv2D name=block_13_depthwise, built=True>, <BatchNormalization name=block_13_depthwise_BN, built=True>, <Conv2D name=block_13_project, built=True>, <BatchNormalization name=block_13_project_BN, built=True>, <Conv2D name=block_14_expand, built=True>, <BatchNormalization name=block_14_expand_BN, built=True>, <DepthwiseConv2D name=block_14_depthwise, built=True>, <BatchNormalization name=block_14_depthwise_BN, built=True>, <Conv2D name=block_14_project, built=True>, <BatchNormalization name=block_14_project_BN, built=True>, <Conv2D name=block_15_expand, built=True>, <BatchNormalization name=block_15_expand_BN, built=True>, <DepthwiseConv2D name=block_15_depthwise, built=True>, <BatchNormalization name=block_15_depthwise_BN, built=True>, <Conv2D name=block_15_project, built=True>, <BatchNormalization name=block_15_project_BN, built=True>, <Conv2D name=block_16_expand, built=True>, <BatchNormalization name=block_16_expand_BN, built=True>, <DepthwiseConv2D name=block_16_depthwise, built=True>, <BatchNormalization name=block_16_depthwise_BN, built=True>, <Conv2D name=block_16_project, built=True>, <BatchNormalization name=block_16_project_BN, built=True>, <Conv2D name=Conv_1, built=True>, <BatchNormalization name=Conv_1_bn, built=True>, <Conv2D name=detect_0_class_conv, built=True>, <Conv2D name=detect_1_class_conv, built=True>, <Conv2D name=detect_2_class_conv, built=True>, <Conv2D name=detect_0_box_conv, built=True>, <Conv2D name=detect_1_box_conv, built=True>, <Conv2D name=detect_2_box_conv, built=True>]
[2026-01-13 22:00:13] [[33mWARNING[0m] [logger.py:124] SSD model not available: A total of 110 objects could not be loaded. Example error message for object <Conv2D name=Conv1, built=True>:

Layer 'Conv1' expected 1 variables, but received 0 variables during loading. Expected: ['kernel']

List of objects that could not be loaded:
[<Conv2D name=Conv1, built=True>, <BatchNormalization name=bn_Conv1, built=True>, <DepthwiseConv2D name=expanded_conv_depthwise, built=True>, <BatchNormalization name=expanded_conv_depthwise_BN, built=True>, <Conv2D name=expanded_conv_project, built=True>, <BatchNormalization name=expanded_conv_project_BN, built=True>, <Conv2D name=block_1_expand, built=True>, <BatchNormalization name=block_1_expand_BN, built=True>, <DepthwiseConv2D name=block_1_depthwise, built=True>, <BatchNormalization name=block_1_depthwise_BN, built=True>, <Conv2D name=block_1_project, built=True>, <BatchNormalization name=block_1_project_BN, built=True>, <Conv2D name=block_2_expand, built=True>, <BatchNormalization name=block_2_expand_BN, built=True>, <DepthwiseConv2D name=block_2_depthwise, built=True>, <BatchNormalization name=block_2_depthwise_BN, built=True>, <Conv2D name=block_2_project, built=True>, <BatchNormalization name=block_2_project_BN, built=True>, <Conv2D name=block_3_expand, built=True>, <BatchNormalization name=block_3_expand_BN, built=True>, <DepthwiseConv2D name=block_3_depthwise, built=True>, <BatchNormalization name=block_3_depthwise_BN, built=True>, <Conv2D name=block_3_project, built=True>, <BatchNormalization name=block_3_project_BN, built=True>, <Conv2D name=block_4_expand, built=True>, <BatchNormalization name=block_4_expand_BN, built=True>, <DepthwiseConv2D name=block_4_depthwise, built=True>, <BatchNormalization name=block_4_depthwise_BN, built=True>, <Conv2D name=block_4_project, built=True>, <BatchNormalization name=block_4_project_BN, built=True>, <Conv2D name=block_5_expand, built=True>, <BatchNormalization name=block_5_expand_BN, built=True>, <DepthwiseConv2D name=block_5_depthwise, built=True>, <BatchNormalization name=block_5_depthwise_BN, built=True>, <Conv2D name=block_5_project, built=True>, <BatchNormalization name=block_5_project_BN, built=True>, <Conv2D name=block_6_expand, built=True>, <BatchNormalization name=block_6_expand_BN, built=True>, <DepthwiseConv2D name=block_6_depthwise, built=True>, <BatchNormalization name=block_6_depthwise_BN, built=True>, <Conv2D name=block_6_project, built=True>, <BatchNormalization name=block_6_project_BN, built=True>, <Conv2D name=block_7_expand, built=True>, <BatchNormalization name=block_7_expand_BN, built=True>, <DepthwiseConv2D name=block_7_depthwise, built=True>, <BatchNormalization name=block_7_depthwise_BN, built=True>, <Conv2D name=block_7_project, built=True>, <BatchNormalization name=block_7_project_BN, built=True>, <Conv2D name=block_8_expand, built=True>, <BatchNormalization name=block_8_expand_BN, built=True>, <DepthwiseConv2D name=block_8_depthwise, built=True>, <BatchNormalization name=block_8_depthwise_BN, built=True>, <Conv2D name=block_8_project, built=True>, <BatchNormalization name=block_8_project_BN, built=True>, <Conv2D name=block_9_expand, built=True>, <BatchNormalization name=block_9_expand_BN, built=True>, <DepthwiseConv2D name=block_9_depthwise, built=True>, <BatchNormalization name=block_9_depthwise_BN, built=True>, <Conv2D name=block_9_project, built=True>, <BatchNormalization name=block_9_project_BN, built=True>, <Conv2D name=block_10_expand, built=True>, <BatchNormalization name=block_10_expand_BN, built=True>, <DepthwiseConv2D name=block_10_depthwise, built=True>, <BatchNormalization name=block_10_depthwise_BN, built=True>, <Conv2D name=block_10_project, built=True>, <BatchNormalization name=block_10_project_BN, built=True>, <Conv2D name=block_11_expand, built=True>, <BatchNormalization name=block_11_expand_BN, built=True>, <DepthwiseConv2D name=block_11_depthwise, built=True>, <BatchNormalization name=block_11_depthwise_BN, built=True>, <Conv2D name=block_11_project, built=True>, <BatchNormalization name=block_11_project_BN, built=True>, <Conv2D name=block_12_expand, built=True>, <BatchNormalization name=block_12_expand_BN, built=True>, <DepthwiseConv2D name=block_12_depthwise, built=True>, <BatchNormalization name=block_12_depthwise_BN, built=True>, <Conv2D name=block_12_project, built=True>, <BatchNormalization name=block_12_project_BN, built=True>, <Conv2D name=block_13_expand, built=True>, <BatchNormalization name=block_13_expand_BN, built=True>, <DepthwiseConv2D name=block_13_depthwise, built=True>, <BatchNormalization name=block_13_depthwise_BN, built=True>, <Conv2D name=block_13_project, built=True>, <BatchNormalization name=block_13_project_BN, built=True>, <Conv2D name=block_14_expand, built=True>, <BatchNormalization name=block_14_expand_BN, built=True>, <DepthwiseConv2D name=block_14_depthwise, built=True>, <BatchNormalization name=block_14_depthwise_BN, built=True>, <Conv2D name=block_14_project, built=True>, <BatchNormalization name=block_14_project_BN, built=True>, <Conv2D name=block_15_expand, built=True>, <BatchNormalization name=block_15_expand_BN, built=True>, <DepthwiseConv2D name=block_15_depthwise, built=True>, <BatchNormalization name=block_15_depthwise_BN, built=True>, <Conv2D name=block_15_project, built=True>, <BatchNormalization name=block_15_project_BN, built=True>, <Conv2D name=block_16_expand, built=True>, <BatchNormalization name=block_16_expand_BN, built=True>, <DepthwiseConv2D name=block_16_depthwise, built=True>, <BatchNormalization name=block_16_depthwise_BN, built=True>, <Conv2D name=block_16_project, built=True>, <BatchNormalization name=block_16_project_BN, built=True>, <Conv2D name=Conv_1, built=True>, <BatchNormalization name=Conv_1_bn, built=True>, <Conv2D name=detect_0_class_conv, built=True>, <Conv2D name=detect_1_class_conv, built=True>, <Conv2D name=detect_2_class_conv, built=True>, <Conv2D name=detect_0_box_conv, built=True>, <Conv2D name=detect_1_box_conv, built=True>, <Conv2D name=detect_2_box_conv, built=True>]
[2026-01-13 22:00:13] [[32mINFO[0m] [logger.py:120] └─ Completed: System initialization (84.319s)
[2026-01-13 22:00:13] [[32mINFO[0m] [logger.py:120] ┌─ Starting: Parameter configuration
[2026-01-13 22:00:13] [[32mINFO[0m] [logger.py:120] Window: CRAI - Car Registration AI
[2026-01-13 22:00:13] [[32mINFO[0m] [logger.py:120] OCR available: True
[2026-01-13 22:00:13] [[32mINFO[0m] [logger.py:120] SSD available: False
[2026-01-13 22:00:13] [[32mINFO[0m] [logger.py:120] OCR frequency: every 3 frames
[2026-01-13 22:00:13] [[32mINFO[0m] [logger.py:120] Press 'M' to toggle between YOLO+OCR and SSD Custom modes
[2026-01-13 22:00:13] [[32mINFO[0m] [logger.py:120] └─ Completed: Parameter configuration (0.006s)
[2026-01-13 22:00:13] [[32mINFO[0m] [logger.py:120] Starting main loop...
[2026-01-13 22:01:04] [[32mINFO[0m] [logger.py:120] ┌─ Starting: Detection summary
[2026-01-13 22:01:04] [[33mWARNING[0m] [logger.py:124] No plates with valid text detected
[2026-01-13 22:01:04] [[32mINFO[0m] [logger.py:120] Queue statistics: Sent=0, Failed=0, Pending=0
[2026-01-13 22:01:04] [[32mINFO[0m] [logger.py:120] └─ Completed: Detection summary (0.001s)
[2026-01-13 22:01:04] [[32mINFO[0m] [logger.py:120] ┌─ Starting: System cleanup
[2026-01-13 22:01:04] [[32mINFO[0m] [logger.py:120] Stopping plate queue...
[2026-01-13 22:01:05] [[32mINFO[0m] [logger.py:120] Stopping video stream...
[2026-01-13 22:01:05] [[32mINFO[0m] [logger.py:120] Closing windows...
[2026-01-13 22:01:05] [[32mINFO[0m] [logger.py:120] System closed successfully
[2026-01-13 22:01:05] [[32mINFO[0m] [logger.py:120] └─ Completed: System cleanup (1.059s)
[2026-01-13 22:04:15] [[32mINFO[0m] [logger.py:120] Building SSD MobileNetV2 architecture...
[2026-01-13 22:04:15] [[32mINFO[0m] [logger.py:120] ✓ MobileNetV2 backbone loaded with ImageNet weights
[2026-01-13 22:04:15] [[32mINFO[0m] [logger.py:120] Model built: 2,626,684 parameters
[2026-01-13 22:04:15] [[32mINFO[0m] [logger.py:120]   Input: (None, 180, 320, 3)
[2026-01-13 22:04:15] [[32mINFO[0m] [logger.py:120]   Output boxes: (None, 4880, 4)
[2026-01-13 22:04:15] [[32mINFO[0m] [logger.py:120]   Output classes: (None, 4880, 1)
[2026-01-13 22:04:15] [[32mINFO[0m] [logger.py:120] Loading trained weights: c:\Users\04aza\UNI\3 Urtea\1.SEMESTREA\PBL\CRAI\ai\notebooks\models\ssd_mobilenet_car_detector.weights.h5
[2026-01-13 22:04:15] [[31mERROR[0m] [logger.py:128] Error loading weights from c:\Users\04aza\UNI\3 Urtea\1.SEMESTREA\PBL\CRAI\ai\notebooks\models\ssd_mobilenet_car_detector.weights.h5: A total of 110 objects could not be loaded. Example error message for object <Conv2D name=Conv1, built=True>:

Layer 'Conv1' expected 1 variables, but received 0 variables during loading. Expected: ['kernel']

List of objects that could not be loaded:
[<Conv2D name=Conv1, built=True>, <BatchNormalization name=bn_Conv1, built=True>, <DepthwiseConv2D name=expanded_conv_depthwise, built=True>, <BatchNormalization name=expanded_conv_depthwise_BN, built=True>, <Conv2D name=expanded_conv_project, built=True>, <BatchNormalization name=expanded_conv_project_BN, built=True>, <Conv2D name=block_1_expand, built=True>, <BatchNormalization name=block_1_expand_BN, built=True>, <DepthwiseConv2D name=block_1_depthwise, built=True>, <BatchNormalization name=block_1_depthwise_BN, built=True>, <Conv2D name=block_1_project, built=True>, <BatchNormalization name=block_1_project_BN, built=True>, <Conv2D name=block_2_expand, built=True>, <BatchNormalization name=block_2_expand_BN, built=True>, <DepthwiseConv2D name=block_2_depthwise, built=True>, <BatchNormalization name=block_2_depthwise_BN, built=True>, <Conv2D name=block_2_project, built=True>, <BatchNormalization name=block_2_project_BN, built=True>, <Conv2D name=block_3_expand, built=True>, <BatchNormalization name=block_3_expand_BN, built=True>, <DepthwiseConv2D name=block_3_depthwise, built=True>, <BatchNormalization name=block_3_depthwise_BN, built=True>, <Conv2D name=block_3_project, built=True>, <BatchNormalization name=block_3_project_BN, built=True>, <Conv2D name=block_4_expand, built=True>, <BatchNormalization name=block_4_expand_BN, built=True>, <DepthwiseConv2D name=block_4_depthwise, built=True>, <BatchNormalization name=block_4_depthwise_BN, built=True>, <Conv2D name=block_4_project, built=True>, <BatchNormalization name=block_4_project_BN, built=True>, <Conv2D name=block_5_expand, built=True>, <BatchNormalization name=block_5_expand_BN, built=True>, <DepthwiseConv2D name=block_5_depthwise, built=True>, <BatchNormalization name=block_5_depthwise_BN, built=True>, <Conv2D name=block_5_project, built=True>, <BatchNormalization name=block_5_project_BN, built=True>, <Conv2D name=block_6_expand, built=True>, <BatchNormalization name=block_6_expand_BN, built=True>, <DepthwiseConv2D name=block_6_depthwise, built=True>, <BatchNormalization name=block_6_depthwise_BN, built=True>, <Conv2D name=block_6_project, built=True>, <BatchNormalization name=block_6_project_BN, built=True>, <Conv2D name=block_7_expand, built=True>, <BatchNormalization name=block_7_expand_BN, built=True>, <DepthwiseConv2D name=block_7_depthwise, built=True>, <BatchNormalization name=block_7_depthwise_BN, built=True>, <Conv2D name=block_7_project, built=True>, <BatchNormalization name=block_7_project_BN, built=True>, <Conv2D name=block_8_expand, built=True>, <BatchNormalization name=block_8_expand_BN, built=True>, <DepthwiseConv2D name=block_8_depthwise, built=True>, <BatchNormalization name=block_8_depthwise_BN, built=True>, <Conv2D name=block_8_project, built=True>, <BatchNormalization name=block_8_project_BN, built=True>, <Conv2D name=block_9_expand, built=True>, <BatchNormalization name=block_9_expand_BN, built=True>, <DepthwiseConv2D name=block_9_depthwise, built=True>, <BatchNormalization name=block_9_depthwise_BN, built=True>, <Conv2D name=block_9_project, built=True>, <BatchNormalization name=block_9_project_BN, built=True>, <Conv2D name=block_10_expand, built=True>, <BatchNormalization name=block_10_expand_BN, built=True>, <DepthwiseConv2D name=block_10_depthwise, built=True>, <BatchNormalization name=block_10_depthwise_BN, built=True>, <Conv2D name=block_10_project, built=True>, <BatchNormalization name=block_10_project_BN, built=True>, <Conv2D name=block_11_expand, built=True>, <BatchNormalization name=block_11_expand_BN, built=True>, <DepthwiseConv2D name=block_11_depthwise, built=True>, <BatchNormalization name=block_11_depthwise_BN, built=True>, <Conv2D name=block_11_project, built=True>, <BatchNormalization name=block_11_project_BN, built=True>, <Conv2D name=block_12_expand, built=True>, <BatchNormalization name=block_12_expand_BN, built=True>, <DepthwiseConv2D name=block_12_depthwise, built=True>, <BatchNormalization name=block_12_depthwise_BN, built=True>, <Conv2D name=block_12_project, built=True>, <BatchNormalization name=block_12_project_BN, built=True>, <Conv2D name=block_13_expand, built=True>, <BatchNormalization name=block_13_expand_BN, built=True>, <DepthwiseConv2D name=block_13_depthwise, built=True>, <BatchNormalization name=block_13_depthwise_BN, built=True>, <Conv2D name=block_13_project, built=True>, <BatchNormalization name=block_13_project_BN, built=True>, <Conv2D name=block_14_expand, built=True>, <BatchNormalization name=block_14_expand_BN, built=True>, <DepthwiseConv2D name=block_14_depthwise, built=True>, <BatchNormalization name=block_14_depthwise_BN, built=True>, <Conv2D name=block_14_project, built=True>, <BatchNormalization name=block_14_project_BN, built=True>, <Conv2D name=block_15_expand, built=True>, <BatchNormalization name=block_15_expand_BN, built=True>, <DepthwiseConv2D name=block_15_depthwise, built=True>, <BatchNormalization name=block_15_depthwise_BN, built=True>, <Conv2D name=block_15_project, built=True>, <BatchNormalization name=block_15_project_BN, built=True>, <Conv2D name=block_16_expand, built=True>, <BatchNormalization name=block_16_expand_BN, built=True>, <DepthwiseConv2D name=block_16_depthwise, built=True>, <BatchNormalization name=block_16_depthwise_BN, built=True>, <Conv2D name=block_16_project, built=True>, <BatchNormalization name=block_16_project_BN, built=True>, <Conv2D name=Conv_1, built=True>, <BatchNormalization name=Conv_1_bn, built=True>, <Conv2D name=detect_0_class_conv, built=True>, <Conv2D name=detect_1_class_conv, built=True>, <Conv2D name=detect_2_class_conv, built=True>, <Conv2D name=detect_0_box_conv, built=True>, <Conv2D name=detect_1_box_conv, built=True>, <Conv2D name=detect_2_box_conv, built=True>]
[2026-01-13 22:04:15] [[33mWARNING[0m] [logger.py:124] Continuing with untrained weights...
[2026-01-13 22:04:15] [[32mINFO[0m] [logger.py:120] ✓ SSD model ready with threshold=0.5
[2026-01-13 22:04:15] [[32mINFO[0m] [logger.py:120] Generated 4880 anchor boxes
[2026-01-13 22:04:58] [[32mINFO[0m] [logger.py:120] Loading complete model from: c:\Users\04aza\UNI\3 Urtea\1.SEMESTREA\PBL\CRAI\ai\notebooks\models\ssd_mobilenet_car_detector.keras
[2026-01-13 22:04:58] [[31mERROR[0m] [logger.py:128] Error loading model from c:\Users\04aza\UNI\3 Urtea\1.SEMESTREA\PBL\CRAI\ai\notebooks\models\ssd_mobilenet_car_detector.keras: Could not locate class 'SSDModel'. Make sure custom classes and functions are decorated with `@keras.saving.register_keras_serializable()`. If they are already decorated, make sure they are all imported so that the decorator is run before trying to load them. Full object config: {'module': None, 'class_name': 'SSDModel', 'config': {'name': 'ssd_model_1', 'trainable': True, 'dtype': {'module': 'keras', 'class_name': 'DTypePolicy', 'config': {'name': 'float32'}, 'registered_name': None}}, 'registered_name': 'SSDModel', 'build_config': {'input_shape': [1, 180, 320, 3]}, 'compile_config': {'optimizer': {'module': 'keras.optimizers', 'class_name': 'Adam', 'config': {'name': 'adam', 'learning_rate': 9.999999747378752e-05, 'weight_decay': None, 'clipnorm': None, 'global_clipnorm': None, 'clipvalue': None, 'use_ema': False, 'ema_momentum': 0.99, 'ema_overwrite_frequency': None, 'loss_scale_factor': None, 'gradient_accumulation_steps': None, 'beta_1': 0.9, 'beta_2': 0.999, 'epsilon': 1e-07, 'amsgrad': False}, 'registered_name': None}, 'loss': None, 'loss_weights': None, 'metrics': None, 'weighted_metrics': None, 'run_eagerly': False, 'steps_per_execution': 1, 'jit_compile': False}}
[2026-01-13 22:04:58] [[33mWARNING[0m] [logger.py:124] Will attempt to build from scratch...
[2026-01-13 22:04:58] [[32mINFO[0m] [logger.py:120] Building SSD MobileNetV2 architecture...
[2026-01-13 22:04:58] [[32mINFO[0m] [logger.py:120] ✓ MobileNetV2 backbone loaded with ImageNet weights
[2026-01-13 22:04:59] [[32mINFO[0m] [logger.py:120] Model built: 2,626,684 parameters
[2026-01-13 22:04:59] [[32mINFO[0m] [logger.py:120]   Input: (None, 180, 320, 3)
[2026-01-13 22:04:59] [[32mINFO[0m] [logger.py:120]   Output boxes: (None, 4880, 4)
[2026-01-13 22:04:59] [[32mINFO[0m] [logger.py:120]   Output classes: (None, 4880, 1)
[2026-01-13 22:04:59] [[33mWARNING[0m] [logger.py:124] No weights path provided
[2026-01-13 22:04:59] [[33mWARNING[0m] [logger.py:124] Using untrained model - detections will be poor!
[2026-01-13 22:04:59] [[32mINFO[0m] [logger.py:120] ✓ SSD model ready with threshold=0.5
[2026-01-13 22:04:59] [[32mINFO[0m] [logger.py:120] Generated 4880 anchor boxes
[2026-01-13 22:05:38] [[32mINFO[0m] [logger.py:120] ┌─ Starting: Loading configuration
[2026-01-13 22:05:38] [[32mINFO[0m] [logger.py:120] Configuration loaded from: C:\Users\04aza\UNI\3 Urtea\1.SEMESTREA\PBL\CRAI\ai\src\config/config.yaml
[2026-01-13 22:05:38] [[32mINFO[0m] [logger.py:120] Loading from: C:\Users\04aza\UNI\3 Urtea\1.SEMESTREA\PBL\CRAI\ai\src\config/config.yaml
[2026-01-13 22:05:38] [[32mINFO[0m] [logger.py:120] └─ Completed: Loading configuration (0.012s)
[2026-01-13 22:05:38] [[32mINFO[0m] [logger.py:120] ┌─ Starting: System initialization
[2026-01-13 22:05:38] [[32mINFO[0m] [logger.py:120] 1. Starting camera...
[2026-01-13 22:05:38] [[32mINFO[0m] [logger.py:120] Intentando inicializar webcam en source=1...
[2026-01-13 22:05:47] [[32mINFO[0m] [logger.py:120] ✓ Camera 1 funciona correctamente
[2026-01-13 22:06:50] [[32mINFO[0m] [logger.py:120] ┌─ Starting: Loading configuration
[2026-01-13 22:06:50] [[32mINFO[0m] [logger.py:120] Configuration loaded from: C:\Users\04aza\UNI\3 Urtea\1.SEMESTREA\PBL\CRAI\ai\src\config/config.yaml
[2026-01-13 22:06:50] [[32mINFO[0m] [logger.py:120] Loading from: C:\Users\04aza\UNI\3 Urtea\1.SEMESTREA\PBL\CRAI\ai\src\config/config.yaml
[2026-01-13 22:06:50] [[32mINFO[0m] [logger.py:120] └─ Completed: Loading configuration (0.018s)
[2026-01-13 22:06:50] [[32mINFO[0m] [logger.py:120] ┌─ Starting: System initialization
[2026-01-13 22:06:50] [[32mINFO[0m] [logger.py:120] 1. Starting camera...
[2026-01-13 22:06:50] [[32mINFO[0m] [logger.py:120] Intentando inicializar webcam en source=1...
[2026-01-13 22:06:58] [[32mINFO[0m] [logger.py:120] ✓ Camera 1 funciona correctamente
[2026-01-13 22:07:21] [[32mINFO[0m] [logger.py:120] ✓ Camera started successfully
[2026-01-13 22:07:21] [[32mINFO[0m] [logger.py:120] 2. Initializing plate queue...
[2026-01-13 22:07:21] [[32mINFO[0m] [logger.py:120] ✓ Plate queue initialized
[2026-01-13 22:07:21] [[32mINFO[0m] [logger.py:120] ✓ Captures directory: C:\Users\04aza\UNI\3 Urtea\1.SEMESTREA\PBL\CRAI\ai\src\captures
[2026-01-13 22:07:21] [[32mINFO[0m] [logger.py:120] 3. Loading YOLO vehicle detector...
[2026-01-13 22:07:21] [[32mINFO[0m] [logger.py:120] Loading YOLO model: C:\Users\04aza\UNI\3 Urtea\1.SEMESTREA\PBL\CRAI\ai\src\models/yolov8n.pt
[2026-01-13 22:07:21] [[32mINFO[0m] [logger.py:120] Model loaded successfully with threshold=0.5
[2026-01-13 22:07:21] [[32mINFO[0m] [logger.py:120] 4. Loading license plate detector...
[2026-01-13 22:07:21] [[32mINFO[0m] [logger.py:120] Loading license plate model: C:\Users\04aza\UNI\3 Urtea\1.SEMESTREA\PBL\CRAI\ai\src\models/license_plate_detector.pt
[2026-01-13 22:07:21] [[32mINFO[0m] [logger.py:120] License plate model loaded successfully with threshold=0.3
[2026-01-13 22:07:21] [[32mINFO[0m] [logger.py:120] 5. Initializing OCR...
[2026-01-13 22:07:22] [[32mINFO[0m] [logger.py:120] Initializing EasyOCR with languages: ['en'], GPU: False
[2026-01-13 22:07:24] [[32mINFO[0m] [logger.py:120] EasyOCR loaded successfully
[2026-01-13 22:07:24] [[32mINFO[0m] [logger.py:120] 6. Loading SSD custom model...
[2026-01-13 22:07:29] [[32mINFO[0m] [logger.py:120] Found SSD model: ssd_mobilenet_best.keras
[2026-01-13 22:07:29] [[32mINFO[0m] [logger.py:120] Loading SSD model from: C:\Users\04aza\UNI\3 Urtea\1.SEMESTREA\PBL\CRAI\ai\notebooks\models\ssd_mobilenet_best.keras
[2026-01-13 22:07:29] [[32mINFO[0m] [logger.py:120] Loading complete model from: C:\Users\04aza\UNI\3 Urtea\1.SEMESTREA\PBL\CRAI\ai\notebooks\models\ssd_mobilenet_best.keras
[2026-01-13 22:07:29] [[31mERROR[0m] [logger.py:128] Error loading model from C:\Users\04aza\UNI\3 Urtea\1.SEMESTREA\PBL\CRAI\ai\notebooks\models\ssd_mobilenet_best.keras: Could not locate class 'SSDModel'. Make sure custom classes and functions are decorated with `@keras.saving.register_keras_serializable()`. If they are already decorated, make sure they are all imported so that the decorator is run before trying to load them. Full object config: {'module': None, 'class_name': 'SSDModel', 'config': {'name': 'ssd_model_1', 'trainable': True, 'dtype': {'module': 'keras', 'class_name': 'DTypePolicy', 'config': {'name': 'float32'}, 'registered_name': None}}, 'registered_name': 'SSDModel', 'compile_config': {'optimizer': {'module': 'keras.optimizers', 'class_name': 'Adam', 'config': {'name': 'adam', 'learning_rate': 9.999999747378752e-05, 'weight_decay': None, 'clipnorm': None, 'global_clipnorm': None, 'clipvalue': None, 'use_ema': False, 'ema_momentum': 0.99, 'ema_overwrite_frequency': None, 'loss_scale_factor': None, 'gradient_accumulation_steps': None, 'beta_1': 0.9, 'beta_2': 0.999, 'epsilon': 1e-07, 'amsgrad': False}, 'registered_name': None}, 'loss': None, 'loss_weights': None, 'metrics': None, 'weighted_metrics': None, 'run_eagerly': False, 'steps_per_execution': 1, 'jit_compile': False}}
[2026-01-13 22:07:29] [[33mWARNING[0m] [logger.py:124] Will attempt to build from scratch...
[2026-01-13 22:07:29] [[32mINFO[0m] [logger.py:120] Building SSD MobileNetV2 architecture...
[2026-01-13 22:07:30] [[32mINFO[0m] [logger.py:120] ✓ MobileNetV2 backbone loaded with ImageNet weights
[2026-01-13 22:07:30] [[32mINFO[0m] [logger.py:120] Model built: 2,626,684 parameters
[2026-01-13 22:07:30] [[32mINFO[0m] [logger.py:120]   Input: (None, 180, 320, 3)
[2026-01-13 22:07:30] [[32mINFO[0m] [logger.py:120]   Output boxes: (None, 4880, 4)
[2026-01-13 22:07:30] [[32mINFO[0m] [logger.py:120]   Output classes: (None, 4880, 1)
[2026-01-13 22:07:30] [[33mWARNING[0m] [logger.py:124] No weights path provided
[2026-01-13 22:07:30] [[33mWARNING[0m] [logger.py:124] Using untrained model - detections will be poor!
[2026-01-13 22:07:30] [[32mINFO[0m] [logger.py:120] ✓ SSD model ready with threshold=0.85
[2026-01-13 22:07:30] [[32mINFO[0m] [logger.py:120] Generated 4880 anchor boxes
[2026-01-13 22:07:30] [[32mINFO[0m] [logger.py:120] ✓ SSD custom model loaded successfully
[2026-01-13 22:07:30] [[32mINFO[0m] [logger.py:120] └─ Completed: System initialization (40.729s)
[2026-01-13 22:07:30] [[32mINFO[0m] [logger.py:120] ┌─ Starting: Parameter configuration
[2026-01-13 22:07:30] [[32mINFO[0m] [logger.py:120] Window: CRAI - Car Registration AI
[2026-01-13 22:07:30] [[32mINFO[0m] [logger.py:120] OCR available: True
[2026-01-13 22:07:30] [[32mINFO[0m] [logger.py:120] SSD available: True
[2026-01-13 22:07:30] [[32mINFO[0m] [logger.py:120] OCR frequency: every 3 frames
[2026-01-13 22:07:30] [[32mINFO[0m] [logger.py:120] Press 'M' to toggle between YOLO+OCR and SSD Custom modes
[2026-01-13 22:07:30] [[32mINFO[0m] [logger.py:120] └─ Completed: Parameter configuration (0.002s)
[2026-01-13 22:07:30] [[32mINFO[0m] [logger.py:120] Starting main loop...
[2026-01-13 22:08:03] [[32mINFO[0m] [logger.py:120] Switched to mode: SSD Custom
[2026-01-13 22:08:15] [[32mINFO[0m] [logger.py:120] Switched to mode: YOLO + OCR
[2026-01-13 22:08:16] [[32mINFO[0m] [logger.py:120] Captures saved: 20260113_220816_2260MKF_vehicle.jpg
[2026-01-13 22:08:16] [[32mINFO[0m] [logger.py:120] New plate detected and queued: 2260MKF (conf: 0.76)
[2026-01-13 22:08:22] [[32mINFO[0m] [logger.py:120] Switched to mode: SSD Custom
[2026-01-13 22:08:23] [[32mINFO[0m] [logger.py:120] Switched to mode: YOLO + OCR
[2026-01-13 22:08:24] [[32mINFO[0m] [logger.py:120] Switched to mode: SSD Custom
[2026-01-13 22:08:32] [[32mINFO[0m] [logger.py:120] Switched to mode: YOLO + OCR
[2026-01-13 22:08:33] [[32mINFO[0m] [logger.py:120] Switched to mode: SSD Custom
[2026-01-13 22:08:34] [[32mINFO[0m] [logger.py:120] Switched to mode: YOLO + OCR
[2026-01-13 22:08:40] [[32mINFO[0m] [logger.py:120] Captures saved: 20260113_220840_2280MKF_vehicle.jpg
[2026-01-13 22:08:40] [[32mINFO[0m] [logger.py:120] New plate detected and queued: 2280MKF (conf: 0.59)
[2026-01-13 22:08:42] [[32mINFO[0m] [logger.py:120] Captures saved: 20260113_220842_2250MKF_vehicle.jpg
[2026-01-13 22:08:42] [[32mINFO[0m] [logger.py:120] New plate detected and queued: 2250MKF (conf: 0.79)
[2026-01-13 22:09:01] [[32mINFO[0m] [logger.py:120] Switched to mode: SSD Custom
[2026-01-13 22:09:03] [[32mINFO[0m] [logger.py:120] Switched to mode: YOLO + OCR
[2026-01-13 22:13:52] [[32mINFO[0m] [logger.py:120] Switched to mode: SSD Custom
[2026-01-13 22:13:57] [[32mINFO[0m] [logger.py:120] Switched to mode: YOLO + OCR
[2026-01-13 22:19:13] [[32mINFO[0m] [logger.py:120] ┌─ Starting: Detection summary
[2026-01-13 22:19:13] [[32mINFO[0m] [logger.py:120] Total unique plates detected: 3
[2026-01-13 22:19:13] [[32mINFO[0m] [logger.py:120] 
============================================================
Plate           Times    Confidence   Vehicle
------------------------------------------------------------
2260MKF         151      0.76         truck
2280MKF         1        0.59         truck
2250MKF         1        0.79         truck
============================================================

[2026-01-13 22:19:13] [[32mINFO[0m] [logger.py:120] Queue statistics: Sent=0, Failed=3, Pending=0
[2026-01-13 22:19:13] [[32mINFO[0m] [logger.py:120] └─ Completed: Detection summary (0.002s)
[2026-01-13 22:19:13] [[32mINFO[0m] [logger.py:120] ┌─ Starting: System cleanup
[2026-01-13 22:19:13] [[32mINFO[0m] [logger.py:120] Stopping plate queue...
[2026-01-13 22:19:14] [[32mINFO[0m] [logger.py:120] Stopping video stream...
[2026-01-13 22:19:14] [[32mINFO[0m] [logger.py:120] Closing windows...
[2026-01-13 22:19:14] [[32mINFO[0m] [logger.py:120] System closed successfully
[2026-01-13 22:19:14] [[32mINFO[0m] [logger.py:120] └─ Completed: System cleanup (0.169s)
[2026-01-13 22:30:28] [[32mINFO[0m] [logger.py:120] ┌─ Starting: Loading configuration
[2026-01-13 22:30:28] [[32mINFO[0m] [logger.py:120] Configuration loaded from: C:\Users\04aza\UNI\3 Urtea\1.SEMESTREA\PBL\CRAI\ai\src\config/config.yaml
[2026-01-13 22:30:28] [[32mINFO[0m] [logger.py:120] Loading from: C:\Users\04aza\UNI\3 Urtea\1.SEMESTREA\PBL\CRAI\ai\src\config/config.yaml
[2026-01-13 22:30:28] [[32mINFO[0m] [logger.py:120] └─ Completed: Loading configuration (0.017s)
[2026-01-13 22:30:28] [[32mINFO[0m] [logger.py:120] ┌─ Starting: System initialization
[2026-01-13 22:30:28] [[32mINFO[0m] [logger.py:120] 1. Starting camera...
[2026-01-13 22:30:28] [[32mINFO[0m] [logger.py:120] Intentando inicializar webcam en source=1...
[2026-01-13 22:30:36] [[32mINFO[0m] [logger.py:120] ✓ Camera 1 funciona correctamente
[2026-01-13 22:31:00] [[32mINFO[0m] [logger.py:120] ✓ Camera started successfully
[2026-01-13 22:31:00] [[32mINFO[0m] [logger.py:120] 2. Initializing plate queue...
[2026-01-13 22:31:00] [[32mINFO[0m] [logger.py:120] ✓ Plate queue initialized
[2026-01-13 22:31:00] [[32mINFO[0m] [logger.py:120] ✓ Captures directory: C:\Users\04aza\UNI\3 Urtea\1.SEMESTREA\PBL\CRAI\ai\src\captures
[2026-01-13 22:31:00] [[32mINFO[0m] [logger.py:120] 3. Loading YOLO vehicle detector...
[2026-01-13 22:31:00] [[32mINFO[0m] [logger.py:120] Loading YOLO model: C:\Users\04aza\UNI\3 Urtea\1.SEMESTREA\PBL\CRAI\ai\src\models/yolov8n.pt
[2026-01-13 22:31:00] [[32mINFO[0m] [logger.py:120] Model loaded successfully with threshold=0.5
[2026-01-13 22:31:00] [[32mINFO[0m] [logger.py:120] 4. Loading license plate detector...
[2026-01-13 22:31:00] [[32mINFO[0m] [logger.py:120] Loading license plate model: C:\Users\04aza\UNI\3 Urtea\1.SEMESTREA\PBL\CRAI\ai\src\models/license_plate_detector.pt
[2026-01-13 22:31:00] [[32mINFO[0m] [logger.py:120] License plate model loaded successfully with threshold=0.3
[2026-01-13 22:31:00] [[32mINFO[0m] [logger.py:120] 5. Initializing OCR...
[2026-01-13 22:31:01] [[32mINFO[0m] [logger.py:120] Initializing EasyOCR with languages: ['en'], GPU: False
[2026-01-13 22:31:03] [[32mINFO[0m] [logger.py:120] EasyOCR loaded successfully
[2026-01-13 22:31:03] [[32mINFO[0m] [logger.py:120] 6. Loading SSD custom model...
[2026-01-13 22:31:11] [[32mINFO[0m] [logger.py:120] Found SSD model: ssd_mobilenet_best.keras
[2026-01-13 22:31:11] [[32mINFO[0m] [logger.py:120] Loading SSD model from: C:\Users\04aza\UNI\3 Urtea\1.SEMESTREA\PBL\CRAI\ai\notebooks\models\ssd_mobilenet_best.keras
[2026-01-13 22:31:11] [[32mINFO[0m] [logger.py:120] Loading complete model from: C:\Users\04aza\UNI\3 Urtea\1.SEMESTREA\PBL\CRAI\ai\notebooks\models\ssd_mobilenet_best.keras
[2026-01-13 22:31:11] [[31mERROR[0m] [logger.py:128] Error loading model from C:\Users\04aza\UNI\3 Urtea\1.SEMESTREA\PBL\CRAI\ai\notebooks\models\ssd_mobilenet_best.keras: Could not locate class 'SSDModel'. Make sure custom classes and functions are decorated with `@keras.saving.register_keras_serializable()`. If they are already decorated, make sure they are all imported so that the decorator is run before trying to load them. Full object config: {'module': None, 'class_name': 'SSDModel', 'config': {'name': 'ssd_model_1', 'trainable': True, 'dtype': {'module': 'keras', 'class_name': 'DTypePolicy', 'config': {'name': 'float32'}, 'registered_name': None}}, 'registered_name': 'SSDModel', 'compile_config': {'optimizer': {'module': 'keras.optimizers', 'class_name': 'Adam', 'config': {'name': 'adam', 'learning_rate': 9.999999747378752e-05, 'weight_decay': None, 'clipnorm': None, 'global_clipnorm': None, 'clipvalue': None, 'use_ema': False, 'ema_momentum': 0.99, 'ema_overwrite_frequency': None, 'loss_scale_factor': None, 'gradient_accumulation_steps': None, 'beta_1': 0.9, 'beta_2': 0.999, 'epsilon': 1e-07, 'amsgrad': False}, 'registered_name': None}, 'loss': None, 'loss_weights': None, 'metrics': None, 'weighted_metrics': None, 'run_eagerly': False, 'steps_per_execution': 1, 'jit_compile': False}}
[2026-01-13 22:31:11] [[33mWARNING[0m] [logger.py:124] Will attempt to build from scratch...
[2026-01-13 22:31:11] [[32mINFO[0m] [logger.py:120] Building SSD MobileNetV2 architecture...
[2026-01-13 22:31:12] [[32mINFO[0m] [logger.py:120] ✓ MobileNetV2 backbone loaded with ImageNet weights
[2026-01-13 22:31:12] [[32mINFO[0m] [logger.py:120] Model built: 2,626,684 parameters
[2026-01-13 22:31:12] [[32mINFO[0m] [logger.py:120]   Input: (None, 180, 320, 3)
[2026-01-13 22:31:12] [[32mINFO[0m] [logger.py:120]   Output boxes: (None, 4880, 4)
[2026-01-13 22:31:12] [[32mINFO[0m] [logger.py:120]   Output classes: (None, 4880, 1)
[2026-01-13 22:31:12] [[33mWARNING[0m] [logger.py:124] No weights path provided
[2026-01-13 22:31:12] [[33mWARNING[0m] [logger.py:124] Using untrained model - detections will be poor!
[2026-01-13 22:31:12] [[32mINFO[0m] [logger.py:120] ✓ SSD model ready with threshold=0.85
[2026-01-13 22:31:12] [[32mINFO[0m] [logger.py:120] Generated 4880 anchor boxes
[2026-01-13 22:31:12] [[32mINFO[0m] [logger.py:120] ✓ SSD custom model loaded successfully
[2026-01-13 22:31:12] [[32mINFO[0m] [logger.py:120] └─ Completed: System initialization (44.565s)
[2026-01-13 22:31:12] [[32mINFO[0m] [logger.py:120] ┌─ Starting: Parameter configuration
[2026-01-13 22:31:12] [[32mINFO[0m] [logger.py:120] Window: CRAI - Car Registration AI
[2026-01-13 22:31:12] [[32mINFO[0m] [logger.py:120] OCR available: True
[2026-01-13 22:31:12] [[32mINFO[0m] [logger.py:120] SSD available: True
[2026-01-13 22:31:12] [[32mINFO[0m] [logger.py:120] OCR frequency: every 3 frames
[2026-01-13 22:31:12] [[32mINFO[0m] [logger.py:120] Press 'M' to toggle between YOLO+OCR and SSD Custom modes
[2026-01-13 22:31:12] [[32mINFO[0m] [logger.py:120] └─ Completed: Parameter configuration (0.001s)
[2026-01-13 22:31:12] [[32mINFO[0m] [logger.py:120] Starting main loop...
[2026-01-13 22:31:38] [[32mINFO[0m] [logger.py:120] Captures saved: 20260113_223138_2280MKF_vehicle.jpg
[2026-01-13 22:31:38] [[32mINFO[0m] [logger.py:120] New plate detected and queued: 2280MKF (conf: 0.71)
[2026-01-13 22:31:38] [[32mINFO[0m] [logger.py:120] Captures saved: 20260113_223138_2260MKF_vehicle.jpg
[2026-01-13 22:31:38] [[32mINFO[0m] [logger.py:120] New plate detected and queued: 2260MKF (conf: 0.72)
[2026-01-13 22:31:41] [[32mINFO[0m] [logger.py:120] Switched to mode: SSD Custom
[2026-01-13 22:31:54] [[32mINFO[0m] [logger.py:120] Switched to mode: YOLO + OCR
[2026-01-13 22:31:56] [[32mINFO[0m] [logger.py:120] Switched to mode: SSD Custom
[2026-01-13 22:32:04] [[32mINFO[0m] [logger.py:120] ┌─ Starting: Detection summary
[2026-01-13 22:32:04] [[32mINFO[0m] [logger.py:120] Total unique plates detected: 2
[2026-01-13 22:32:04] [[32mINFO[0m] [logger.py:120] 
============================================================
Plate           Times    Confidence   Vehicle
------------------------------------------------------------
2260MKF         13       0.72         truck
2280MKF         1        0.71         car
============================================================

[2026-01-13 22:32:04] [[32mINFO[0m] [logger.py:120] Queue statistics: Sent=0, Failed=0, Pending=1
[2026-01-13 22:32:04] [[32mINFO[0m] [logger.py:120] └─ Completed: Detection summary (0.001s)
[2026-01-13 22:32:04] [[32mINFO[0m] [logger.py:120] ┌─ Starting: System cleanup
[2026-01-13 22:32:04] [[32mINFO[0m] [logger.py:120] Stopping plate queue...
[2026-01-13 22:32:06] [[32mINFO[0m] [logger.py:120] Stopping video stream...
[2026-01-13 22:32:06] [[32mINFO[0m] [logger.py:120] Closing windows...
[2026-01-13 22:32:06] [[32mINFO[0m] [logger.py:120] System closed successfully
[2026-01-13 22:32:06] [[32mINFO[0m] [logger.py:120] └─ Completed: System cleanup (2.438s)
[2026-01-13 22:32:38] [[32mINFO[0m] [logger.py:120] ┌─ Starting: Loading configuration
[2026-01-13 22:32:38] [[32mINFO[0m] [logger.py:120] Configuration loaded from: C:\Users\04aza\UNI\3 Urtea\1.SEMESTREA\PBL\CRAI\ai\src\config/config.yaml
[2026-01-13 22:32:38] [[32mINFO[0m] [logger.py:120] Loading from: C:\Users\04aza\UNI\3 Urtea\1.SEMESTREA\PBL\CRAI\ai\src\config/config.yaml
[2026-01-13 22:32:38] [[32mINFO[0m] [logger.py:120] └─ Completed: Loading configuration (0.028s)
[2026-01-13 22:32:38] [[32mINFO[0m] [logger.py:120] ┌─ Starting: System initialization
[2026-01-13 22:32:38] [[32mINFO[0m] [logger.py:120] 1. Starting camera...
[2026-01-13 22:32:38] [[32mINFO[0m] [logger.py:120] Intentando inicializar webcam en source=1...
[2026-01-13 22:32:46] [[32mINFO[0m] [logger.py:120] ✓ Camera 1 funciona correctamente
[2026-01-13 22:33:10] [[32mINFO[0m] [logger.py:120] ✓ Camera started successfully
[2026-01-13 22:33:10] [[32mINFO[0m] [logger.py:120] 2. Initializing plate queue...
[2026-01-13 22:33:10] [[32mINFO[0m] [logger.py:120] ✓ Plate queue initialized
[2026-01-13 22:33:10] [[32mINFO[0m] [logger.py:120] ✓ Captures directory: C:\Users\04aza\UNI\3 Urtea\1.SEMESTREA\PBL\CRAI\ai\src\captures
[2026-01-13 22:33:10] [[32mINFO[0m] [logger.py:120] 3. Loading YOLO vehicle detector...
[2026-01-13 22:33:10] [[32mINFO[0m] [logger.py:120] Loading YOLO model: C:\Users\04aza\UNI\3 Urtea\1.SEMESTREA\PBL\CRAI\ai\src\models/yolov8n.pt
[2026-01-13 22:33:10] [[32mINFO[0m] [logger.py:120] Model loaded successfully with threshold=0.5
[2026-01-13 22:33:10] [[32mINFO[0m] [logger.py:120] 4. Loading license plate detector...
[2026-01-13 22:33:10] [[32mINFO[0m] [logger.py:120] Loading license plate model: C:\Users\04aza\UNI\3 Urtea\1.SEMESTREA\PBL\CRAI\ai\src\models/license_plate_detector.pt
[2026-01-13 22:33:10] [[32mINFO[0m] [logger.py:120] License plate model loaded successfully with threshold=0.3
[2026-01-13 22:33:10] [[32mINFO[0m] [logger.py:120] 5. Initializing OCR...
[2026-01-13 22:33:10] [[32mINFO[0m] [logger.py:120] Initializing EasyOCR with languages: ['en'], GPU: False
[2026-01-13 22:33:12] [[32mINFO[0m] [logger.py:120] EasyOCR loaded successfully
[2026-01-13 22:33:12] [[32mINFO[0m] [logger.py:120] 6. Loading SSD custom model...
[2026-01-13 22:33:16] [[32mINFO[0m] [logger.py:120] Found SSD model: ssd_mobilenet_best.keras
[2026-01-13 22:33:16] [[32mINFO[0m] [logger.py:120] Loading SSD model from: C:\Users\04aza\UNI\3 Urtea\1.SEMESTREA\PBL\CRAI\ai\notebooks\models\ssd_mobilenet_best.keras
[2026-01-13 22:33:16] [[32mINFO[0m] [logger.py:120] Loading complete model from: C:\Users\04aza\UNI\3 Urtea\1.SEMESTREA\PBL\CRAI\ai\notebooks\models\ssd_mobilenet_best.keras
[2026-01-13 22:33:16] [[31mERROR[0m] [logger.py:128] Error loading model from C:\Users\04aza\UNI\3 Urtea\1.SEMESTREA\PBL\CRAI\ai\notebooks\models\ssd_mobilenet_best.keras: Could not locate class 'SSDModel'. Make sure custom classes and functions are decorated with `@keras.saving.register_keras_serializable()`. If they are already decorated, make sure they are all imported so that the decorator is run before trying to load them. Full object config: {'module': None, 'class_name': 'SSDModel', 'config': {'name': 'ssd_model_1', 'trainable': True, 'dtype': {'module': 'keras', 'class_name': 'DTypePolicy', 'config': {'name': 'float32'}, 'registered_name': None}}, 'registered_name': 'SSDModel', 'compile_config': {'optimizer': {'module': 'keras.optimizers', 'class_name': 'Adam', 'config': {'name': 'adam', 'learning_rate': 9.999999747378752e-05, 'weight_decay': None, 'clipnorm': None, 'global_clipnorm': None, 'clipvalue': None, 'use_ema': False, 'ema_momentum': 0.99, 'ema_overwrite_frequency': None, 'loss_scale_factor': None, 'gradient_accumulation_steps': None, 'beta_1': 0.9, 'beta_2': 0.999, 'epsilon': 1e-07, 'amsgrad': False}, 'registered_name': None}, 'loss': None, 'loss_weights': None, 'metrics': None, 'weighted_metrics': None, 'run_eagerly': False, 'steps_per_execution': 1, 'jit_compile': False}}
[2026-01-13 22:33:16] [[33mWARNING[0m] [logger.py:124] Will attempt to build from scratch...
[2026-01-13 22:33:16] [[32mINFO[0m] [logger.py:120] Building SSD MobileNetV2 architecture...
[2026-01-13 22:33:17] [[32mINFO[0m] [logger.py:120] ✓ MobileNetV2 backbone loaded with ImageNet weights
[2026-01-13 22:33:17] [[32mINFO[0m] [logger.py:120] Model built: 2,626,684 parameters
[2026-01-13 22:33:17] [[32mINFO[0m] [logger.py:120]   Input: (None, 180, 320, 3)
[2026-01-13 22:33:17] [[32mINFO[0m] [logger.py:120]   Output boxes: (None, 4880, 4)
[2026-01-13 22:33:17] [[32mINFO[0m] [logger.py:120]   Output classes: (None, 4880, 1)
[2026-01-13 22:33:17] [[33mWARNING[0m] [logger.py:124] No weights path provided
[2026-01-13 22:33:17] [[33mWARNING[0m] [logger.py:124] Using untrained model - detections will be poor!
[2026-01-13 22:33:17] [[32mINFO[0m] [logger.py:120] ✓ SSD model ready with threshold=0.85
[2026-01-13 22:33:17] [[32mINFO[0m] [logger.py:120] Generated 4880 anchor boxes
[2026-01-13 22:33:17] [[32mINFO[0m] [logger.py:120] ✓ SSD custom model loaded successfully
[2026-01-13 22:33:17] [[32mINFO[0m] [logger.py:120] └─ Completed: System initialization (38.724s)
[2026-01-13 22:33:17] [[32mINFO[0m] [logger.py:120] ┌─ Starting: Parameter configuration
[2026-01-13 22:33:17] [[32mINFO[0m] [logger.py:120] Window: CRAI - Car Registration AI
[2026-01-13 22:33:17] [[32mINFO[0m] [logger.py:120] OCR available: True
[2026-01-13 22:33:17] [[32mINFO[0m] [logger.py:120] SSD available: True
[2026-01-13 22:33:17] [[32mINFO[0m] [logger.py:120] OCR frequency: every 3 frames
[2026-01-13 22:33:17] [[32mINFO[0m] [logger.py:120] Press 'M' to toggle between YOLO+OCR and SSD Custom modes
[2026-01-13 22:33:17] [[32mINFO[0m] [logger.py:120] └─ Completed: Parameter configuration (0.001s)
[2026-01-13 22:33:17] [[32mINFO[0m] [logger.py:120] Starting main loop...
[2026-01-13 22:33:31] [[32mINFO[0m] [logger.py:120] Switched to mode: SSD Custom
[2026-01-13 22:33:46] [[32mINFO[0m] [logger.py:120] ┌─ Starting: Detection summary
[2026-01-13 22:33:46] [[33mWARNING[0m] [logger.py:124] No plates with valid text detected
[2026-01-13 22:33:46] [[32mINFO[0m] [logger.py:120] Queue statistics: Sent=0, Failed=0, Pending=0
[2026-01-13 22:33:46] [[32mINFO[0m] [logger.py:120] └─ Completed: Detection summary (0.003s)
[2026-01-13 22:33:46] [[32mINFO[0m] [logger.py:120] ┌─ Starting: System cleanup
[2026-01-13 22:33:46] [[32mINFO[0m] [logger.py:120] Stopping plate queue...
[2026-01-13 22:33:47] [[32mINFO[0m] [logger.py:120] Stopping video stream...
[2026-01-13 22:33:47] [[32mINFO[0m] [logger.py:120] Closing windows...
[2026-01-13 22:33:47] [[32mINFO[0m] [logger.py:120] System closed successfully
[2026-01-13 22:33:47] [[32mINFO[0m] [logger.py:120] └─ Completed: System cleanup (0.618s)
[2026-01-13 22:34:52] [[32mINFO[0m] [logger.py:120] ┌─ Starting: Loading configuration
[2026-01-13 22:34:52] [[32mINFO[0m] [logger.py:120] Configuration loaded from: C:\Users\04aza\UNI\3 Urtea\1.SEMESTREA\PBL\CRAI\ai\src\config/config.yaml
[2026-01-13 22:34:52] [[32mINFO[0m] [logger.py:120] Loading from: C:\Users\04aza\UNI\3 Urtea\1.SEMESTREA\PBL\CRAI\ai\src\config/config.yaml
[2026-01-13 22:34:52] [[32mINFO[0m] [logger.py:120] └─ Completed: Loading configuration (0.017s)
[2026-01-13 22:34:52] [[32mINFO[0m] [logger.py:120] ┌─ Starting: System initialization
[2026-01-13 22:34:52] [[32mINFO[0m] [logger.py:120] 1. Starting camera...
[2026-01-13 22:34:52] [[32mINFO[0m] [logger.py:120] Intentando inicializar webcam en source=1...
[2026-01-13 22:35:00] [[32mINFO[0m] [logger.py:120] ✓ Camera 1 funciona correctamente
[2026-01-13 22:35:24] [[32mINFO[0m] [logger.py:120] ✓ Camera started successfully
[2026-01-13 22:35:24] [[32mINFO[0m] [logger.py:120] 2. Initializing plate queue...
[2026-01-13 22:35:24] [[32mINFO[0m] [logger.py:120] ✓ Plate queue initialized
[2026-01-13 22:35:24] [[32mINFO[0m] [logger.py:120] ✓ Captures directory: C:\Users\04aza\UNI\3 Urtea\1.SEMESTREA\PBL\CRAI\ai\src\captures
[2026-01-13 22:35:24] [[32mINFO[0m] [logger.py:120] 3. Loading YOLO vehicle detector...
[2026-01-13 22:35:24] [[32mINFO[0m] [logger.py:120] Loading YOLO model: C:\Users\04aza\UNI\3 Urtea\1.SEMESTREA\PBL\CRAI\ai\src\models/yolov8n.pt
[2026-01-13 22:35:25] [[32mINFO[0m] [logger.py:120] Model loaded successfully with threshold=0.5
[2026-01-13 22:35:25] [[32mINFO[0m] [logger.py:120] 4. Loading license plate detector...
[2026-01-13 22:35:25] [[32mINFO[0m] [logger.py:120] Loading license plate model: C:\Users\04aza\UNI\3 Urtea\1.SEMESTREA\PBL\CRAI\ai\src\models/license_plate_detector.pt
[2026-01-13 22:35:25] [[32mINFO[0m] [logger.py:120] License plate model loaded successfully with threshold=0.3
[2026-01-13 22:35:25] [[32mINFO[0m] [logger.py:120] 5. Initializing OCR...
[2026-01-13 22:35:25] [[32mINFO[0m] [logger.py:120] Initializing EasyOCR with languages: ['en'], GPU: False
[2026-01-13 22:35:27] [[32mINFO[0m] [logger.py:120] EasyOCR loaded successfully
[2026-01-13 22:35:27] [[32mINFO[0m] [logger.py:120] 6. Loading SSD custom model...
[2026-01-13 22:35:32] [[32mINFO[0m] [logger.py:120] Found SSD weights: C:\Users\04aza\UNI\3 Urtea\1.SEMESTREA\PBL\CRAI\ai\notebooks\models\ssd_mobilenet_car_detector.weights.h5
[2026-01-13 22:35:32] [[32mINFO[0m] [logger.py:120] Building SSD MobileNetV2 architecture...
[2026-01-13 22:35:33] [[32mINFO[0m] [logger.py:120] ✓ MobileNetV2 backbone loaded with ImageNet weights
[2026-01-13 22:35:33] [[32mINFO[0m] [logger.py:120] Model built: 2,626,684 parameters
[2026-01-13 22:35:33] [[32mINFO[0m] [logger.py:120]   Input: (None, 180, 320, 3)
[2026-01-13 22:35:33] [[32mINFO[0m] [logger.py:120]   Output boxes: (None, 4880, 4)
[2026-01-13 22:35:33] [[32mINFO[0m] [logger.py:120]   Output classes: (None, 4880, 1)
[2026-01-13 22:35:33] [[32mINFO[0m] [logger.py:120] Loading trained weights: C:\Users\04aza\UNI\3 Urtea\1.SEMESTREA\PBL\CRAI\ai\notebooks\models\ssd_mobilenet_car_detector.weights.h5
[2026-01-13 22:35:33] [[31mERROR[0m] [logger.py:128] Error loading weights from C:\Users\04aza\UNI\3 Urtea\1.SEMESTREA\PBL\CRAI\ai\notebooks\models\ssd_mobilenet_car_detector.weights.h5: A total of 110 objects could not be loaded. Example error message for object <Conv2D name=Conv1, built=True>:

Layer 'Conv1' expected 1 variables, but received 0 variables during loading. Expected: ['kernel']

List of objects that could not be loaded:
[<Conv2D name=Conv1, built=True>, <BatchNormalization name=bn_Conv1, built=True>, <DepthwiseConv2D name=expanded_conv_depthwise, built=True>, <BatchNormalization name=expanded_conv_depthwise_BN, built=True>, <Conv2D name=expanded_conv_project, built=True>, <BatchNormalization name=expanded_conv_project_BN, built=True>, <Conv2D name=block_1_expand, built=True>, <BatchNormalization name=block_1_expand_BN, built=True>, <DepthwiseConv2D name=block_1_depthwise, built=True>, <BatchNormalization name=block_1_depthwise_BN, built=True>, <Conv2D name=block_1_project, built=True>, <BatchNormalization name=block_1_project_BN, built=True>, <Conv2D name=block_2_expand, built=True>, <BatchNormalization name=block_2_expand_BN, built=True>, <DepthwiseConv2D name=block_2_depthwise, built=True>, <BatchNormalization name=block_2_depthwise_BN, built=True>, <Conv2D name=block_2_project, built=True>, <BatchNormalization name=block_2_project_BN, built=True>, <Conv2D name=block_3_expand, built=True>, <BatchNormalization name=block_3_expand_BN, built=True>, <DepthwiseConv2D name=block_3_depthwise, built=True>, <BatchNormalization name=block_3_depthwise_BN, built=True>, <Conv2D name=block_3_project, built=True>, <BatchNormalization name=block_3_project_BN, built=True>, <Conv2D name=block_4_expand, built=True>, <BatchNormalization name=block_4_expand_BN, built=True>, <DepthwiseConv2D name=block_4_depthwise, built=True>, <BatchNormalization name=block_4_depthwise_BN, built=True>, <Conv2D name=block_4_project, built=True>, <BatchNormalization name=block_4_project_BN, built=True>, <Conv2D name=block_5_expand, built=True>, <BatchNormalization name=block_5_expand_BN, built=True>, <DepthwiseConv2D name=block_5_depthwise, built=True>, <BatchNormalization name=block_5_depthwise_BN, built=True>, <Conv2D name=block_5_project, built=True>, <BatchNormalization name=block_5_project_BN, built=True>, <Conv2D name=block_6_expand, built=True>, <BatchNormalization name=block_6_expand_BN, built=True>, <DepthwiseConv2D name=block_6_depthwise, built=True>, <BatchNormalization name=block_6_depthwise_BN, built=True>, <Conv2D name=block_6_project, built=True>, <BatchNormalization name=block_6_project_BN, built=True>, <Conv2D name=block_7_expand, built=True>, <BatchNormalization name=block_7_expand_BN, built=True>, <DepthwiseConv2D name=block_7_depthwise, built=True>, <BatchNormalization name=block_7_depthwise_BN, built=True>, <Conv2D name=block_7_project, built=True>, <BatchNormalization name=block_7_project_BN, built=True>, <Conv2D name=block_8_expand, built=True>, <BatchNormalization name=block_8_expand_BN, built=True>, <DepthwiseConv2D name=block_8_depthwise, built=True>, <BatchNormalization name=block_8_depthwise_BN, built=True>, <Conv2D name=block_8_project, built=True>, <BatchNormalization name=block_8_project_BN, built=True>, <Conv2D name=block_9_expand, built=True>, <BatchNormalization name=block_9_expand_BN, built=True>, <DepthwiseConv2D name=block_9_depthwise, built=True>, <BatchNormalization name=block_9_depthwise_BN, built=True>, <Conv2D name=block_9_project, built=True>, <BatchNormalization name=block_9_project_BN, built=True>, <Conv2D name=block_10_expand, built=True>, <BatchNormalization name=block_10_expand_BN, built=True>, <DepthwiseConv2D name=block_10_depthwise, built=True>, <BatchNormalization name=block_10_depthwise_BN, built=True>, <Conv2D name=block_10_project, built=True>, <BatchNormalization name=block_10_project_BN, built=True>, <Conv2D name=block_11_expand, built=True>, <BatchNormalization name=block_11_expand_BN, built=True>, <DepthwiseConv2D name=block_11_depthwise, built=True>, <BatchNormalization name=block_11_depthwise_BN, built=True>, <Conv2D name=block_11_project, built=True>, <BatchNormalization name=block_11_project_BN, built=True>, <Conv2D name=block_12_expand, built=True>, <BatchNormalization name=block_12_expand_BN, built=True>, <DepthwiseConv2D name=block_12_depthwise, built=True>, <BatchNormalization name=block_12_depthwise_BN, built=True>, <Conv2D name=block_12_project, built=True>, <BatchNormalization name=block_12_project_BN, built=True>, <Conv2D name=block_13_expand, built=True>, <BatchNormalization name=block_13_expand_BN, built=True>, <DepthwiseConv2D name=block_13_depthwise, built=True>, <BatchNormalization name=block_13_depthwise_BN, built=True>, <Conv2D name=block_13_project, built=True>, <BatchNormalization name=block_13_project_BN, built=True>, <Conv2D name=block_14_expand, built=True>, <BatchNormalization name=block_14_expand_BN, built=True>, <DepthwiseConv2D name=block_14_depthwise, built=True>, <BatchNormalization name=block_14_depthwise_BN, built=True>, <Conv2D name=block_14_project, built=True>, <BatchNormalization name=block_14_project_BN, built=True>, <Conv2D name=block_15_expand, built=True>, <BatchNormalization name=block_15_expand_BN, built=True>, <DepthwiseConv2D name=block_15_depthwise, built=True>, <BatchNormalization name=block_15_depthwise_BN, built=True>, <Conv2D name=block_15_project, built=True>, <BatchNormalization name=block_15_project_BN, built=True>, <Conv2D name=block_16_expand, built=True>, <BatchNormalization name=block_16_expand_BN, built=True>, <DepthwiseConv2D name=block_16_depthwise, built=True>, <BatchNormalization name=block_16_depthwise_BN, built=True>, <Conv2D name=block_16_project, built=True>, <BatchNormalization name=block_16_project_BN, built=True>, <Conv2D name=Conv_1, built=True>, <BatchNormalization name=Conv_1_bn, built=True>, <Conv2D name=detect_0_class_conv, built=True>, <Conv2D name=detect_1_class_conv, built=True>, <Conv2D name=detect_2_class_conv, built=True>, <Conv2D name=detect_0_box_conv, built=True>, <Conv2D name=detect_1_box_conv, built=True>, <Conv2D name=detect_2_box_conv, built=True>]
[2026-01-13 22:35:33] [[33mWARNING[0m] [logger.py:124] Continuing with untrained weights...
[2026-01-13 22:35:33] [[32mINFO[0m] [logger.py:120] ✓ SSD model ready with threshold=0.85
[2026-01-13 22:35:33] [[32mINFO[0m] [logger.py:120] Generated 4880 anchor boxes
[2026-01-13 22:35:33] [[32mINFO[0m] [logger.py:120] ✓ SSD custom model loaded successfully
[2026-01-13 22:35:33] [[32mINFO[0m] [logger.py:120] └─ Completed: System initialization (41.688s)
[2026-01-13 22:35:33] [[32mINFO[0m] [logger.py:120] ┌─ Starting: Parameter configuration
[2026-01-13 22:35:33] [[32mINFO[0m] [logger.py:120] Window: CRAI - Car Registration AI
[2026-01-13 22:35:33] [[32mINFO[0m] [logger.py:120] OCR available: True
[2026-01-13 22:35:33] [[32mINFO[0m] [logger.py:120] SSD available: True
[2026-01-13 22:35:33] [[32mINFO[0m] [logger.py:120] OCR frequency: every 3 frames
[2026-01-13 22:35:33] [[32mINFO[0m] [logger.py:120] Press 'M' to toggle between YOLO+OCR and SSD Custom modes
[2026-01-13 22:35:33] [[32mINFO[0m] [logger.py:120] └─ Completed: Parameter configuration (0.002s)
[2026-01-13 22:35:33] [[32mINFO[0m] [logger.py:120] Starting main loop...
[2026-01-13 22:35:53] [[32mINFO[0m] [logger.py:120] Captures saved: 20260113_223553_2260MKF_vehicle.jpg
[2026-01-13 22:35:53] [[32mINFO[0m] [logger.py:120] New plate detected and queued: 2260MKF (conf: 0.77)
[2026-01-13 22:35:54] [[32mINFO[0m] [logger.py:120] Captures saved: 20260113_223554_2280MKF_vehicle.jpg
[2026-01-13 22:35:54] [[32mINFO[0m] [logger.py:120] New plate detected and queued: 2280MKF (conf: 0.66)
[2026-01-13 22:35:54] [[32mINFO[0m] [logger.py:120] Switched to mode: SSD Custom
[2026-01-13 22:35:58] [[32mINFO[0m] [logger.py:120] Switched to mode: YOLO + OCR
[2026-01-13 22:35:59] [[32mINFO[0m] [logger.py:120] ┌─ Starting: Detection summary
[2026-01-13 22:35:59] [[32mINFO[0m] [logger.py:120] Total unique plates detected: 2
[2026-01-13 22:35:59] [[32mINFO[0m] [logger.py:120] 
============================================================
Plate           Times    Confidence   Vehicle
------------------------------------------------------------
2260MKF         8        0.77         car
2280MKF         1        0.66         truck
============================================================

[2026-01-13 22:35:59] [[32mINFO[0m] [logger.py:120] Queue statistics: Sent=0, Failed=0, Pending=1
[2026-01-13 22:35:59] [[32mINFO[0m] [logger.py:120] └─ Completed: Detection summary (0.001s)
[2026-01-13 22:35:59] [[32mINFO[0m] [logger.py:120] ┌─ Starting: System cleanup
[2026-01-13 22:35:59] [[32mINFO[0m] [logger.py:120] Stopping plate queue...
[2026-01-13 22:36:04] [[32mINFO[0m] [logger.py:120] Stopping video stream...
[2026-01-13 22:36:04] [[32mINFO[0m] [logger.py:120] Closing windows...
[2026-01-13 22:36:04] [[32mINFO[0m] [logger.py:120] System closed successfully
[2026-01-13 22:36:04] [[32mINFO[0m] [logger.py:120] └─ Completed: System cleanup (5.132s)
[2026-01-13 23:00:19] [[32mINFO[0m] [logger.py:120] Loading complete model from: ..\notebooks\models\ssd_mobilenet_best.keras
[2026-01-13 23:00:19] [[31mERROR[0m] [logger.py:128] Error loading model from ..\notebooks\models\ssd_mobilenet_best.keras: Could not locate class 'SSDModel'. Make sure custom classes and functions are decorated with `@keras.saving.register_keras_serializable()`. If they are already decorated, make sure they are all imported so that the decorator is run before trying to load them. Full object config: {'module': None, 'class_name': 'SSDModel', 'config': {'name': 'ssd_model_1', 'trainable': True, 'dtype': {'module': 'keras', 'class_name': 'DTypePolicy', 'config': {'name': 'float32'}, 'registered_name': None}}, 'registered_name': 'SSDModel', 'compile_config': {'optimizer': {'module': 'keras.optimizers', 'class_name': 'Adam', 'config': {'name': 'adam', 'learning_rate': 9.999999747378752e-05, 'weight_decay': None, 'clipnorm': None, 'global_clipnorm': None, 'clipvalue': None, 'use_ema': False, 'ema_momentum': 0.99, 'ema_overwrite_frequency': None, 'loss_scale_factor': None, 'gradient_accumulation_steps': None, 'beta_1': 0.9, 'beta_2': 0.999, 'epsilon': 1e-07, 'amsgrad': False}, 'registered_name': None}, 'loss': None, 'loss_weights': None, 'metrics': None, 'weighted_metrics': None, 'run_eagerly': False, 'steps_per_execution': 1, 'jit_compile': False}}
[2026-01-13 23:00:19] [[33mWARNING[0m] [logger.py:124] Will attempt to build from scratch...
[2026-01-13 23:00:19] [[32mINFO[0m] [logger.py:120] Building SSD MobileNetV2 architecture...
[2026-01-13 23:00:21] [[32mINFO[0m] [logger.py:120] ✓ MobileNetV2 backbone loaded with ImageNet weights
[2026-01-13 23:00:21] [[32mINFO[0m] [logger.py:120] Model built: 2,626,684 parameters
[2026-01-13 23:00:21] [[32mINFO[0m] [logger.py:120]   Input: (None, 180, 320, 3)
[2026-01-13 23:00:21] [[32mINFO[0m] [logger.py:120]   Output boxes: (None, 4880, 4)
[2026-01-13 23:00:21] [[32mINFO[0m] [logger.py:120]   Output classes: (None, 4880, 1)
[2026-01-13 23:00:21] [[33mWARNING[0m] [logger.py:124] No weights path provided
[2026-01-13 23:00:21] [[33mWARNING[0m] [logger.py:124] Using untrained model - detections will be poor!
[2026-01-13 23:00:21] [[32mINFO[0m] [logger.py:120] ✓ SSD model ready with threshold=0.5
[2026-01-13 23:00:21] [[32mINFO[0m] [logger.py:120] Generated 4880 anchor boxes
[2026-01-13 23:00:42] [[32mINFO[0m] [logger.py:120] Loading complete model from: ..\notebooks\models\ssd_mobilenet_best.keras
[2026-01-13 23:00:42] [[31mERROR[0m] [logger.py:128] Error loading model from ..\notebooks\models\ssd_mobilenet_best.keras: Could not locate class 'SSDModel'. Make sure custom classes and functions are decorated with `@keras.saving.register_keras_serializable()`. If they are already decorated, make sure they are all imported so that the decorator is run before trying to load them. Full object config: {'module': None, 'class_name': 'SSDModel', 'config': {'name': 'ssd_model_1', 'trainable': True, 'dtype': {'module': 'keras', 'class_name': 'DTypePolicy', 'config': {'name': 'float32'}, 'registered_name': None}}, 'registered_name': 'SSDModel', 'compile_config': {'optimizer': {'module': 'keras.optimizers', 'class_name': 'Adam', 'config': {'name': 'adam', 'learning_rate': 9.999999747378752e-05, 'weight_decay': None, 'clipnorm': None, 'global_clipnorm': None, 'clipvalue': None, 'use_ema': False, 'ema_momentum': 0.99, 'ema_overwrite_frequency': None, 'loss_scale_factor': None, 'gradient_accumulation_steps': None, 'beta_1': 0.9, 'beta_2': 0.999, 'epsilon': 1e-07, 'amsgrad': False}, 'registered_name': None}, 'loss': None, 'loss_weights': None, 'metrics': None, 'weighted_metrics': None, 'run_eagerly': False, 'steps_per_execution': 1, 'jit_compile': False}}
[2026-01-13 23:00:42] [[33mWARNING[0m] [logger.py:124] Will attempt to build from scratch...
[2026-01-13 23:00:42] [[32mINFO[0m] [logger.py:120] Building SSD MobileNetV2 architecture...
[2026-01-13 23:00:42] [[32mINFO[0m] [logger.py:120] ✓ MobileNetV2 backbone loaded with ImageNet weights
[2026-01-13 23:00:42] [[32mINFO[0m] [logger.py:120] Model built: 2,626,684 parameters
[2026-01-13 23:00:42] [[32mINFO[0m] [logger.py:120]   Input: (None, 180, 320, 3)
[2026-01-13 23:00:42] [[32mINFO[0m] [logger.py:120]   Output boxes: (None, 4880, 4)
[2026-01-13 23:00:42] [[32mINFO[0m] [logger.py:120]   Output classes: (None, 4880, 1)
[2026-01-13 23:00:42] [[33mWARNING[0m] [logger.py:124] No weights path provided
[2026-01-13 23:00:42] [[33mWARNING[0m] [logger.py:124] Using untrained model - detections will be poor!
[2026-01-13 23:00:42] [[32mINFO[0m] [logger.py:120] ✓ SSD model ready with threshold=0.5
[2026-01-13 23:00:42] [[32mINFO[0m] [logger.py:120] Generated 4880 anchor boxes
[2026-01-13 23:01:15] [[32mINFO[0m] [logger.py:120] Loading complete model from: ..\notebooks\models\ssd_mobilenet_best.keras
[2026-01-13 23:01:15] [[32mINFO[0m] [logger.py:120] ✓ Using loaded model directly
[2026-01-13 23:01:15] [[32mINFO[0m] [logger.py:120] ✓ SSD model ready with threshold=0.5
[2026-01-13 23:01:15] [[32mINFO[0m] [logger.py:120] Generated 4880 anchor boxes
[2026-01-13 23:01:51] [[32mINFO[0m] [logger.py:120] Loading complete model from: ..\notebooks\models\ssd_mobilenet_best.keras
[2026-01-13 23:01:51] [[32mINFO[0m] [logger.py:120] ✓ Using loaded model directly
[2026-01-13 23:01:51] [[32mINFO[0m] [logger.py:120] ✓ SSD model ready with threshold=0.5
[2026-01-13 23:01:51] [[32mINFO[0m] [logger.py:120] Generated 4880 anchor boxes
[2026-01-13 23:09:51] [[32mINFO[0m] [logger.py:120] Building SSD MobileNetV2 architecture...
[2026-01-13 23:09:51] [[32mINFO[0m] [logger.py:120] ✓ MobileNetV2 backbone loaded with ImageNet weights
[2026-01-13 23:09:51] [[32mINFO[0m] [logger.py:120] Model built: 2,626,684 parameters
[2026-01-13 23:09:51] [[32mINFO[0m] [logger.py:120]   Input: (None, 180, 320, 3)
[2026-01-13 23:09:51] [[32mINFO[0m] [logger.py:120]   Output boxes: (None, 4880, 4)
[2026-01-13 23:09:51] [[32mINFO[0m] [logger.py:120]   Output classes: (None, 4880, 1)
[2026-01-13 23:09:51] [[32mINFO[0m] [logger.py:120] Attempting to load detection weights from: ..\notebooks\models\ssd_mobilenet_best.keras
[2026-01-13 23:09:51] [[33mWARNING[0m] [logger.py:124] Error loading weights: Layer detect_0_box_conv weight shape (3, 3, 192, 16) is not compatible with provided weight shape (3, 3, 192, 4).
[2026-01-13 23:09:51] [[33mWARNING[0m] [logger.py:124] Continuing with untrained detection heads...
[2026-01-13 23:09:52] [[32mINFO[0m] [logger.py:120] ✓ SSD model ready with threshold=0.5
[2026-01-13 23:09:52] [[32mINFO[0m] [logger.py:120] Generated 4880 anchor boxes
[2026-01-13 23:10:47] [[32mINFO[0m] [logger.py:120] Building SSD MobileNetV2 architecture...
[2026-01-13 23:10:48] [[32mINFO[0m] [logger.py:120] ✓ MobileNetV2 backbone loaded with ImageNet weights
[2026-01-13 23:10:48] [[32mINFO[0m] [logger.py:120] Model built: 2,405,464 parameters
[2026-01-13 23:10:48] [[32mINFO[0m] [logger.py:120]   Input: (None, 180, 320, 3)
[2026-01-13 23:10:48] [[32mINFO[0m] [logger.py:120]   Output boxes: (None, 1220, 4)
[2026-01-13 23:10:48] [[32mINFO[0m] [logger.py:120]   Output classes: (None, 1220, 4)
[2026-01-13 23:10:48] [[32mINFO[0m] [logger.py:120] Attempting to load detection weights from: ..\notebooks\models\ssd_mobilenet_best.keras
[2026-01-13 23:10:48] [[33mWARNING[0m] [logger.py:124] Error loading weights: Layer detect_0_class_conv weight shape (3, 3, 192, 4) is not compatible with provided weight shape (3, 3, 192, 16).
[2026-01-13 23:10:48] [[33mWARNING[0m] [logger.py:124] Continuing with untrained detection heads...
[2026-01-13 23:10:48] [[32mINFO[0m] [logger.py:120] ✓ SSD model ready with threshold=0.5
[2026-01-13 23:10:48] [[32mINFO[0m] [logger.py:120] Generated 4880 anchor boxes
[2026-01-13 23:11:38] [[32mINFO[0m] [logger.py:120] Building SSD MobileNetV2 architecture...
[2026-01-13 23:11:38] [[32mINFO[0m] [logger.py:120] ✓ MobileNetV2 backbone loaded with ImageNet weights
[2026-01-13 23:11:38] [[32mINFO[0m] [logger.py:120] Model built: 2,626,684 parameters
[2026-01-13 23:11:38] [[32mINFO[0m] [logger.py:120]   Input: (None, 180, 320, 3)
[2026-01-13 23:11:38] [[32mINFO[0m] [logger.py:120]   Output boxes: (None, 4880, 4)
[2026-01-13 23:11:38] [[32mINFO[0m] [logger.py:120]   Output classes: (None, 4880, 1)
[2026-01-13 23:11:38] [[32mINFO[0m] [logger.py:120] Attempting to load detection weights from: ..\notebooks\models\ssd_mobilenet_best.keras
[2026-01-13 23:11:39] [[33mWARNING[0m] [logger.py:124] Error loading weights: Layer detect_0_box_conv weight shape (3, 3, 192, 16) is not compatible with provided weight shape (3, 3, 192, 4).
[2026-01-13 23:11:39] [[33mWARNING[0m] [logger.py:124] Continuing with untrained detection heads...
[2026-01-13 23:11:39] [[32mINFO[0m] [logger.py:120] ✓ SSD model ready with threshold=0.5
[2026-01-13 23:11:39] [[32mINFO[0m] [logger.py:120] Generated 4880 anchor boxes
[2026-01-13 23:12:01] [[32mINFO[0m] [logger.py:120] Building SSD MobileNetV2 architecture...
[2026-01-13 23:12:01] [[32mINFO[0m] [logger.py:120] ✓ MobileNetV2 backbone loaded with ImageNet weights
[2026-01-13 23:12:01] [[32mINFO[0m] [logger.py:120] Model built: 2,626,684 parameters
[2026-01-13 23:12:01] [[32mINFO[0m] [logger.py:120]   Input: (None, 180, 320, 3)
[2026-01-13 23:12:01] [[32mINFO[0m] [logger.py:120]   Output boxes: (None, 4880, 4)
[2026-01-13 23:12:01] [[32mINFO[0m] [logger.py:120]   Output classes: (None, 4880, 1)
[2026-01-13 23:12:01] [[32mINFO[0m] [logger.py:120] Attempting to load detection weights from: ..\notebooks\models\ssd_mobilenet_best.keras
[2026-01-13 23:12:01] [[33mWARNING[0m] [logger.py:124] Error loading weights: Layer detect_0_box_conv weight shape (3, 3, 192, 16) is not compatible with provided weight shape (3, 3, 192, 4).
[2026-01-13 23:12:01] [[33mWARNING[0m] [logger.py:124] Continuing with untrained detection heads...
[2026-01-13 23:12:01] [[32mINFO[0m] [logger.py:120] ✓ SSD model ready with threshold=0.5
[2026-01-13 23:12:01] [[32mINFO[0m] [logger.py:120] Generated 4880 anchor boxes
[2026-01-13 23:12:15] [[32mINFO[0m] [logger.py:120] Building SSD MobileNetV2 architecture...
[2026-01-13 23:12:16] [[32mINFO[0m] [logger.py:120] ✓ MobileNetV2 backbone loaded with ImageNet weights
[2026-01-13 23:12:16] [[32mINFO[0m] [logger.py:120] Model built: 2,626,684 parameters
[2026-01-13 23:12:16] [[32mINFO[0m] [logger.py:120]   Input: (None, 180, 320, 3)
[2026-01-13 23:12:16] [[32mINFO[0m] [logger.py:120]   Output boxes: (None, 4880, 4)
[2026-01-13 23:12:16] [[32mINFO[0m] [logger.py:120]   Output classes: (None, 4880, 1)
[2026-01-13 23:12:16] [[32mINFO[0m] [logger.py:120] Attempting to load detection weights from: ..\notebooks\models\ssd_mobilenet_best.keras
[2026-01-13 23:12:16] [[33mWARNING[0m] [logger.py:124] Error loading weights: Layer detect_0_box_conv weight shape (3, 3, 192, 16) is not compatible with provided weight shape (3, 3, 192, 4).
[2026-01-13 23:12:16] [[33mWARNING[0m] [logger.py:124] Continuing with untrained detection heads...
[2026-01-13 23:12:16] [[32mINFO[0m] [logger.py:120] ✓ SSD model ready with threshold=0.5
[2026-01-13 23:12:16] [[32mINFO[0m] [logger.py:120] Generated 4880 anchor boxes
[2026-01-13 23:12:58] [[32mINFO[0m] [logger.py:120] ┌─ Starting: Loading configuration
[2026-01-13 23:12:58] [[32mINFO[0m] [logger.py:120] Configuration loaded from: C:\Users\04aza\UNI\3 Urtea\1.SEMESTREA\PBL\CRAI\ai\src\config/config.yaml
[2026-01-13 23:12:58] [[32mINFO[0m] [logger.py:120] Loading from: C:\Users\04aza\UNI\3 Urtea\1.SEMESTREA\PBL\CRAI\ai\src\config/config.yaml
[2026-01-13 23:12:58] [[32mINFO[0m] [logger.py:120] └─ Completed: Loading configuration (0.034s)
[2026-01-13 23:12:58] [[32mINFO[0m] [logger.py:120] ┌─ Starting: System initialization
[2026-01-13 23:12:58] [[32mINFO[0m] [logger.py:120] 1. Starting camera...
[2026-01-13 23:12:58] [[32mINFO[0m] [logger.py:120] Intentando inicializar webcam en source=1...
[2026-01-13 23:13:08] [[32mINFO[0m] [logger.py:120] ✓ Camera 1 funciona correctamente
[2026-01-13 23:13:32] [[32mINFO[0m] [logger.py:120] ✓ Camera started successfully
[2026-01-13 23:13:32] [[32mINFO[0m] [logger.py:120] 2. Initializing plate queue...
[2026-01-13 23:13:32] [[32mINFO[0m] [logger.py:120] ✓ Plate queue initialized
[2026-01-13 23:13:32] [[32mINFO[0m] [logger.py:120] ✓ Captures directory: C:\Users\04aza\UNI\3 Urtea\1.SEMESTREA\PBL\CRAI\ai\src\captures
[2026-01-13 23:13:32] [[32mINFO[0m] [logger.py:120] 3. Loading YOLO vehicle detector...
[2026-01-13 23:13:32] [[32mINFO[0m] [logger.py:120] Loading YOLO model: C:\Users\04aza\UNI\3 Urtea\1.SEMESTREA\PBL\CRAI\ai\src\models/yolov8n.pt
[2026-01-13 23:13:32] [[32mINFO[0m] [logger.py:120] Model loaded successfully with threshold=0.5
[2026-01-13 23:13:32] [[32mINFO[0m] [logger.py:120] 4. Loading license plate detector...
[2026-01-13 23:13:32] [[32mINFO[0m] [logger.py:120] Loading license plate model: C:\Users\04aza\UNI\3 Urtea\1.SEMESTREA\PBL\CRAI\ai\src\models/license_plate_detector.pt
[2026-01-13 23:13:32] [[32mINFO[0m] [logger.py:120] License plate model loaded successfully with threshold=0.3
[2026-01-13 23:13:32] [[32mINFO[0m] [logger.py:120] 5. Initializing OCR...
[2026-01-13 23:13:32] [[32mINFO[0m] [logger.py:120] Initializing EasyOCR with languages: ['en'], GPU: False
[2026-01-13 23:13:34] [[32mINFO[0m] [logger.py:120] EasyOCR loaded successfully
[2026-01-13 23:13:34] [[32mINFO[0m] [logger.py:120] 6. Loading SSD custom model...
[2026-01-13 23:13:39] [[32mINFO[0m] [logger.py:120] Found SSD model: ssd_mobilenet_best.keras
[2026-01-13 23:13:39] [[32mINFO[0m] [logger.py:120] Loading SSD from: C:\Users\04aza\UNI\3 Urtea\1.SEMESTREA\PBL\CRAI\ai\notebooks\models\ssd_mobilenet_best.keras
[2026-01-13 23:13:39] [[32mINFO[0m] [logger.py:120] Building SSD MobileNetV2 architecture...
[2026-01-13 23:13:40] [[32mINFO[0m] [logger.py:120] ✓ MobileNetV2 backbone loaded with ImageNet weights
[2026-01-13 23:13:41] [[32mINFO[0m] [logger.py:120] Model built: 2,626,684 parameters
[2026-01-13 23:13:41] [[32mINFO[0m] [logger.py:120]   Input: (None, 180, 320, 3)
[2026-01-13 23:13:41] [[32mINFO[0m] [logger.py:120]   Output boxes: (None, 4880, 4)
[2026-01-13 23:13:41] [[32mINFO[0m] [logger.py:120]   Output classes: (None, 4880, 1)
[2026-01-13 23:13:41] [[32mINFO[0m] [logger.py:120] Attempting to load detection weights from: C:\Users\04aza\UNI\3 Urtea\1.SEMESTREA\PBL\CRAI\ai\notebooks\models\ssd_mobilenet_best.keras
[2026-01-13 23:13:41] [[33mWARNING[0m] [logger.py:124] Error loading weights: Layer detect_0_box_conv weight shape (3, 3, 192, 16) is not compatible with provided weight shape (3, 3, 192, 4).
[2026-01-13 23:13:41] [[33mWARNING[0m] [logger.py:124] Continuing with untrained detection heads...
[2026-01-13 23:13:41] [[32mINFO[0m] [logger.py:120] ✓ SSD model ready with threshold=0.85
[2026-01-13 23:13:41] [[32mINFO[0m] [logger.py:120] Generated 4880 anchor boxes
[2026-01-13 23:13:41] [[32mINFO[0m] [logger.py:120] ✓ SSD custom model loaded successfully
[2026-01-13 23:13:41] [[32mINFO[0m] [logger.py:120] └─ Completed: System initialization (42.800s)
[2026-01-13 23:13:41] [[32mINFO[0m] [logger.py:120] ┌─ Starting: Parameter configuration
[2026-01-13 23:13:41] [[32mINFO[0m] [logger.py:120] Window: CRAI - Car Registration AI
[2026-01-13 23:13:41] [[32mINFO[0m] [logger.py:120] OCR available: True
[2026-01-13 23:13:41] [[32mINFO[0m] [logger.py:120] SSD available: True
[2026-01-13 23:13:41] [[32mINFO[0m] [logger.py:120] OCR frequency: every 3 frames
[2026-01-13 23:13:41] [[32mINFO[0m] [logger.py:120] Press 'M' to toggle between YOLO+OCR and SSD Custom modes
[2026-01-13 23:13:41] [[32mINFO[0m] [logger.py:120] └─ Completed: Parameter configuration (0.007s)
[2026-01-13 23:13:41] [[32mINFO[0m] [logger.py:120] Starting main loop...
[2026-01-13 23:14:16] [[32mINFO[0m] [logger.py:120] Captures saved: 20260113_231416_2260MKF_vehicle.jpg
[2026-01-13 23:14:16] [[32mINFO[0m] [logger.py:120] New plate detected and queued: 2260MKF (conf: 0.95)
[2026-01-13 23:14:21] [[32mINFO[0m] [logger.py:120] Switched to mode: SSD Custom
[2026-01-13 23:14:24] [[32mINFO[0m] [logger.py:120] Switched to mode: YOLO + OCR
[2026-01-13 23:14:27] [[32mINFO[0m] [logger.py:120] ┌─ Starting: Detection summary
[2026-01-13 23:14:27] [[32mINFO[0m] [logger.py:120] Total unique plates detected: 1
[2026-01-13 23:14:27] [[32mINFO[0m] [logger.py:120] 
============================================================
Plate           Times    Confidence   Vehicle
------------------------------------------------------------
2260MKF         21       0.95         truck
============================================================

[2026-01-13 23:14:27] [[32mINFO[0m] [logger.py:120] Queue statistics: Sent=0, Failed=0, Pending=0
[2026-01-13 23:14:27] [[32mINFO[0m] [logger.py:120] └─ Completed: Detection summary (0.001s)
[2026-01-13 23:14:27] [[32mINFO[0m] [logger.py:120] ┌─ Starting: System cleanup
[2026-01-13 23:14:27] [[32mINFO[0m] [logger.py:120] Stopping plate queue...
[2026-01-13 23:14:28] [[32mINFO[0m] [logger.py:120] Stopping video stream...
[2026-01-13 23:14:28] [[32mINFO[0m] [logger.py:120] Closing windows...
[2026-01-13 23:14:28] [[32mINFO[0m] [logger.py:120] System closed successfully
[2026-01-13 23:14:28] [[32mINFO[0m] [logger.py:120] └─ Completed: System cleanup (1.266s)
[2026-01-14 08:07:38] [[32mINFO[0m] [logger.py:120] ┌─ Starting: Loading configuration
[2026-01-14 08:07:38] [[32mINFO[0m] [logger.py:120] Configuration loaded from: C:\Users\04aza\UNI\3 Urtea\1.SEMESTREA\PBL\CRAI\ai\src\config/config.yaml
[2026-01-14 08:07:38] [[32mINFO[0m] [logger.py:120] Loading from: C:\Users\04aza\UNI\3 Urtea\1.SEMESTREA\PBL\CRAI\ai\src\config/config.yaml
[2026-01-14 08:07:38] [[32mINFO[0m] [logger.py:120] └─ Completed: Loading configuration (0.033s)
[2026-01-14 08:07:38] [[32mINFO[0m] [logger.py:120] ┌─ Starting: System initialization
[2026-01-14 08:07:38] [[32mINFO[0m] [logger.py:120] 1. Starting camera...
[2026-01-14 08:07:38] [[32mINFO[0m] [logger.py:120] Intentando inicializar webcam en source=1...
[2026-01-14 08:08:00] [[32mINFO[0m] [logger.py:120] ✓ Camera 1 funciona correctamente
[2026-01-14 08:08:46] [[32mINFO[0m] [logger.py:120] ✓ Camera started successfully
[2026-01-14 08:08:46] [[32mINFO[0m] [logger.py:120] 2. Initializing plate queue...
[2026-01-14 08:08:46] [[32mINFO[0m] [logger.py:120] ✓ Plate queue initialized
[2026-01-14 08:08:46] [[32mINFO[0m] [logger.py:120] ✓ Captures directory: C:\Users\04aza\UNI\3 Urtea\1.SEMESTREA\PBL\CRAI\ai\src\captures
[2026-01-14 08:08:46] [[32mINFO[0m] [logger.py:120] 3. Loading YOLO vehicle detector...
[2026-01-14 08:08:46] [[32mINFO[0m] [logger.py:120] Loading YOLO model: C:\Users\04aza\UNI\3 Urtea\1.SEMESTREA\PBL\CRAI\ai\src\models/yolov8n.pt
[2026-01-14 08:08:46] [[32mINFO[0m] [logger.py:120] Model loaded successfully with threshold=0.5
[2026-01-14 08:08:46] [[32mINFO[0m] [logger.py:120] 4. Loading license plate detector...
[2026-01-14 08:08:46] [[32mINFO[0m] [logger.py:120] Loading license plate model: C:\Users\04aza\UNI\3 Urtea\1.SEMESTREA\PBL\CRAI\ai\src\models/license_plate_detector.pt
[2026-01-14 08:08:47] [[32mINFO[0m] [logger.py:120] License plate model loaded successfully with threshold=0.3
[2026-01-14 08:08:47] [[32mINFO[0m] [logger.py:120] 5. Initializing OCR...
[2026-01-14 08:08:57] [[32mINFO[0m] [logger.py:120] Initializing EasyOCR with languages: ['en'], GPU: False
[2026-01-14 08:09:00] [[32mINFO[0m] [logger.py:120] EasyOCR loaded successfully
[2026-01-14 08:09:00] [[32mINFO[0m] [logger.py:120] 6. Loading SSD custom model...
[2026-01-14 08:09:55] [[32mINFO[0m] [logger.py:120] Found SSD model: ssd_mobilenet_best.keras
[2026-01-14 08:09:55] [[32mINFO[0m] [logger.py:120] Loading SSD from: C:\Users\04aza\UNI\3 Urtea\1.SEMESTREA\PBL\CRAI\ai\notebooks\models\ssd_mobilenet_best.keras
[2026-01-14 08:09:55] [[32mINFO[0m] [logger.py:120] Building SSD MobileNetV2 architecture...
[2026-01-14 08:09:57] [[32mINFO[0m] [logger.py:120] ✓ MobileNetV2 backbone loaded with ImageNet weights
[2026-01-14 08:09:57] [[32mINFO[0m] [logger.py:120] Model built: 2,626,684 parameters
[2026-01-14 08:09:57] [[32mINFO[0m] [logger.py:120]   Input: (None, 180, 320, 3)
[2026-01-14 08:09:57] [[32mINFO[0m] [logger.py:120]   Output boxes: (None, 4880, 4)
[2026-01-14 08:09:57] [[32mINFO[0m] [logger.py:120]   Output classes: (None, 4880, 1)
[2026-01-14 08:09:57] [[32mINFO[0m] [logger.py:120] Attempting to load detection weights from: C:\Users\04aza\UNI\3 Urtea\1.SEMESTREA\PBL\CRAI\ai\notebooks\models\ssd_mobilenet_best.keras
[2026-01-14 08:09:58] [[33mWARNING[0m] [logger.py:124] Error loading weights: Layer detect_0_box_conv weight shape (3, 3, 192, 16) is not compatible with provided weight shape (3, 3, 192, 4).
[2026-01-14 08:09:58] [[33mWARNING[0m] [logger.py:124] Continuing with untrained detection heads...
[2026-01-14 08:09:58] [[32mINFO[0m] [logger.py:120] ✓ SSD model ready with threshold=0.85
[2026-01-14 08:09:58] [[32mINFO[0m] [logger.py:120] Generated 4880 anchor boxes
[2026-01-14 08:09:58] [[32mINFO[0m] [logger.py:120] ✓ SSD custom model loaded successfully
[2026-01-14 08:09:58] [[32mINFO[0m] [logger.py:120] └─ Completed: System initialization (139.576s)
[2026-01-14 08:09:58] [[32mINFO[0m] [logger.py:120] ┌─ Starting: Parameter configuration
[2026-01-14 08:09:58] [[32mINFO[0m] [logger.py:120] Window: CRAI - Car Registration AI
[2026-01-14 08:09:58] [[32mINFO[0m] [logger.py:120] OCR available: True
[2026-01-14 08:09:58] [[32mINFO[0m] [logger.py:120] SSD available: True
[2026-01-14 08:09:58] [[32mINFO[0m] [logger.py:120] OCR frequency: every 3 frames
[2026-01-14 08:09:58] [[32mINFO[0m] [logger.py:120] Press 'M' to toggle between YOLO+OCR and SSD Custom modes
[2026-01-14 08:09:58] [[32mINFO[0m] [logger.py:120] └─ Completed: Parameter configuration (0.009s)
[2026-01-14 08:09:58] [[32mINFO[0m] [logger.py:120] Starting main loop...
[2026-01-14 08:09:59] [[32mINFO[0m] [logger.py:120] Captures saved: 20260114_080959_1927JXK_vehicle.jpg
[2026-01-14 08:09:59] [[32mINFO[0m] [logger.py:120] New plate detected and queued: 1927JXK (conf: 0.98)
[2026-01-14 08:10:11] [[32mINFO[0m] [logger.py:120] Switched to mode: SSD Custom
[2026-01-14 08:10:22] [[32mINFO[0m] [logger.py:120] Switched to mode: YOLO + OCR
[2026-01-14 08:10:25] [[32mINFO[0m] [logger.py:120] Captures saved: 20260114_081025_4927JXK_vehicle.jpg
[2026-01-14 08:10:25] [[32mINFO[0m] [logger.py:120] New plate detected and queued: 4927JXK (conf: 0.54)
[2026-01-14 08:12:22] [[32mINFO[0m] [logger.py:120] Switched to mode: SSD Custom
[2026-01-14 08:12:23] [[32mINFO[0m] [logger.py:120] Switched to mode: YOLO + OCR
[2026-01-14 08:12:38] [[32mINFO[0m] [logger.py:120] Captures saved: 20260114_081238_4453JSM_vehicle.jpg
[2026-01-14 08:12:38] [[32mINFO[0m] [logger.py:120] New plate detected and queued: 4453JSM (conf: 0.58)
[2026-01-14 08:16:05] [[32mINFO[0m] [logger.py:120] Switched to mode: SSD Custom
[2026-01-14 08:16:08] [[32mINFO[0m] [logger.py:120] Switched to mode: YOLO + OCR
[2026-01-14 08:18:42] [[32mINFO[0m] [logger.py:120] Captures saved: 20260114_081842_0354FXR_vehicle.jpg
[2026-01-14 08:18:42] [[32mINFO[0m] [logger.py:120] New plate detected and queued: 0354FXR (conf: 0.44)
[2026-01-14 08:19:01] [[32mINFO[0m] [logger.py:120] Captures saved: 20260114_081901_6727JJH_vehicle.jpg
[2026-01-14 08:19:01] [[32mINFO[0m] [logger.py:120] New plate detected and queued: 6727JJH (conf: 0.57)
[2026-01-14 08:19:07] [[32mINFO[0m] [logger.py:120] Captures saved: 20260114_081907_6727JJM_vehicle.jpg
[2026-01-14 08:19:07] [[32mINFO[0m] [logger.py:120] New plate detected and queued: 6727JJM (conf: 0.83)
[2026-01-14 08:19:12] [[32mINFO[0m] [logger.py:120] Captures saved: 20260114_081912_6727JJW_vehicle.jpg
[2026-01-14 08:19:12] [[32mINFO[0m] [logger.py:120] New plate detected and queued: 6727JJW (conf: 0.31)
[2026-01-14 08:19:25] [[32mINFO[0m] [logger.py:120] Captures saved: 20260114_081925_5385DVK_vehicle.jpg
[2026-01-14 08:19:25] [[32mINFO[0m] [logger.py:120] New plate detected and queued: 5385DVK (conf: 0.53)
[2026-01-14 08:19:27] [[32mINFO[0m] [logger.py:120] Captures saved: 20260114_081927_0385DVK_vehicle.jpg
[2026-01-14 08:19:27] [[32mINFO[0m] [logger.py:120] New plate detected and queued: 0385DVK (conf: 0.94)
[2026-01-14 08:19:29] [[32mINFO[0m] [logger.py:120] Captures saved: 20260114_081929_6385DVK_vehicle.jpg
[2026-01-14 08:19:29] [[32mINFO[0m] [logger.py:120] New plate detected and queued: 6385DVK (conf: 0.81)
[2026-01-14 08:19:47] [[32mINFO[0m] [logger.py:120] Captures saved: 20260114_081947_0725DZH_vehicle.jpg
[2026-01-14 08:19:47] [[32mINFO[0m] [logger.py:120] New plate detected and queued: 0725DZH (conf: 0.23)
[2026-01-14 08:19:54] [[32mINFO[0m] [logger.py:120] Captures saved: 20260114_081954_6205DVK_vehicle.jpg
[2026-01-14 08:19:54] [[32mINFO[0m] [logger.py:120] New plate detected and queued: 6205DVK (conf: 0.46)
[2026-01-14 08:20:18] [[32mINFO[0m] [logger.py:120] Captures saved: 20260114_082018_3719HXM_vehicle.jpg
[2026-01-14 08:20:18] [[32mINFO[0m] [logger.py:120] New plate detected and queued: 3719HXM (conf: 0.43)
[2026-01-14 08:20:30] [[32mINFO[0m] [logger.py:120] ┌─ Starting: Detection summary
[2026-01-14 08:20:30] [[32mINFO[0m] [logger.py:120] Total unique plates detected: 13
[2026-01-14 08:20:30] [[32mINFO[0m] [logger.py:120] 
============================================================
Plate           Times    Confidence   Vehicle
------------------------------------------------------------
1927JXK         154      0.98         car
4453JSM         27       0.58         car
6727JJH         12       0.57         car
6385DVK         8        0.81         car
5385DVK         5        0.53         car
6727JJM         4        0.83         car
4927JXK         1        0.54         car
0354FXR         1        0.44         car
6727JJW         1        0.31         car
0385DVK         1        0.94         car
============================================================

[2026-01-14 08:20:30] [[32mINFO[0m] [logger.py:120] Queue statistics: Sent=0, Failed=7, Pending=5
[2026-01-14 08:20:30] [[32mINFO[0m] [logger.py:120] └─ Completed: Detection summary (0.002s)
[2026-01-14 08:20:30] [[32mINFO[0m] [logger.py:120] ┌─ Starting: System cleanup
[2026-01-14 08:20:30] [[32mINFO[0m] [logger.py:120] Stopping plate queue...
[2026-01-14 08:20:33] [[32mINFO[0m] [logger.py:120] Stopping video stream...
[2026-01-14 08:20:33] [[32mINFO[0m] [logger.py:120] Closing windows...
[2026-01-14 08:20:33] [[32mINFO[0m] [logger.py:120] System closed successfully
[2026-01-14 08:20:33] [[32mINFO[0m] [logger.py:120] └─ Completed: System cleanup (2.105s)
[2026-01-14 08:47:40] [[32mINFO[0m] [logger.py:120] Building SSD MobileNetV2 architecture...
[2026-01-14 08:47:41] [[32mINFO[0m] [logger.py:120] ✓ MobileNetV2 backbone loaded with ImageNet weights
[2026-01-14 08:47:41] [[32mINFO[0m] [logger.py:120] Model built: 2,626,684 parameters
[2026-01-14 08:47:41] [[32mINFO[0m] [logger.py:120]   Input: (None, 180, 320, 3)
[2026-01-14 08:47:41] [[32mINFO[0m] [logger.py:120]   Output boxes: (None, 4880, 4)
[2026-01-14 08:47:41] [[32mINFO[0m] [logger.py:120]   Output classes: (None, 4880, 1)
[2026-01-14 08:47:41] [[32mINFO[0m] [logger.py:120] Attempting to load detection weights from: ..\notebooks\models\ssd_mobilenet_best.keras
[2026-01-14 08:47:41] [[33mWARNING[0m] [logger.py:124] Error loading weights: Layer detect_0_box_conv weight shape (3, 3, 192, 16) is not compatible with provided weight shape (3, 3, 192, 4).
[2026-01-14 08:47:41] [[33mWARNING[0m] [logger.py:124] ============================================================
[2026-01-14 08:47:41] [[33mWARNING[0m] [logger.py:124] WEIGHT MISMATCH DETECTED
[2026-01-14 08:47:41] [[33mWARNING[0m] [logger.py:124] ============================================================
[2026-01-14 08:47:41] [[33mWARNING[0m] [logger.py:124] The saved model weights are incompatible with the current architecture.
[2026-01-14 08:47:41] [[33mWARNING[0m] [logger.py:124] Expected: Box heads (16 filters), Class heads (4 filters)
[2026-01-14 08:47:41] [[33mWARNING[0m] [logger.py:124] Saved:    Box heads (4 filters), Class heads (16 filters)
[2026-01-14 08:47:41] [[33mWARNING[0m] [logger.py:124] 
[2026-01-14 08:47:41] [[33mWARNING[0m] [logger.py:124] SOLUTION OPTIONS:
[2026-01-14 08:47:41] [[33mWARNING[0m] [logger.py:124] 1. Use YOLO detector instead (recommended, works well)
[2026-01-14 08:47:41] [[33mWARNING[0m] [logger.py:124] 2. Re-train SSD from notebook with correct architecture
[2026-01-14 08:47:41] [[33mWARNING[0m] [logger.py:124] 3. Continue with untrained SSD (poor detection quality)
[2026-01-14 08:47:41] [[33mWARNING[0m] [logger.py:124] ============================================================
[2026-01-14 08:47:41] [[32mINFO[0m] [logger.py:120] ✓ SSD model ready with threshold=0.5
[2026-01-14 08:47:41] [[32mINFO[0m] [logger.py:120] Generated 4880 anchor boxes
[2026-01-14 08:47:41] [[33mWARNING[0m] [logger.py:124] ⚠ SSD detection heads are UNTRAINED - results will be unreliable!
[2026-01-14 08:47:41] [[33mWARNING[0m] [logger.py:124] ⚠ Recommend using YOLO detector instead, or retrain SSD model.
[2026-01-14 08:50:06] [[32mINFO[0m] [logger.py:120] Building SSD MobileNetV2 architecture...
[2026-01-14 08:50:07] [[32mINFO[0m] [logger.py:120] ✓ MobileNetV2 backbone loaded with ImageNet weights
[2026-01-14 08:50:07] [[32mINFO[0m] [logger.py:120] Model built: 2,626,684 parameters
[2026-01-14 08:50:07] [[32mINFO[0m] [logger.py:120]   Input: (None, 180, 320, 3)
[2026-01-14 08:50:07] [[32mINFO[0m] [logger.py:120]   Output boxes: (None, 4880, 4)
[2026-01-14 08:50:07] [[32mINFO[0m] [logger.py:120]   Output classes: (None, 4880, 1)
[2026-01-14 08:50:07] [[32mINFO[0m] [logger.py:120] Attempting to load detection weights from: ..\notebooks\models\ssd_mobilenet_best.keras
[2026-01-14 08:50:07] [[33mWARNING[0m] [logger.py:124] Error loading weights: Layer detect_0_box_conv weight shape (3, 3, 192, 16) is not compatible with provided weight shape (3, 3, 192, 4).
[2026-01-14 08:50:07] [[33mWARNING[0m] [logger.py:124] ============================================================
[2026-01-14 08:50:07] [[33mWARNING[0m] [logger.py:124] WEIGHT MISMATCH DETECTED
[2026-01-14 08:50:07] [[33mWARNING[0m] [logger.py:124] ============================================================
[2026-01-14 08:50:07] [[33mWARNING[0m] [logger.py:124] The saved model weights are incompatible with the current architecture.
[2026-01-14 08:50:07] [[33mWARNING[0m] [logger.py:124] Expected: Box heads (16 filters), Class heads (4 filters)
[2026-01-14 08:50:07] [[33mWARNING[0m] [logger.py:124] Saved:    Box heads (4 filters), Class heads (16 filters)
[2026-01-14 08:50:07] [[33mWARNING[0m] [logger.py:124] 
[2026-01-14 08:50:07] [[33mWARNING[0m] [logger.py:124] SOLUTION OPTIONS:
[2026-01-14 08:50:07] [[33mWARNING[0m] [logger.py:124] 1. Use YOLO detector instead (recommended, works well)
[2026-01-14 08:50:07] [[33mWARNING[0m] [logger.py:124] 2. Re-train SSD from notebook with correct architecture
[2026-01-14 08:50:07] [[33mWARNING[0m] [logger.py:124] 3. Continue with untrained SSD (poor detection quality)
[2026-01-14 08:50:07] [[33mWARNING[0m] [logger.py:124] ============================================================
[2026-01-14 08:50:07] [[32mINFO[0m] [logger.py:120] ✓ SSD model ready with threshold=0.5
[2026-01-14 08:50:07] [[32mINFO[0m] [logger.py:120] Generated 4880 anchor boxes
[2026-01-14 08:50:07] [[33mWARNING[0m] [logger.py:124] ⚠ SSD detection heads are UNTRAINED - results will be unreliable!
[2026-01-14 08:50:07] [[33mWARNING[0m] [logger.py:124] ⚠ Recommend using YOLO detector instead, or retrain SSD model.
[2026-01-14 08:59:34] [[32mINFO[0m] [logger.py:120] Building SSD MobileNetV2 architecture...
[2026-01-14 08:59:35] [[32mINFO[0m] [logger.py:120] ✓ MobileNetV2 backbone loaded with ImageNet weights
[2026-01-14 08:59:35] [[32mINFO[0m] [logger.py:120] Model built: 2,626,684 parameters
[2026-01-14 08:59:35] [[32mINFO[0m] [logger.py:120]   Input: (None, 180, 320, 3)
[2026-01-14 08:59:35] [[32mINFO[0m] [logger.py:120]   Output boxes: (None, 4880, 4)
[2026-01-14 08:59:35] [[32mINFO[0m] [logger.py:120]   Output classes: (None, 4880, 1)
[2026-01-14 08:59:35] [[32mINFO[0m] [logger.py:120] Attempting to load detection weights from: ..\notebooks\models\ssd_mobilenet_best.keras
[2026-01-14 08:59:35] [[33mWARNING[0m] [logger.py:124] Error loading weights: Layer detect_0_box_conv weight shape (3, 3, 192, 16) is not compatible with provided weight shape (3, 3, 192, 4).
[2026-01-14 08:59:35] [[33mWARNING[0m] [logger.py:124] ============================================================
[2026-01-14 08:59:35] [[33mWARNING[0m] [logger.py:124] ⚠️  NO SE PUDIERON CARGAR LOS PESOS ENTRENADOS
[2026-01-14 08:59:35] [[33mWARNING[0m] [logger.py:124]    El modelo usará pesos aleatorios (ImageNet para backbone)
[2026-01-14 08:59:35] [[33mWARNING[0m] [logger.py:124]    Para entrenar el modelo:
[2026-01-14 08:59:35] [[33mWARNING[0m] [logger.py:124]    1. Ejecuta el notebook: ai/notebooks/crai.ipynb
[2026-01-14 08:59:35] [[33mWARNING[0m] [logger.py:124]    2. Entrena el modelo completo
[2026-01-14 08:59:35] [[33mWARNING[0m] [logger.py:124]    3. Ejecuta la celda 'GUARDAR MODELO COMPATIBLE'
[2026-01-14 08:59:35] [[33mWARNING[0m] [logger.py:124] ============================================================
[2026-01-14 08:59:35] [[32mINFO[0m] [logger.py:120] ✓ SSD model ready with threshold=0.5
[2026-01-14 08:59:35] [[32mINFO[0m] [logger.py:120] Generated 4880 anchor boxes
[2026-01-14 09:00:26] [[32mINFO[0m] [logger.py:120] Building SSD MobileNetV2 architecture...
[2026-01-14 09:00:27] [[32mINFO[0m] [logger.py:120] ✓ MobileNetV2 backbone loaded with ImageNet weights
[2026-01-14 09:00:28] [[32mINFO[0m] [logger.py:120] Model built: 2,626,684 parameters
[2026-01-14 09:00:28] [[32mINFO[0m] [logger.py:120]   Input: (None, 180, 320, 3)
[2026-01-14 09:00:28] [[32mINFO[0m] [logger.py:120]   Output boxes: (None, 4880, 4)
[2026-01-14 09:00:28] [[32mINFO[0m] [logger.py:120]   Output classes: (None, 4880, 1)
[2026-01-14 09:00:28] [[32mINFO[0m] [logger.py:120] Attempting to load detection weights from: ..\notebooks\models\ssd_mobilenet_best.keras
[2026-01-14 09:00:28] [[33mWARNING[0m] [logger.py:124] Error loading weights: Layer detect_0_box_conv weight shape (3, 3, 192, 16) is not compatible with provided weight shape (3, 3, 192, 4).
[2026-01-14 09:00:28] [[33mWARNING[0m] [logger.py:124] ============================================================
[2026-01-14 09:00:28] [[33mWARNING[0m] [logger.py:124] ⚠️  NO SE PUDIERON CARGAR LOS PESOS ENTRENADOS
[2026-01-14 09:00:28] [[33mWARNING[0m] [logger.py:124]    El modelo usará pesos aleatorios (ImageNet para backbone)
[2026-01-14 09:00:28] [[33mWARNING[0m] [logger.py:124]    Para entrenar el modelo:
[2026-01-14 09:00:28] [[33mWARNING[0m] [logger.py:124]    1. Ejecuta el notebook: ai/notebooks/crai.ipynb
[2026-01-14 09:00:28] [[33mWARNING[0m] [logger.py:124]    2. Entrena el modelo completo
[2026-01-14 09:00:28] [[33mWARNING[0m] [logger.py:124]    3. Ejecuta la celda 'GUARDAR MODELO COMPATIBLE'
[2026-01-14 09:00:28] [[33mWARNING[0m] [logger.py:124] ============================================================
[2026-01-14 09:00:28] [[32mINFO[0m] [logger.py:120] ✓ SSD model ready with threshold=0.5
[2026-01-14 09:00:28] [[32mINFO[0m] [logger.py:120] Generated 4880 anchor boxes
[2026-01-14 12:31:41] [[32mINFO[0m] [logger.py:120] Building SSD MobileNetV2 architecture...
[2026-01-14 12:31:42] [[32mINFO[0m] [logger.py:120] ✓ MobileNetV2 backbone loaded with ImageNet weights
[2026-01-14 12:31:42] [[32mINFO[0m] [logger.py:120] Model built: 2,626,684 parameters
[2026-01-14 12:31:42] [[32mINFO[0m] [logger.py:120]   Input: (None, 180, 320, 3)
[2026-01-14 12:31:42] [[32mINFO[0m] [logger.py:120]   Output boxes: (None, 4880, 4)
[2026-01-14 12:31:42] [[32mINFO[0m] [logger.py:120]   Output classes: (None, 4880, 1)
[2026-01-14 12:31:42] [[32mINFO[0m] [logger.py:120] Loading trained weights from: C:\Users\04aza\UNI\3 Urtea\1.SEMESTREA\PBL\CRAI\ai\src\models\ssd_vehicle_detector.weights.h5
[2026-01-14 12:31:42] [[33mWARNING[0m] [logger.py:124] Could not load weights from C:\Users\04aza\UNI\3 Urtea\1.SEMESTREA\PBL\CRAI\ai\src\models\ssd_vehicle_detector.weights.h5: `by_name` only supports loading legacy '.h5' or '.hdf5' files. Received: C:\Users\04aza\UNI\3 Urtea\1.SEMESTREA\PBL\CRAI\ai\src\models\ssd_vehicle_detector.weights.h5
[2026-01-14 12:31:42] [[32mINFO[0m] [logger.py:120] Loading trained weights from: C:\Users\04aza\UNI\3 Urtea\1.SEMESTREA\PBL\CRAI\ai\notebooks\models\ssd_vehicle_detector.weights.h5
[2026-01-14 12:31:42] [[33mWARNING[0m] [logger.py:124] Could not load weights from C:\Users\04aza\UNI\3 Urtea\1.SEMESTREA\PBL\CRAI\ai\notebooks\models\ssd_vehicle_detector.weights.h5: `by_name` only supports loading legacy '.h5' or '.hdf5' files. Received: C:\Users\04aza\UNI\3 Urtea\1.SEMESTREA\PBL\CRAI\ai\notebooks\models\ssd_vehicle_detector.weights.h5
[2026-01-14 12:31:42] [[32mINFO[0m] [logger.py:120] Attempting to load detection weights from: ..\notebooks\models\ssd_mobilenet_best.keras
[2026-01-14 12:31:42] [[33mWARNING[0m] [logger.py:124] Error loading weights: Layer detect_0_box_conv weight shape (3, 3, 192, 16) is not compatible with provided weight shape (3, 3, 192, 4).
[2026-01-14 12:31:42] [[33mWARNING[0m] [logger.py:124] ============================================================
[2026-01-14 12:31:42] [[33mWARNING[0m] [logger.py:124] ⚠️  NO SE PUDIERON CARGAR LOS PESOS ENTRENADOS
[2026-01-14 12:31:42] [[33mWARNING[0m] [logger.py:124]    El modelo usará pesos aleatorios (ImageNet para backbone)
[2026-01-14 12:31:42] [[33mWARNING[0m] [logger.py:124]    Para entrenar el modelo:
[2026-01-14 12:31:42] [[33mWARNING[0m] [logger.py:124]    1. Ejecuta el notebook: ai/notebooks/crai.ipynb
[2026-01-14 12:31:42] [[33mWARNING[0m] [logger.py:124]    2. Entrena el modelo completo
[2026-01-14 12:31:42] [[33mWARNING[0m] [logger.py:124]    3. Ejecuta la celda 'GUARDAR MODELO COMPATIBLE'
[2026-01-14 12:31:42] [[33mWARNING[0m] [logger.py:124] ============================================================
[2026-01-14 12:31:42] [[32mINFO[0m] [logger.py:120] ✓ SSD model ready with threshold=0.5
[2026-01-14 12:31:42] [[32mINFO[0m] [logger.py:120] Generated 4880 anchor boxes
[2026-01-14 12:32:13] [[32mINFO[0m] [logger.py:120] Building SSD MobileNetV2 architecture...
[2026-01-14 12:32:14] [[32mINFO[0m] [logger.py:120] ✓ MobileNetV2 backbone loaded with ImageNet weights
[2026-01-14 12:32:14] [[32mINFO[0m] [logger.py:120] Model built: 2,626,684 parameters
[2026-01-14 12:32:14] [[32mINFO[0m] [logger.py:120]   Input: (None, 180, 320, 3)
[2026-01-14 12:32:14] [[32mINFO[0m] [logger.py:120]   Output boxes: (None, 4880, 4)
[2026-01-14 12:32:14] [[32mINFO[0m] [logger.py:120]   Output classes: (None, 4880, 1)
[2026-01-14 12:32:14] [[32mINFO[0m] [logger.py:120] Loading trained weights from: C:\Users\04aza\UNI\3 Urtea\1.SEMESTREA\PBL\CRAI\ai\src\models\ssd_vehicle_detector.weights.h5
[2026-01-14 12:32:14] [[33mWARNING[0m] [logger.py:124] Could not load weights from C:\Users\04aza\UNI\3 Urtea\1.SEMESTREA\PBL\CRAI\ai\src\models\ssd_vehicle_detector.weights.h5: `by_name` only supports loading legacy '.h5' or '.hdf5' files. Received: C:\Users\04aza\UNI\3 Urtea\1.SEMESTREA\PBL\CRAI\ai\src\models\ssd_vehicle_detector.weights.h5
[2026-01-14 12:32:14] [[32mINFO[0m] [logger.py:120] Loading trained weights from: C:\Users\04aza\UNI\3 Urtea\1.SEMESTREA\PBL\CRAI\ai\notebooks\models\ssd_vehicle_detector.weights.h5
[2026-01-14 12:32:14] [[33mWARNING[0m] [logger.py:124] Could not load weights from C:\Users\04aza\UNI\3 Urtea\1.SEMESTREA\PBL\CRAI\ai\notebooks\models\ssd_vehicle_detector.weights.h5: `by_name` only supports loading legacy '.h5' or '.hdf5' files. Received: C:\Users\04aza\UNI\3 Urtea\1.SEMESTREA\PBL\CRAI\ai\notebooks\models\ssd_vehicle_detector.weights.h5
[2026-01-14 12:32:14] [[32mINFO[0m] [logger.py:120] Attempting to load detection weights from: models\ssd_vehicle_detector.keras
[2026-01-14 12:32:14] [[32mINFO[0m] [logger.py:120] ✓ Loaded 0 detection head layers from .keras file
[2026-01-14 12:32:14] [[33mWARNING[0m] [logger.py:124] Could not load weights from .keras file
[2026-01-14 12:32:14] [[33mWARNING[0m] [logger.py:124] ============================================================
[2026-01-14 12:32:14] [[33mWARNING[0m] [logger.py:124] ⚠️  NO SE PUDIERON CARGAR LOS PESOS ENTRENADOS
[2026-01-14 12:32:14] [[33mWARNING[0m] [logger.py:124]    El modelo usará pesos aleatorios (ImageNet para backbone)
[2026-01-14 12:32:14] [[33mWARNING[0m] [logger.py:124]    Para entrenar el modelo:
[2026-01-14 12:32:14] [[33mWARNING[0m] [logger.py:124]    1. Ejecuta el notebook: ai/notebooks/crai.ipynb
[2026-01-14 12:32:14] [[33mWARNING[0m] [logger.py:124]    2. Entrena el modelo completo
[2026-01-14 12:32:14] [[33mWARNING[0m] [logger.py:124]    3. Ejecuta la celda 'GUARDAR MODELO COMPATIBLE'
[2026-01-14 12:32:14] [[33mWARNING[0m] [logger.py:124] ============================================================
[2026-01-14 12:32:14] [[32mINFO[0m] [logger.py:120] ✓ SSD model ready with threshold=0.5
[2026-01-14 12:32:14] [[32mINFO[0m] [logger.py:120] Generated 4880 anchor boxes
[2026-01-14 12:32:36] [[32mINFO[0m] [logger.py:120] Building SSD MobileNetV2 architecture...
[2026-01-14 12:32:37] [[32mINFO[0m] [logger.py:120] ✓ MobileNetV2 backbone loaded with ImageNet weights
[2026-01-14 12:32:37] [[32mINFO[0m] [logger.py:120] Model built: 2,626,684 parameters
[2026-01-14 12:32:37] [[32mINFO[0m] [logger.py:120]   Input: (None, 180, 320, 3)
[2026-01-14 12:32:37] [[32mINFO[0m] [logger.py:120]   Output boxes: (None, 4880, 4)
[2026-01-14 12:32:37] [[32mINFO[0m] [logger.py:120]   Output classes: (None, 4880, 1)
[2026-01-14 12:32:37] [[32mINFO[0m] [logger.py:120] Loading trained weights from: C:\Users\04aza\UNI\3 Urtea\1.SEMESTREA\PBL\CRAI\ai\src\models\ssd_vehicle_detector.weights.h5
[2026-01-14 12:32:37] [[33mWARNING[0m] [logger.py:124] Could not load weights from C:\Users\04aza\UNI\3 Urtea\1.SEMESTREA\PBL\CRAI\ai\src\models\ssd_vehicle_detector.weights.h5: `by_name` only supports loading legacy '.h5' or '.hdf5' files. Received: C:\Users\04aza\UNI\3 Urtea\1.SEMESTREA\PBL\CRAI\ai\src\models\ssd_vehicle_detector.weights.h5
[2026-01-14 12:32:37] [[32mINFO[0m] [logger.py:120] Loading trained weights from: C:\Users\04aza\UNI\3 Urtea\1.SEMESTREA\PBL\CRAI\ai\notebooks\models\ssd_vehicle_detector.weights.h5
[2026-01-14 12:32:37] [[33mWARNING[0m] [logger.py:124] Could not load weights from C:\Users\04aza\UNI\3 Urtea\1.SEMESTREA\PBL\CRAI\ai\notebooks\models\ssd_vehicle_detector.weights.h5: `by_name` only supports loading legacy '.h5' or '.hdf5' files. Received: C:\Users\04aza\UNI\3 Urtea\1.SEMESTREA\PBL\CRAI\ai\notebooks\models\ssd_vehicle_detector.weights.h5
[2026-01-14 12:32:37] [[32mINFO[0m] [logger.py:120] Attempting to load detection weights from: models\ssd_vehicle_detector.keras
[2026-01-14 12:32:37] [[32mINFO[0m] [logger.py:120] ✓ Loaded 0 detection head layers from .keras file
[2026-01-14 12:32:37] [[33mWARNING[0m] [logger.py:124] Could not load weights from .keras file
[2026-01-14 12:32:37] [[33mWARNING[0m] [logger.py:124] ============================================================
[2026-01-14 12:32:37] [[33mWARNING[0m] [logger.py:124] ⚠️  NO SE PUDIERON CARGAR LOS PESOS ENTRENADOS
[2026-01-14 12:32:37] [[33mWARNING[0m] [logger.py:124]    El modelo usará pesos aleatorios (ImageNet para backbone)
[2026-01-14 12:32:37] [[33mWARNING[0m] [logger.py:124]    Para entrenar el modelo:
[2026-01-14 12:32:37] [[33mWARNING[0m] [logger.py:124]    1. Ejecuta el notebook: ai/notebooks/crai.ipynb
[2026-01-14 12:32:37] [[33mWARNING[0m] [logger.py:124]    2. Entrena el modelo completo
[2026-01-14 12:32:37] [[33mWARNING[0m] [logger.py:124]    3. Ejecuta la celda 'GUARDAR MODELO COMPATIBLE'
[2026-01-14 12:32:37] [[33mWARNING[0m] [logger.py:124] ============================================================
[2026-01-14 12:32:37] [[32mINFO[0m] [logger.py:120] ✓ SSD model ready with threshold=0.5
[2026-01-14 12:32:37] [[32mINFO[0m] [logger.py:120] Generated 4880 anchor boxes
[2026-01-14 12:33:10] [[32mINFO[0m] [logger.py:120] ┌─ Starting: Loading configuration
[2026-01-14 12:33:10] [[32mINFO[0m] [logger.py:120] Configuration loaded from: C:\Users\04aza\UNI\3 Urtea\1.SEMESTREA\PBL\CRAI\ai\src\config/config.yaml
[2026-01-14 12:33:10] [[32mINFO[0m] [logger.py:120] Loading from: C:\Users\04aza\UNI\3 Urtea\1.SEMESTREA\PBL\CRAI\ai\src\config/config.yaml
[2026-01-14 12:33:10] [[32mINFO[0m] [logger.py:120] └─ Completed: Loading configuration (0.020s)
[2026-01-14 12:33:10] [[32mINFO[0m] [logger.py:120] ┌─ Starting: System initialization
[2026-01-14 12:33:10] [[32mINFO[0m] [logger.py:120] 1. Starting camera...
[2026-01-14 12:33:10] [[32mINFO[0m] [logger.py:120] Intentando inicializar webcam en source=1...
[2026-01-14 12:33:18] [[32mINFO[0m] [logger.py:120] ✓ Camera 1 funciona correctamente
[2026-01-14 12:33:42] [[32mINFO[0m] [logger.py:120] ✓ Camera started successfully
[2026-01-14 12:33:42] [[32mINFO[0m] [logger.py:120] 2. Initializing plate queue...
[2026-01-14 12:33:42] [[32mINFO[0m] [logger.py:120] ✓ Plate queue initialized
[2026-01-14 12:33:42] [[32mINFO[0m] [logger.py:120] ✓ Captures directory: C:\Users\04aza\UNI\3 Urtea\1.SEMESTREA\PBL\CRAI\ai\src\captures
[2026-01-14 12:33:42] [[32mINFO[0m] [logger.py:120] 3. Loading YOLO vehicle detector...
[2026-01-14 12:33:42] [[32mINFO[0m] [logger.py:120] Loading YOLO model: C:\Users\04aza\UNI\3 Urtea\1.SEMESTREA\PBL\CRAI\ai\src\models/yolov8n.pt
[2026-01-14 12:33:42] [[32mINFO[0m] [logger.py:120] Model loaded successfully with threshold=0.5
[2026-01-14 12:33:42] [[32mINFO[0m] [logger.py:120] 4. Loading license plate detector...
[2026-01-14 12:33:42] [[32mINFO[0m] [logger.py:120] Loading license plate model: C:\Users\04aza\UNI\3 Urtea\1.SEMESTREA\PBL\CRAI\ai\src\models/license_plate_detector.pt
[2026-01-14 12:33:42] [[32mINFO[0m] [logger.py:120] License plate model loaded successfully with threshold=0.3
[2026-01-14 12:33:42] [[32mINFO[0m] [logger.py:120] 5. Initializing OCR...
[2026-01-14 12:33:44] [[32mINFO[0m] [logger.py:120] Initializing EasyOCR with languages: ['en'], GPU: False
[2026-01-14 12:33:46] [[32mINFO[0m] [logger.py:120] EasyOCR loaded successfully
[2026-01-14 12:33:46] [[32mINFO[0m] [logger.py:120] 6. Loading SSD custom model...
[2026-01-14 12:33:51] [[32mINFO[0m] [logger.py:120] Found SSD model: ssd_mobilenet_best.keras
[2026-01-14 12:33:51] [[32mINFO[0m] [logger.py:120] Loading SSD from: C:\Users\04aza\UNI\3 Urtea\1.SEMESTREA\PBL\CRAI\ai\notebooks\models\ssd_mobilenet_best.keras
[2026-01-14 12:33:51] [[32mINFO[0m] [logger.py:120] Building SSD MobileNetV2 architecture...
[2026-01-14 12:33:52] [[32mINFO[0m] [logger.py:120] ✓ MobileNetV2 backbone loaded with ImageNet weights
[2026-01-14 12:33:52] [[32mINFO[0m] [logger.py:120] Model built: 2,626,684 parameters
[2026-01-14 12:33:52] [[32mINFO[0m] [logger.py:120]   Input: (None, 180, 320, 3)
[2026-01-14 12:33:52] [[32mINFO[0m] [logger.py:120]   Output boxes: (None, 4880, 4)
[2026-01-14 12:33:52] [[32mINFO[0m] [logger.py:120]   Output classes: (None, 4880, 1)
[2026-01-14 12:33:52] [[32mINFO[0m] [logger.py:120] Loading trained weights from: C:\Users\04aza\UNI\3 Urtea\1.SEMESTREA\PBL\CRAI\ai\src\models\ssd_vehicle_detector.weights.h5
[2026-01-14 12:33:52] [[33mWARNING[0m] [logger.py:124] Could not load weights from C:\Users\04aza\UNI\3 Urtea\1.SEMESTREA\PBL\CRAI\ai\src\models\ssd_vehicle_detector.weights.h5: `by_name` only supports loading legacy '.h5' or '.hdf5' files. Received: C:\Users\04aza\UNI\3 Urtea\1.SEMESTREA\PBL\CRAI\ai\src\models\ssd_vehicle_detector.weights.h5
[2026-01-14 12:33:52] [[32mINFO[0m] [logger.py:120] Loading trained weights from: C:\Users\04aza\UNI\3 Urtea\1.SEMESTREA\PBL\CRAI\ai\notebooks\models\ssd_vehicle_detector.weights.h5
[2026-01-14 12:33:52] [[33mWARNING[0m] [logger.py:124] Could not load weights from C:\Users\04aza\UNI\3 Urtea\1.SEMESTREA\PBL\CRAI\ai\notebooks\models\ssd_vehicle_detector.weights.h5: `by_name` only supports loading legacy '.h5' or '.hdf5' files. Received: C:\Users\04aza\UNI\3 Urtea\1.SEMESTREA\PBL\CRAI\ai\notebooks\models\ssd_vehicle_detector.weights.h5
[2026-01-14 12:33:52] [[32mINFO[0m] [logger.py:120] Attempting to load detection weights from: C:\Users\04aza\UNI\3 Urtea\1.SEMESTREA\PBL\CRAI\ai\notebooks\models\ssd_mobilenet_best.keras
[2026-01-14 12:33:52] [[33mWARNING[0m] [logger.py:124] Error loading weights: Layer detect_0_box_conv weight shape (3, 3, 192, 16) is not compatible with provided weight shape (3, 3, 192, 4).
[2026-01-14 12:33:52] [[33mWARNING[0m] [logger.py:124] ============================================================
[2026-01-14 12:33:52] [[33mWARNING[0m] [logger.py:124] ⚠️  NO SE PUDIERON CARGAR LOS PESOS ENTRENADOS
[2026-01-14 12:33:52] [[33mWARNING[0m] [logger.py:124]    El modelo usará pesos aleatorios (ImageNet para backbone)
[2026-01-14 12:33:52] [[33mWARNING[0m] [logger.py:124]    Para entrenar el modelo:
[2026-01-14 12:33:52] [[33mWARNING[0m] [logger.py:124]    1. Ejecuta el notebook: ai/notebooks/crai.ipynb
[2026-01-14 12:33:52] [[33mWARNING[0m] [logger.py:124]    2. Entrena el modelo completo
[2026-01-14 12:33:52] [[33mWARNING[0m] [logger.py:124]    3. Ejecuta la celda 'GUARDAR MODELO COMPATIBLE'
[2026-01-14 12:33:52] [[33mWARNING[0m] [logger.py:124] ============================================================
[2026-01-14 12:33:52] [[32mINFO[0m] [logger.py:120] ✓ SSD model ready with threshold=0.85
[2026-01-14 12:33:52] [[32mINFO[0m] [logger.py:120] Generated 4880 anchor boxes
[2026-01-14 12:33:52] [[32mINFO[0m] [logger.py:120] ✓ SSD custom model loaded successfully
[2026-01-14 12:33:52] [[32mINFO[0m] [logger.py:120] └─ Completed: System initialization (42.180s)
[2026-01-14 12:33:52] [[32mINFO[0m] [logger.py:120] ┌─ Starting: Parameter configuration
[2026-01-14 12:33:52] [[32mINFO[0m] [logger.py:120] Window: CRAI - Car Registration AI
[2026-01-14 12:33:52] [[32mINFO[0m] [logger.py:120] OCR available: True
[2026-01-14 12:33:52] [[32mINFO[0m] [logger.py:120] SSD available: True
[2026-01-14 12:33:52] [[32mINFO[0m] [logger.py:120] OCR frequency: every 3 frames
[2026-01-14 12:33:52] [[32mINFO[0m] [logger.py:120] Press 'M' to toggle between YOLO+OCR and SSD Custom modes
[2026-01-14 12:33:52] [[32mINFO[0m] [logger.py:120] └─ Completed: Parameter configuration (0.001s)
[2026-01-14 12:33:52] [[32mINFO[0m] [logger.py:120] Starting main loop...
[2026-01-14 12:34:22] [[32mINFO[0m] [logger.py:120] Captures saved: 20260114_123422_0868LRB_vehicle.jpg
[2026-01-14 12:34:22] [[32mINFO[0m] [logger.py:120] New plate detected and queued: 0868LRB (conf: 0.47)
[2026-01-14 12:34:37] [[32mINFO[0m] [logger.py:120] Switched to mode: SSD Custom
[2026-01-14 12:34:57] [[32mINFO[0m] [logger.py:120] Switched to mode: YOLO + OCR
[2026-01-14 12:35:15] [[32mINFO[0m] [logger.py:120] ┌─ Starting: Detection summary
[2026-01-14 12:35:15] [[32mINFO[0m] [logger.py:120] Total unique plates detected: 1
[2026-01-14 12:35:15] [[32mINFO[0m] [logger.py:120] 
============================================================
Plate           Times    Confidence   Vehicle
------------------------------------------------------------
0868LRB         49       0.47         car
============================================================

[2026-01-14 12:35:15] [[32mINFO[0m] [logger.py:120] Queue statistics: Sent=0, Failed=1, Pending=0
[2026-01-14 12:35:15] [[32mINFO[0m] [logger.py:120] └─ Completed: Detection summary (0.002s)
[2026-01-14 12:35:15] [[32mINFO[0m] [logger.py:120] ┌─ Starting: System cleanup
[2026-01-14 12:35:15] [[32mINFO[0m] [logger.py:120] Stopping plate queue...
[2026-01-14 12:35:15] [[32mINFO[0m] [logger.py:120] Stopping video stream...
[2026-01-14 12:35:15] [[32mINFO[0m] [logger.py:120] Closing windows...
[2026-01-14 12:35:15] [[32mINFO[0m] [logger.py:120] System closed successfully
[2026-01-14 12:35:15] [[32mINFO[0m] [logger.py:120] └─ Completed: System cleanup (0.491s)
[2026-01-14 12:38:46] [[32mINFO[0m] [logger.py:120] Loading complete model from: models\ssd_vehicle_detector.keras
[2026-01-14 12:38:47] [[32mINFO[0m] [logger.py:120] ✓ Complete model loaded successfully!
[2026-01-14 12:38:47] [[32mINFO[0m] [logger.py:120] ✓ SSD model ready with threshold=0.5
[2026-01-14 12:38:47] [[32mINFO[0m] [logger.py:120] Generated 4880 anchor boxes
[2026-01-14 12:39:38] [[32mINFO[0m] [logger.py:120] Loading complete model from: models\ssd_vehicle_detector.keras
[2026-01-14 12:39:39] [[32mINFO[0m] [logger.py:120] ✓ Complete model loaded successfully!
[2026-01-14 12:39:39] [[32mINFO[0m] [logger.py:120] ✓ SSD model ready with threshold=0.3
[2026-01-14 12:39:39] [[32mINFO[0m] [logger.py:120] Generated 4880 anchor boxes
[2026-01-14 12:40:34] [[32mINFO[0m] [logger.py:120] Loading complete model from: models\ssd_vehicle_detector.keras
[2026-01-14 12:40:35] [[32mINFO[0m] [logger.py:120] ✓ Complete model loaded successfully!
[2026-01-14 12:40:35] [[32mINFO[0m] [logger.py:120] ✓ SSD model ready with threshold=0.3
[2026-01-14 12:40:35] [[32mINFO[0m] [logger.py:120] Generated 4880 anchor boxes
[2026-01-14 12:42:20] [[32mINFO[0m] [logger.py:120] ┌─ Starting: Loading configuration
[2026-01-14 12:42:20] [[32mINFO[0m] [logger.py:120] Configuration loaded from: C:\Users\04aza\UNI\3 Urtea\1.SEMESTREA\PBL\CRAI\ai\src\config/config.yaml
[2026-01-14 12:42:20] [[32mINFO[0m] [logger.py:120] Loading from: C:\Users\04aza\UNI\3 Urtea\1.SEMESTREA\PBL\CRAI\ai\src\config/config.yaml
[2026-01-14 12:42:20] [[32mINFO[0m] [logger.py:120] └─ Completed: Loading configuration (0.013s)
[2026-01-14 12:42:20] [[32mINFO[0m] [logger.py:120] ┌─ Starting: System initialization
[2026-01-14 12:42:20] [[32mINFO[0m] [logger.py:120] 1. Starting camera...
[2026-01-14 12:42:20] [[32mINFO[0m] [logger.py:120] Intentando inicializar webcam en source=1...
[2026-01-14 12:42:28] [[32mINFO[0m] [logger.py:120] ✓ Camera 1 funciona correctamente
[2026-01-14 12:42:52] [[32mINFO[0m] [logger.py:120] ✓ Camera started successfully
[2026-01-14 12:42:52] [[32mINFO[0m] [logger.py:120] 2. Initializing plate queue...
[2026-01-14 12:42:52] [[32mINFO[0m] [logger.py:120] ✓ Plate queue initialized
[2026-01-14 12:42:52] [[32mINFO[0m] [logger.py:120] ✓ Captures directory: C:\Users\04aza\UNI\3 Urtea\1.SEMESTREA\PBL\CRAI\ai\src\captures
[2026-01-14 12:42:52] [[32mINFO[0m] [logger.py:120] 3. Loading YOLO vehicle detector...
[2026-01-14 12:42:52] [[32mINFO[0m] [logger.py:120] Loading YOLO model: C:\Users\04aza\UNI\3 Urtea\1.SEMESTREA\PBL\CRAI\ai\src\models/yolov8n.pt
[2026-01-14 12:42:52] [[32mINFO[0m] [logger.py:120] Model loaded successfully with threshold=0.5
[2026-01-14 12:42:52] [[32mINFO[0m] [logger.py:120] 4. Loading license plate detector...
[2026-01-14 12:42:52] [[32mINFO[0m] [logger.py:120] Loading license plate model: C:\Users\04aza\UNI\3 Urtea\1.SEMESTREA\PBL\CRAI\ai\src\models/license_plate_detector.pt
[2026-01-14 12:42:52] [[32mINFO[0m] [logger.py:120] License plate model loaded successfully with threshold=0.3
[2026-01-14 12:42:52] [[32mINFO[0m] [logger.py:120] 5. Initializing OCR...
[2026-01-14 12:42:53] [[32mINFO[0m] [logger.py:120] Initializing EasyOCR with languages: ['en'], GPU: False
[2026-01-14 12:42:55] [[32mINFO[0m] [logger.py:120] EasyOCR loaded successfully
[2026-01-14 12:42:55] [[32mINFO[0m] [logger.py:120] 6. Loading SSD custom model...
[2026-01-14 12:42:59] [[32mINFO[0m] [logger.py:120] Found SSD model: ssd_mobilenet_best.keras
[2026-01-14 12:42:59] [[32mINFO[0m] [logger.py:120] Loading SSD from: C:\Users\04aza\UNI\3 Urtea\1.SEMESTREA\PBL\CRAI\ai\notebooks\models\ssd_mobilenet_best.keras
[2026-01-14 12:42:59] [[32mINFO[0m] [logger.py:120] Loading complete model from: C:\Users\04aza\UNI\3 Urtea\1.SEMESTREA\PBL\CRAI\ai\notebooks\models\ssd_mobilenet_best.keras
[2026-01-14 12:42:59] [[33mWARNING[0m] [logger.py:124] Could not load .keras model: Could not locate class 'SSDModel'. Make sure custom classes and functions are decorated with `@keras.saving.register_keras_serializable()`. If they are already decorated, make sure they are all imported so that the decorator is run before trying to load them. Full object config: {'module': None, 'class_name': 'SSDModel', 'config': {'name': 'ssd_model_1', 'trainable': True, 'dtype': {'module': 'keras', 'class_name': 'DTypePolicy', 'config': {'name': 'float32'}, 'registered_name': None}}, 'registered_name': 'SSDModel', 'compile_config': None}
[2026-01-14 12:42:59] [[32mINFO[0m] [logger.py:120] Loading complete model from: C:\Users\04aza\UNI\3 Urtea\1.SEMESTREA\PBL\CRAI\ai\src\models\ssd_vehicle_detector.keras
[2026-01-14 12:43:01] [[32mINFO[0m] [logger.py:120] ✓ Complete model loaded successfully!
[2026-01-14 12:43:01] [[32mINFO[0m] [logger.py:120] ✓ SSD model ready with threshold=0.85
[2026-01-14 12:43:01] [[32mINFO[0m] [logger.py:120] Generated 4880 anchor boxes
[2026-01-14 12:43:01] [[32mINFO[0m] [logger.py:120] ✓ SSD custom model loaded successfully
[2026-01-14 12:43:01] [[32mINFO[0m] [logger.py:120] └─ Completed: System initialization (41.016s)
[2026-01-14 12:43:01] [[32mINFO[0m] [logger.py:120] ┌─ Starting: Parameter configuration
[2026-01-14 12:43:01] [[32mINFO[0m] [logger.py:120] Window: CRAI - Car Registration AI
[2026-01-14 12:43:01] [[32mINFO[0m] [logger.py:120] OCR available: True
[2026-01-14 12:43:01] [[32mINFO[0m] [logger.py:120] SSD available: True
[2026-01-14 12:43:01] [[32mINFO[0m] [logger.py:120] OCR frequency: every 3 frames
[2026-01-14 12:43:01] [[32mINFO[0m] [logger.py:120] Press 'M' to toggle between YOLO+OCR and SSD Custom modes
[2026-01-14 12:43:01] [[32mINFO[0m] [logger.py:120] └─ Completed: Parameter configuration (0.001s)
[2026-01-14 12:43:01] [[32mINFO[0m] [logger.py:120] Starting main loop...
[2026-01-14 12:43:01] [[32mINFO[0m] [logger.py:120] Captures saved: 20260114_124301_0868LRB_vehicle.jpg
[2026-01-14 12:43:01] [[32mINFO[0m] [logger.py:120] New plate detected and queued: 0868LRB (conf: 0.96)
[2026-01-14 12:43:17] [[32mINFO[0m] [logger.py:120] Switched to mode: SSD Custom
[2026-01-14 12:45:09] [[32mINFO[0m] [logger.py:120] ┌─ Starting: Detection summary
[2026-01-14 12:45:09] [[32mINFO[0m] [logger.py:120] Total unique plates detected: 1
[2026-01-14 12:45:09] [[32mINFO[0m] [logger.py:120] 
============================================================
Plate           Times    Confidence   Vehicle
------------------------------------------------------------
0868LRB         15       0.96         car
============================================================

[2026-01-14 12:45:09] [[32mINFO[0m] [logger.py:120] Queue statistics: Sent=0, Failed=1, Pending=0
[2026-01-14 12:45:09] [[32mINFO[0m] [logger.py:120] └─ Completed: Detection summary (0.001s)
[2026-01-14 12:45:09] [[32mINFO[0m] [logger.py:120] ┌─ Starting: System cleanup
[2026-01-14 12:45:09] [[32mINFO[0m] [logger.py:120] Stopping plate queue...
[2026-01-14 12:45:10] [[32mINFO[0m] [logger.py:120] Stopping video stream...
[2026-01-14 12:45:10] [[32mINFO[0m] [logger.py:120] Closing windows...
[2026-01-14 12:45:10] [[32mINFO[0m] [logger.py:120] System closed successfully
[2026-01-14 12:45:10] [[32mINFO[0m] [logger.py:120] └─ Completed: System cleanup (0.934s)
[2026-01-14 12:45:43] [[32mINFO[0m] [logger.py:120] ┌─ Starting: Loading configuration
[2026-01-14 12:45:43] [[32mINFO[0m] [logger.py:120] Configuration loaded from: C:\Users\04aza\UNI\3 Urtea\1.SEMESTREA\PBL\CRAI\ai\src\config/config.yaml
[2026-01-14 12:45:43] [[32mINFO[0m] [logger.py:120] Loading from: C:\Users\04aza\UNI\3 Urtea\1.SEMESTREA\PBL\CRAI\ai\src\config/config.yaml
[2026-01-14 12:45:43] [[32mINFO[0m] [logger.py:120] └─ Completed: Loading configuration (0.006s)
[2026-01-14 12:45:43] [[32mINFO[0m] [logger.py:120] ┌─ Starting: System initialization
[2026-01-14 12:45:43] [[32mINFO[0m] [logger.py:120] 1. Starting camera...
[2026-01-14 12:45:43] [[32mINFO[0m] [logger.py:120] Intentando inicializar webcam en source=1...
[2026-01-14 12:45:51] [[32mINFO[0m] [logger.py:120] ✓ Camera 1 funciona correctamente
[2026-01-14 12:46:15] [[32mINFO[0m] [logger.py:120] ✓ Camera started successfully
[2026-01-14 12:46:15] [[32mINFO[0m] [logger.py:120] 2. Initializing plate queue...
[2026-01-14 12:46:15] [[32mINFO[0m] [logger.py:120] ✓ Plate queue initialized
[2026-01-14 12:46:15] [[32mINFO[0m] [logger.py:120] ✓ Captures directory: C:\Users\04aza\UNI\3 Urtea\1.SEMESTREA\PBL\CRAI\ai\src\captures
[2026-01-14 12:46:15] [[32mINFO[0m] [logger.py:120] 3. Loading YOLO vehicle detector...
[2026-01-14 12:46:15] [[32mINFO[0m] [logger.py:120] Loading YOLO model: C:\Users\04aza\UNI\3 Urtea\1.SEMESTREA\PBL\CRAI\ai\src\models/yolov8n.pt
[2026-01-14 12:46:15] [[32mINFO[0m] [logger.py:120] Model loaded successfully with threshold=0.5
[2026-01-14 12:46:15] [[32mINFO[0m] [logger.py:120] 4. Loading license plate detector...
[2026-01-14 12:46:15] [[32mINFO[0m] [logger.py:120] Loading license plate model: C:\Users\04aza\UNI\3 Urtea\1.SEMESTREA\PBL\CRAI\ai\src\models/license_plate_detector.pt
[2026-01-14 12:46:15] [[32mINFO[0m] [logger.py:120] License plate model loaded successfully with threshold=0.3
[2026-01-14 12:46:15] [[32mINFO[0m] [logger.py:120] 5. Initializing OCR...
[2026-01-14 12:46:15] [[32mINFO[0m] [logger.py:120] Initializing EasyOCR with languages: ['en'], GPU: False
[2026-01-14 12:46:17] [[32mINFO[0m] [logger.py:120] EasyOCR loaded successfully
[2026-01-14 12:46:17] [[32mINFO[0m] [logger.py:120] 6. Loading SSD custom model...
[2026-01-14 12:46:22] [[32mINFO[0m] [logger.py:120] Found SSD model: ssd_mobilenet_best.keras
[2026-01-14 12:46:22] [[32mINFO[0m] [logger.py:120] Loading SSD from: C:\Users\04aza\UNI\3 Urtea\1.SEMESTREA\PBL\CRAI\ai\notebooks\models\ssd_mobilenet_best.keras
[2026-01-14 12:46:22] [[32mINFO[0m] [logger.py:120] Loading complete model from: C:\Users\04aza\UNI\3 Urtea\1.SEMESTREA\PBL\CRAI\ai\notebooks\models\ssd_mobilenet_best.keras
[2026-01-14 12:46:22] [[33mWARNING[0m] [logger.py:124] Could not load .keras model: Could not locate class 'SSDModel'. Make sure custom classes and functions are decorated with `@keras.saving.register_keras_serializable()`. If they are already decorated, make sure they are all imported so that the decorator is run before trying to load them. Full object config: {'module': None, 'class_name': 'SSDModel', 'config': {'name': 'ssd_model_1', 'trainable': True, 'dtype': {'module': 'keras', 'class_name': 'DTypePolicy', 'config': {'name': 'float32'}, 'registered_name': None}}, 'registered_name': 'SSDModel', 'compile_config': None}
[2026-01-14 12:46:22] [[32mINFO[0m] [logger.py:120] Loading complete model from: C:\Users\04aza\UNI\3 Urtea\1.SEMESTREA\PBL\CRAI\ai\src\models\ssd_vehicle_detector.keras
[2026-01-14 12:46:23] [[32mINFO[0m] [logger.py:120] ✓ Complete model loaded successfully!
[2026-01-14 12:46:23] [[32mINFO[0m] [logger.py:120] ✓ SSD model ready with threshold=0.85
[2026-01-14 12:46:23] [[32mINFO[0m] [logger.py:120] Generated 4880 anchor boxes
[2026-01-14 12:46:23] [[32mINFO[0m] [logger.py:120] ✓ SSD custom model loaded successfully
[2026-01-14 12:46:23] [[32mINFO[0m] [logger.py:120] └─ Completed: System initialization (40.230s)
[2026-01-14 12:46:23] [[32mINFO[0m] [logger.py:120] ┌─ Starting: Parameter configuration
[2026-01-14 12:46:23] [[32mINFO[0m] [logger.py:120] Window: CRAI - Car Registration AI
[2026-01-14 12:46:23] [[32mINFO[0m] [logger.py:120] OCR available: True
[2026-01-14 12:46:23] [[32mINFO[0m] [logger.py:120] SSD available: True
[2026-01-14 12:46:23] [[32mINFO[0m] [logger.py:120] OCR frequency: every 3 frames
[2026-01-14 12:46:23] [[32mINFO[0m] [logger.py:120] Press 'M' to toggle between YOLO+OCR and SSD Custom modes
[2026-01-14 12:46:23] [[32mINFO[0m] [logger.py:120] └─ Completed: Parameter configuration (0.001s)
[2026-01-14 12:46:23] [[32mINFO[0m] [logger.py:120] Starting main loop...
[2026-01-14 12:46:55] [[32mINFO[0m] [logger.py:120] Captures saved: 20260114_124655_2364LNK_vehicle.jpg
[2026-01-14 12:46:55] [[32mINFO[0m] [logger.py:120] New plate detected and queued: 2364LNK (conf: 0.71)
[2026-01-14 12:46:57] [[32mINFO[0m] [logger.py:120] 
[Ctrl+C] Keyboard interrupt received
[2026-01-14 12:46:57] [[32mINFO[0m] [logger.py:120] ┌─ Starting: Detection summary
[2026-01-14 12:46:57] [[32mINFO[0m] [logger.py:120] Total unique plates detected: 1
[2026-01-14 12:46:57] [[32mINFO[0m] [logger.py:120] 
============================================================
Plate           Times    Confidence   Vehicle
------------------------------------------------------------
2364LNK         2        0.71         car
============================================================

[2026-01-14 12:46:57] [[32mINFO[0m] [logger.py:120] Queue statistics: Sent=0, Failed=0, Pending=0
[2026-01-14 12:46:57] [[32mINFO[0m] [logger.py:120] └─ Completed: Detection summary (0.001s)
[2026-01-14 12:46:57] [[32mINFO[0m] [logger.py:120] ┌─ Starting: System cleanup
[2026-01-14 12:46:57] [[32mINFO[0m] [logger.py:120] Stopping plate queue...
[2026-01-14 12:47:01] [[32mINFO[0m] [logger.py:120] Stopping video stream...
[2026-01-14 12:47:01] [[32mINFO[0m] [logger.py:120] Closing windows...
[2026-01-14 12:47:01] [[32mINFO[0m] [logger.py:120] System closed successfully
[2026-01-14 12:47:01] [[32mINFO[0m] [logger.py:120] └─ Completed: System cleanup (3.294s)
[2026-01-14 12:48:35] [[32mINFO[0m] [logger.py:120] Loading complete model from: models\ssd_vehicle_detector.keras
[2026-01-14 12:48:36] [[32mINFO[0m] [logger.py:120] ✓ Complete model loaded successfully!
[2026-01-14 12:48:36] [[32mINFO[0m] [logger.py:120] ✓ SSD model ready with threshold=0.3
[2026-01-14 12:48:36] [[32mINFO[0m] [logger.py:120] Generated 4880 anchor boxes
[2026-01-14 12:49:11] [[32mINFO[0m] [logger.py:120] ┌─ Starting: Loading configuration
[2026-01-14 12:49:11] [[32mINFO[0m] [logger.py:120] Configuration loaded from: C:\Users\04aza\UNI\3 Urtea\1.SEMESTREA\PBL\CRAI\ai\src\config/config.yaml
[2026-01-14 12:49:11] [[32mINFO[0m] [logger.py:120] Loading from: C:\Users\04aza\UNI\3 Urtea\1.SEMESTREA\PBL\CRAI\ai\src\config/config.yaml
[2026-01-14 12:49:11] [[32mINFO[0m] [logger.py:120] └─ Completed: Loading configuration (0.081s)
[2026-01-14 12:49:11] [[32mINFO[0m] [logger.py:120] ┌─ Starting: System initialization
[2026-01-14 12:49:11] [[32mINFO[0m] [logger.py:120] 1. Starting camera...
[2026-01-14 12:49:11] [[32mINFO[0m] [logger.py:120] Intentando inicializar webcam en source=1...
[2026-01-14 12:49:19] [[32mINFO[0m] [logger.py:120] ✓ Camera 1 funciona correctamente
[2026-01-14 12:49:44] [[32mINFO[0m] [logger.py:120] ✓ Camera started successfully
[2026-01-14 12:49:44] [[32mINFO[0m] [logger.py:120] 2. Initializing plate queue...
[2026-01-14 12:49:44] [[32mINFO[0m] [logger.py:120] ✓ Plate queue initialized
[2026-01-14 12:49:44] [[32mINFO[0m] [logger.py:120] ✓ Captures directory: C:\Users\04aza\UNI\3 Urtea\1.SEMESTREA\PBL\CRAI\ai\src\captures
[2026-01-14 12:49:44] [[32mINFO[0m] [logger.py:120] 3. Loading YOLO vehicle detector...
[2026-01-14 12:49:44] [[32mINFO[0m] [logger.py:120] Loading YOLO model: C:\Users\04aza\UNI\3 Urtea\1.SEMESTREA\PBL\CRAI\ai\src\models/yolov8n.pt
[2026-01-14 12:49:44] [[32mINFO[0m] [logger.py:120] Model loaded successfully with threshold=0.5
[2026-01-14 12:49:44] [[32mINFO[0m] [logger.py:120] 4. Loading license plate detector...
[2026-01-14 12:49:44] [[32mINFO[0m] [logger.py:120] Loading license plate model: C:\Users\04aza\UNI\3 Urtea\1.SEMESTREA\PBL\CRAI\ai\src\models/license_plate_detector.pt
[2026-01-14 12:49:44] [[32mINFO[0m] [logger.py:120] License plate model loaded successfully with threshold=0.3
[2026-01-14 12:49:44] [[32mINFO[0m] [logger.py:120] 5. Initializing OCR...
[2026-01-14 12:49:45] [[32mINFO[0m] [logger.py:120] Initializing EasyOCR with languages: ['en'], GPU: False
[2026-01-14 12:49:46] [[32mINFO[0m] [logger.py:120] EasyOCR loaded successfully
[2026-01-14 12:49:46] [[32mINFO[0m] [logger.py:120] 6. Loading SSD custom model...
[2026-01-14 12:49:51] [[32mINFO[0m] [logger.py:120] Found SSD model: ssd_vehicle_detector.keras
[2026-01-14 12:49:51] [[32mINFO[0m] [logger.py:120] Loading SSD from: C:\Users\04aza\UNI\3 Urtea\1.SEMESTREA\PBL\CRAI\ai\src\models\ssd_vehicle_detector.keras
[2026-01-14 12:49:51] [[32mINFO[0m] [logger.py:120] Loading complete model from: C:\Users\04aza\UNI\3 Urtea\1.SEMESTREA\PBL\CRAI\ai\src\models\ssd_vehicle_detector.keras
[2026-01-14 12:49:52] [[32mINFO[0m] [logger.py:120] ✓ Complete model loaded successfully!
[2026-01-14 12:49:52] [[32mINFO[0m] [logger.py:120] ✓ SSD model ready with threshold=0.27
[2026-01-14 12:49:52] [[32mINFO[0m] [logger.py:120] Generated 4880 anchor boxes
[2026-01-14 12:49:52] [[32mINFO[0m] [logger.py:120] ✓ SSD custom model loaded successfully
[2026-01-14 12:49:52] [[32mINFO[0m] [logger.py:120] └─ Completed: System initialization (41.500s)
[2026-01-14 12:49:52] [[32mINFO[0m] [logger.py:120] ┌─ Starting: Parameter configuration
[2026-01-14 12:49:52] [[32mINFO[0m] [logger.py:120] Window: CRAI - Car Registration AI
[2026-01-14 12:49:52] [[32mINFO[0m] [logger.py:120] OCR available: True
[2026-01-14 12:49:52] [[32mINFO[0m] [logger.py:120] SSD available: True
[2026-01-14 12:49:52] [[32mINFO[0m] [logger.py:120] OCR frequency: every 3 frames
[2026-01-14 12:49:52] [[32mINFO[0m] [logger.py:120] Press 'M' to toggle between YOLO+OCR and SSD Custom modes
[2026-01-14 12:49:52] [[32mINFO[0m] [logger.py:120] └─ Completed: Parameter configuration (0.001s)
[2026-01-14 12:49:52] [[32mINFO[0m] [logger.py:120] Starting main loop...
[2026-01-14 12:49:58] [[32mINFO[0m] [logger.py:120] Captures saved: 20260114_124958_2364LNK_vehicle.jpg
[2026-01-14 12:49:58] [[32mINFO[0m] [logger.py:120] New plate detected and queued: 2364LNK (conf: 0.90)
[2026-01-14 12:50:03] [[32mINFO[0m] [logger.py:120] Captures saved: 20260114_125003_0868LRB_vehicle.jpg
[2026-01-14 12:50:03] [[32mINFO[0m] [logger.py:120] New plate detected and queued: 0868LRB (conf: 0.16)
[2026-01-14 12:50:12] [[32mINFO[0m] [logger.py:120] Switched to mode: SSD Custom
[2026-01-14 12:51:31] [[32mINFO[0m] [logger.py:120] ┌─ Starting: Detection summary
[2026-01-14 12:51:31] [[32mINFO[0m] [logger.py:120] Total unique plates detected: 2
[2026-01-14 12:51:31] [[32mINFO[0m] [logger.py:120] 
============================================================
Plate           Times    Confidence   Vehicle
------------------------------------------------------------
0868LRB         20       0.16         car
2364LNK         4        0.90         car
============================================================

[2026-01-14 12:51:31] [[32mINFO[0m] [logger.py:120] Queue statistics: Sent=0, Failed=2, Pending=0
[2026-01-14 12:51:31] [[32mINFO[0m] [logger.py:120] └─ Completed: Detection summary (0.001s)
[2026-01-14 12:51:31] [[32mINFO[0m] [logger.py:120] ┌─ Starting: System cleanup
[2026-01-14 12:51:31] [[32mINFO[0m] [logger.py:120] Stopping plate queue...
[2026-01-14 12:51:31] [[32mINFO[0m] [logger.py:120] Stopping video stream...
[2026-01-14 12:51:31] [[32mINFO[0m] [logger.py:120] Closing windows...
[2026-01-14 12:51:31] [[32mINFO[0m] [logger.py:120] System closed successfully
[2026-01-14 12:51:31] [[32mINFO[0m] [logger.py:120] └─ Completed: System cleanup (0.361s)
[2026-01-14 15:36:17] [[32mINFO[0m] [logger.py:120] ┌─ Starting: Loading configuration
[2026-01-14 15:36:17] [[32mINFO[0m] [logger.py:120] Configuration loaded from: C:\Users\04aza\UNI\3 Urtea\1.SEMESTREA\PBL\CRAI\ai\src\config/config.yaml
[2026-01-14 15:36:17] [[32mINFO[0m] [logger.py:120] Loading from: C:\Users\04aza\UNI\3 Urtea\1.SEMESTREA\PBL\CRAI\ai\src\config/config.yaml
[2026-01-14 15:36:17] [[32mINFO[0m] [logger.py:120] └─ Completed: Loading configuration (0.045s)
[2026-01-14 15:36:17] [[32mINFO[0m] [logger.py:120] ┌─ Starting: System initialization
[2026-01-14 15:36:17] [[32mINFO[0m] [logger.py:120] 1. Starting camera...
[2026-01-14 15:36:17] [[32mINFO[0m] [logger.py:120] Intentando inicializar webcam en source=1...
[2026-01-14 15:36:26] [[32mINFO[0m] [logger.py:120] ✓ Camera 1 funciona correctamente
[2026-01-14 15:36:49] [[32mINFO[0m] [logger.py:120] ✓ Camera started successfully
[2026-01-14 15:36:49] [[32mINFO[0m] [logger.py:120] 2. Initializing plate queue...
[2026-01-14 15:36:49] [[32mINFO[0m] [logger.py:120] ✓ Plate queue initialized
[2026-01-14 15:36:49] [[32mINFO[0m] [logger.py:120] ✓ Captures directory: C:\Users\04aza\UNI\3 Urtea\1.SEMESTREA\PBL\CRAI\ai\src\captures
[2026-01-14 15:36:49] [[32mINFO[0m] [logger.py:120] 3. Loading YOLO vehicle detector...
[2026-01-14 15:36:49] [[32mINFO[0m] [logger.py:120] Loading YOLO model: C:\Users\04aza\UNI\3 Urtea\1.SEMESTREA\PBL\CRAI\ai\src\models/yolov8n.pt
[2026-01-14 15:36:49] [[32mINFO[0m] [logger.py:120] Model loaded successfully with threshold=0.5
[2026-01-14 15:36:50] [[32mINFO[0m] [logger.py:120] 4. Loading license plate detector...
[2026-01-14 15:36:50] [[32mINFO[0m] [logger.py:120] Loading license plate model: C:\Users\04aza\UNI\3 Urtea\1.SEMESTREA\PBL\CRAI\ai\src\models/license_plate_detector.pt
[2026-01-14 15:36:50] [[32mINFO[0m] [logger.py:120] License plate model loaded successfully with threshold=0.3
[2026-01-14 15:36:50] [[32mINFO[0m] [logger.py:120] 5. Initializing OCR...
[2026-01-14 15:36:58] [[32mINFO[0m] [logger.py:120] Initializing EasyOCR with languages: ['en'], GPU: False
[2026-01-14 15:37:00] [[32mINFO[0m] [logger.py:120] EasyOCR loaded successfully
[2026-01-14 15:37:00] [[32mINFO[0m] [logger.py:120] 6. Loading SSD custom model...
[2026-01-14 15:37:29] [[32mINFO[0m] [logger.py:120] Found SSD model: ssd_vehicle_detector.keras
[2026-01-14 15:37:29] [[32mINFO[0m] [logger.py:120] Loading SSD from: C:\Users\04aza\UNI\3 Urtea\1.SEMESTREA\PBL\CRAI\ai\src\models\ssd_vehicle_detector.keras
[2026-01-14 15:37:29] [[32mINFO[0m] [logger.py:120] Loading complete model from: C:\Users\04aza\UNI\3 Urtea\1.SEMESTREA\PBL\CRAI\ai\src\models\ssd_vehicle_detector.keras
[2026-01-14 15:37:31] [[32mINFO[0m] [logger.py:120] ✓ Complete model loaded successfully!
[2026-01-14 15:37:31] [[32mINFO[0m] [logger.py:120] ✓ SSD model ready with threshold=0.27
[2026-01-14 15:37:31] [[32mINFO[0m] [logger.py:120] Generated 4880 anchor boxes
[2026-01-14 15:37:31] [[32mINFO[0m] [logger.py:120] ✓ SSD custom model loaded successfully
[2026-01-14 15:37:31] [[32mINFO[0m] [logger.py:120] └─ Completed: System initialization (74.016s)
[2026-01-14 15:37:31] [[32mINFO[0m] [logger.py:120] ┌─ Starting: Parameter configuration
[2026-01-14 15:37:31] [[32mINFO[0m] [logger.py:120] Window: CRAI - Car Registration AI
[2026-01-14 15:37:31] [[32mINFO[0m] [logger.py:120] OCR available: True
[2026-01-14 15:37:31] [[32mINFO[0m] [logger.py:120] SSD available: True
[2026-01-14 15:37:31] [[32mINFO[0m] [logger.py:120] OCR frequency: every 3 frames
[2026-01-14 15:37:31] [[32mINFO[0m] [logger.py:120] Press 'M' to toggle between YOLO+OCR and SSD Custom modes
[2026-01-14 15:37:31] [[32mINFO[0m] [logger.py:120] └─ Completed: Parameter configuration (0.002s)
[2026-01-14 15:37:31] [[32mINFO[0m] [logger.py:120] Starting main loop...
[2026-01-14 15:37:32] [[32mINFO[0m] [logger.py:120] Captures saved: 20260114_153732_1927JXK_vehicle.jpg
[2026-01-14 15:37:32] [[32mINFO[0m] [logger.py:120] New plate detected and queued: 1927JXK (conf: 0.71)
[2026-01-14 15:37:38] [[32mINFO[0m] [logger.py:120] Switched to mode: SSD Custom
[2026-01-14 15:38:10] [[32mINFO[0m] [logger.py:120] Switched to mode: YOLO + OCR
[2026-01-14 15:38:14] [[32mINFO[0m] [logger.py:120] Switched to mode: SSD Custom
[2026-01-14 15:38:15] [[32mINFO[0m] [logger.py:120] ┌─ Starting: Detection summary
[2026-01-14 15:38:15] [[32mINFO[0m] [logger.py:120] Total unique plates detected: 1
[2026-01-14 15:38:15] [[32mINFO[0m] [logger.py:120] 
============================================================
Plate           Times    Confidence   Vehicle
------------------------------------------------------------
1927JXK         11       0.71         car
============================================================

[2026-01-14 15:38:15] [[32mINFO[0m] [logger.py:120] Queue statistics: Sent=0, Failed=1, Pending=0
[2026-01-14 15:38:15] [[32mINFO[0m] [logger.py:120] └─ Completed: Detection summary (0.001s)
[2026-01-14 15:38:15] [[32mINFO[0m] [logger.py:120] ┌─ Starting: System cleanup
[2026-01-14 15:38:15] [[32mINFO[0m] [logger.py:120] Stopping plate queue...
[2026-01-14 15:38:16] [[32mINFO[0m] [logger.py:120] Stopping video stream...
[2026-01-14 15:38:16] [[32mINFO[0m] [logger.py:120] Closing windows...
[2026-01-14 15:38:16] [[32mINFO[0m] [logger.py:120] System closed successfully
[2026-01-14 15:38:16] [[32mINFO[0m] [logger.py:120] └─ Completed: System cleanup (0.882s)
[2026-01-14 15:38:41] [[32mINFO[0m] [logger.py:120] ┌─ Starting: Loading configuration
[2026-01-14 15:38:41] [[32mINFO[0m] [logger.py:120] Configuration loaded from: C:\Users\04aza\UNI\3 Urtea\1.SEMESTREA\PBL\CRAI\ai\src\config/config.yaml
[2026-01-14 15:38:41] [[32mINFO[0m] [logger.py:120] Loading from: C:\Users\04aza\UNI\3 Urtea\1.SEMESTREA\PBL\CRAI\ai\src\config/config.yaml
[2026-01-14 15:38:41] [[32mINFO[0m] [logger.py:120] └─ Completed: Loading configuration (0.042s)
[2026-01-14 15:38:41] [[32mINFO[0m] [logger.py:120] ┌─ Starting: System initialization
[2026-01-14 15:38:41] [[32mINFO[0m] [logger.py:120] 1. Starting camera...
[2026-01-14 15:38:41] [[32mINFO[0m] [logger.py:120] Intentando inicializar webcam en source=1...
[2026-01-14 15:38:49] [[32mINFO[0m] [logger.py:120] ✓ Camera 1 funciona correctamente
[2026-01-14 15:39:12] [[32mINFO[0m] [logger.py:120] ✓ Camera started successfully
[2026-01-14 15:39:12] [[32mINFO[0m] [logger.py:120] 2. Initializing plate queue...
[2026-01-14 15:39:12] [[32mINFO[0m] [logger.py:120] ✓ Plate queue initialized
[2026-01-14 15:39:12] [[32mINFO[0m] [logger.py:120] ✓ Captures directory: C:\Users\04aza\UNI\3 Urtea\1.SEMESTREA\PBL\CRAI\ai\src\captures
[2026-01-14 15:39:12] [[32mINFO[0m] [logger.py:120] 3. Loading YOLO vehicle detector...
[2026-01-14 15:39:12] [[32mINFO[0m] [logger.py:120] Loading YOLO model: C:\Users\04aza\UNI\3 Urtea\1.SEMESTREA\PBL\CRAI\ai\src\models/yolov8n.pt
[2026-01-14 15:39:12] [[32mINFO[0m] [logger.py:120] Model loaded successfully with threshold=0.5
[2026-01-14 15:39:12] [[32mINFO[0m] [logger.py:120] 4. Loading license plate detector...
[2026-01-14 15:39:12] [[32mINFO[0m] [logger.py:120] Loading license plate model: C:\Users\04aza\UNI\3 Urtea\1.SEMESTREA\PBL\CRAI\ai\src\models/license_plate_detector.pt
[2026-01-14 15:39:12] [[32mINFO[0m] [logger.py:120] License plate model loaded successfully with threshold=0.3
[2026-01-14 15:39:12] [[32mINFO[0m] [logger.py:120] 5. Initializing OCR...
[2026-01-14 15:39:12] [[32mINFO[0m] [logger.py:120] Initializing EasyOCR with languages: ['en'], GPU: False
[2026-01-14 15:39:14] [[32mINFO[0m] [logger.py:120] EasyOCR loaded successfully
[2026-01-14 15:39:14] [[32mINFO[0m] [logger.py:120] 6. Loading SSD custom model...
[2026-01-14 15:39:19] [[32mINFO[0m] [logger.py:120] Found SSD model: ssd_vehicle_detector.keras
[2026-01-14 15:39:19] [[32mINFO[0m] [logger.py:120] Loading SSD from: C:\Users\04aza\UNI\3 Urtea\1.SEMESTREA\PBL\CRAI\ai\src\models\ssd_vehicle_detector.keras
[2026-01-14 15:39:19] [[32mINFO[0m] [logger.py:120] Loading complete model from: C:\Users\04aza\UNI\3 Urtea\1.SEMESTREA\PBL\CRAI\ai\src\models\ssd_vehicle_detector.keras
[2026-01-14 15:39:20] [[32mINFO[0m] [logger.py:120] ✓ Complete model loaded successfully!
[2026-01-14 15:39:20] [[32mINFO[0m] [logger.py:120] ✓ SSD model ready with threshold=0.1
[2026-01-14 15:39:20] [[32mINFO[0m] [logger.py:120] Generated 4880 anchor boxes
[2026-01-14 15:39:20] [[32mINFO[0m] [logger.py:120] ✓ SSD custom model loaded successfully
[2026-01-14 15:39:20] [[32mINFO[0m] [logger.py:120] └─ Completed: System initialization (39.326s)
[2026-01-14 15:39:20] [[32mINFO[0m] [logger.py:120] ┌─ Starting: Parameter configuration
[2026-01-14 15:39:20] [[32mINFO[0m] [logger.py:120] Window: CRAI - Car Registration AI
[2026-01-14 15:39:20] [[32mINFO[0m] [logger.py:120] OCR available: True
[2026-01-14 15:39:20] [[32mINFO[0m] [logger.py:120] SSD available: True
[2026-01-14 15:39:20] [[32mINFO[0m] [logger.py:120] OCR frequency: every 3 frames
[2026-01-14 15:39:20] [[32mINFO[0m] [logger.py:120] Press 'M' to toggle between YOLO+OCR and SSD Custom modes
[2026-01-14 15:39:20] [[32mINFO[0m] [logger.py:120] └─ Completed: Parameter configuration (0.002s)
[2026-01-14 15:39:20] [[32mINFO[0m] [logger.py:120] Starting main loop...
[2026-01-14 15:39:36] [[32mINFO[0m] [logger.py:120] Switched to mode: SSD Custom
[2026-01-14 15:39:55] [[32mINFO[0m] [logger.py:120] Switched to mode: YOLO + OCR
[2026-01-14 15:40:00] [[32mINFO[0m] [logger.py:120] ┌─ Starting: Detection summary
[2026-01-14 15:40:00] [[33mWARNING[0m] [logger.py:124] No plates with valid text detected
[2026-01-14 15:40:00] [[32mINFO[0m] [logger.py:120] Queue statistics: Sent=0, Failed=0, Pending=0
[2026-01-14 15:40:00] [[32mINFO[0m] [logger.py:120] └─ Completed: Detection summary (0.001s)
[2026-01-14 15:40:00] [[32mINFO[0m] [logger.py:120] ┌─ Starting: System cleanup
[2026-01-14 15:40:00] [[32mINFO[0m] [logger.py:120] Stopping plate queue...
[2026-01-14 15:40:00] [[32mINFO[0m] [logger.py:120] Stopping video stream...
[2026-01-14 15:40:00] [[32mINFO[0m] [logger.py:120] Closing windows...
[2026-01-14 15:40:00] [[32mINFO[0m] [logger.py:120] System closed successfully
[2026-01-14 15:40:00] [[32mINFO[0m] [logger.py:120] └─ Completed: System cleanup (0.462s)
[2026-01-14 21:02:43] [[32mINFO[0m] [logger.py:120] ┌─ Starting: Loading configuration
[2026-01-14 21:02:43] [[32mINFO[0m] [logger.py:120] Configuration loaded from: C:\Users\04aza\UNI\3 Urtea\1.SEMESTREA\PBL\CRAI\ai\src\config/config.yaml
[2026-01-14 21:02:43] [[32mINFO[0m] [logger.py:120] Loading from: C:\Users\04aza\UNI\3 Urtea\1.SEMESTREA\PBL\CRAI\ai\src\config/config.yaml
[2026-01-14 21:02:43] [[32mINFO[0m] [logger.py:120] └─ Completed: Loading configuration (0.070s)
[2026-01-14 21:02:43] [[32mINFO[0m] [logger.py:120] ┌─ Starting: System initialization
[2026-01-14 21:02:43] [[32mINFO[0m] [logger.py:120] 1. Starting camera...
[2026-01-14 21:02:43] [[32mINFO[0m] [logger.py:120] Intentando inicializar webcam en source=1...
[2026-01-14 21:02:52] [[32mINFO[0m] [logger.py:120] ✓ Camera 1 funciona correctamente
[2026-01-14 21:03:18] [[32mINFO[0m] [logger.py:120] ✓ Camera started successfully
[2026-01-14 21:03:18] [[32mINFO[0m] [logger.py:120] 2. Initializing plate queue...
[2026-01-14 21:03:18] [[32mINFO[0m] [logger.py:120] ✓ Plate queue initialized
[2026-01-14 21:03:18] [[32mINFO[0m] [logger.py:120] ✓ Captures directory: C:\Users\04aza\UNI\3 Urtea\1.SEMESTREA\PBL\CRAI\ai\src\captures
[2026-01-14 21:03:18] [[32mINFO[0m] [logger.py:120] 3. Loading YOLO vehicle detector...
[2026-01-14 21:03:18] [[32mINFO[0m] [logger.py:120] Loading YOLO model: C:\Users\04aza\UNI\3 Urtea\1.SEMESTREA\PBL\CRAI\ai\src\models/yolov8n.pt
[2026-01-14 21:03:18] [[32mINFO[0m] [logger.py:120] Model loaded successfully with threshold=0.5
[2026-01-14 21:03:18] [[32mINFO[0m] [logger.py:120] 4. Loading license plate detector...
[2026-01-14 21:03:18] [[32mINFO[0m] [logger.py:120] Loading license plate model: C:\Users\04aza\UNI\3 Urtea\1.SEMESTREA\PBL\CRAI\ai\src\models/license_plate_detector.pt
[2026-01-14 21:03:18] [[32mINFO[0m] [logger.py:120] License plate model loaded successfully with threshold=0.3
[2026-01-14 21:03:18] [[32mINFO[0m] [logger.py:120] 5. Initializing OCR...
[2026-01-14 21:03:28] [[32mINFO[0m] [logger.py:120] Initializing EasyOCR with languages: ['en'], GPU: False
[2026-01-14 21:03:31] [[32mINFO[0m] [logger.py:120] EasyOCR loaded successfully
[2026-01-14 21:03:31] [[32mINFO[0m] [logger.py:120] 6. Loading SSD custom model...
[2026-01-14 21:04:11] [[32mINFO[0m] [logger.py:120] Found SSD model: ssd_vehicle_detector.keras
[2026-01-14 21:04:11] [[32mINFO[0m] [logger.py:120] Loading SSD from: C:\Users\04aza\UNI\3 Urtea\1.SEMESTREA\PBL\CRAI\ai\notebooks\models\ssd_vehicle_detector.keras
[2026-01-14 21:04:11] [[32mINFO[0m] [logger.py:120] Loading complete model from: C:\Users\04aza\UNI\3 Urtea\1.SEMESTREA\PBL\CRAI\ai\notebooks\models\ssd_vehicle_detector.keras
[2026-01-14 21:04:13] [[32mINFO[0m] [logger.py:120] ✓ Complete model loaded successfully!
[2026-01-14 21:04:13] [[32mINFO[0m] [logger.py:120] ✓ SSD model ready with threshold=0.1
[2026-01-14 21:04:13] [[32mINFO[0m] [logger.py:120] Generated 4880 anchor boxes
[2026-01-14 21:04:13] [[32mINFO[0m] [logger.py:120] ✓ SSD custom model loaded successfully
[2026-01-14 21:04:13] [[32mINFO[0m] [logger.py:120] └─ Completed: System initialization (90.680s)
[2026-01-14 21:04:13] [[32mINFO[0m] [logger.py:120] ┌─ Starting: Parameter configuration
[2026-01-14 21:04:13] [[32mINFO[0m] [logger.py:120] Window: CRAI - Car Registration AI
[2026-01-14 21:04:13] [[32mINFO[0m] [logger.py:120] OCR available: True
[2026-01-14 21:04:13] [[32mINFO[0m] [logger.py:120] SSD available: True
[2026-01-14 21:04:13] [[32mINFO[0m] [logger.py:120] OCR frequency: every 3 frames
[2026-01-14 21:04:13] [[32mINFO[0m] [logger.py:120] Press 'M' to toggle between YOLO+OCR and SSD Custom modes
[2026-01-14 21:04:13] [[32mINFO[0m] [logger.py:120] └─ Completed: Parameter configuration (0.002s)
[2026-01-14 21:04:13] [[32mINFO[0m] [logger.py:120] Starting main loop...
[2026-01-14 21:04:20] [[32mINFO[0m] [logger.py:120] Captures saved: 20260114_210420_0411KMT_vehicle.jpg
[2026-01-14 21:04:20] [[32mINFO[0m] [logger.py:120] New plate detected and queued: 0411KMT (conf: 0.40)
[2026-01-14 21:04:27] [[32mINFO[0m] [logger.py:120] Switched to mode: SSD Custom
[2026-01-14 21:04:36] [[32mINFO[0m] [logger.py:120] ┌─ Starting: Detection summary
[2026-01-14 21:04:36] [[32mINFO[0m] [logger.py:120] Total unique plates detected: 1
[2026-01-14 21:04:36] [[32mINFO[0m] [logger.py:120] 
============================================================
Plate           Times    Confidence   Vehicle
------------------------------------------------------------
0411KMT         5        0.40         truck
============================================================

[2026-01-14 21:04:36] [[32mINFO[0m] [logger.py:120] Queue statistics: Sent=0, Failed=1, Pending=0
[2026-01-14 21:04:36] [[32mINFO[0m] [logger.py:120] └─ Completed: Detection summary (0.001s)
[2026-01-14 21:04:36] [[32mINFO[0m] [logger.py:120] ┌─ Starting: System cleanup
[2026-01-14 21:04:36] [[32mINFO[0m] [logger.py:120] Stopping plate queue...
[2026-01-14 21:04:37] [[32mINFO[0m] [logger.py:120] Stopping video stream...
[2026-01-14 21:04:37] [[32mINFO[0m] [logger.py:120] Closing windows...
[2026-01-14 21:04:37] [[32mINFO[0m] [logger.py:120] System closed successfully
[2026-01-14 21:04:37] [[32mINFO[0m] [logger.py:120] └─ Completed: System cleanup (0.576s)
[2026-01-14 21:04:57] [[32mINFO[0m] [logger.py:120] ┌─ Starting: Loading configuration
[2026-01-14 21:04:57] [[32mINFO[0m] [logger.py:120] Configuration loaded from: C:\Users\04aza\UNI\3 Urtea\1.SEMESTREA\PBL\CRAI\ai\src\config/config.yaml
[2026-01-14 21:04:57] [[32mINFO[0m] [logger.py:120] Loading from: C:\Users\04aza\UNI\3 Urtea\1.SEMESTREA\PBL\CRAI\ai\src\config/config.yaml
[2026-01-14 21:04:57] [[32mINFO[0m] [logger.py:120] └─ Completed: Loading configuration (0.037s)
[2026-01-14 21:04:57] [[32mINFO[0m] [logger.py:120] ┌─ Starting: System initialization
[2026-01-14 21:04:57] [[32mINFO[0m] [logger.py:120] 1. Starting camera...
[2026-01-14 21:04:57] [[32mINFO[0m] [logger.py:120] Intentando inicializar webcam en source=1...
[2026-01-14 21:05:05] [[32mINFO[0m] [logger.py:120] ✓ Camera 1 funciona correctamente
[2026-01-14 21:05:29] [[32mINFO[0m] [logger.py:120] ✓ Camera started successfully
[2026-01-14 21:05:29] [[32mINFO[0m] [logger.py:120] 2. Initializing plate queue...
[2026-01-14 21:05:29] [[32mINFO[0m] [logger.py:120] ✓ Plate queue initialized
[2026-01-14 21:05:29] [[32mINFO[0m] [logger.py:120] ✓ Captures directory: C:\Users\04aza\UNI\3 Urtea\1.SEMESTREA\PBL\CRAI\ai\src\captures
[2026-01-14 21:05:29] [[32mINFO[0m] [logger.py:120] 3. Loading YOLO vehicle detector...
[2026-01-14 21:05:29] [[32mINFO[0m] [logger.py:120] Loading YOLO model: C:\Users\04aza\UNI\3 Urtea\1.SEMESTREA\PBL\CRAI\ai\src\models/yolov8n.pt
[2026-01-14 21:05:29] [[32mINFO[0m] [logger.py:120] Model loaded successfully with threshold=0.5
[2026-01-14 21:05:29] [[32mINFO[0m] [logger.py:120] 4. Loading license plate detector...
[2026-01-14 21:05:29] [[32mINFO[0m] [logger.py:120] Loading license plate model: C:\Users\04aza\UNI\3 Urtea\1.SEMESTREA\PBL\CRAI\ai\src\models/license_plate_detector.pt
[2026-01-14 21:05:29] [[32mINFO[0m] [logger.py:120] License plate model loaded successfully with threshold=0.3
[2026-01-14 21:05:29] [[32mINFO[0m] [logger.py:120] 5. Initializing OCR...
[2026-01-14 21:05:29] [[32mINFO[0m] [logger.py:120] Initializing EasyOCR with languages: ['en'], GPU: False
[2026-01-14 21:05:31] [[32mINFO[0m] [logger.py:120] EasyOCR loaded successfully
[2026-01-14 21:05:31] [[32mINFO[0m] [logger.py:120] 6. Loading SSD custom model...
[2026-01-14 21:05:36] [[32mINFO[0m] [logger.py:120] Found SSD model: ssd_vehicle_detector.keras
[2026-01-14 21:05:36] [[32mINFO[0m] [logger.py:120] Loading SSD from: C:\Users\04aza\UNI\3 Urtea\1.SEMESTREA\PBL\CRAI\ai\notebooks\models\ssd_vehicle_detector.keras
[2026-01-14 21:05:36] [[32mINFO[0m] [logger.py:120] Loading complete model from: C:\Users\04aza\UNI\3 Urtea\1.SEMESTREA\PBL\CRAI\ai\notebooks\models\ssd_vehicle_detector.keras
[2026-01-14 21:05:38] [[32mINFO[0m] [logger.py:120] ✓ Complete model loaded successfully!
[2026-01-14 21:05:38] [[32mINFO[0m] [logger.py:120] ✓ SSD model ready with threshold=0.3
[2026-01-14 21:05:38] [[32mINFO[0m] [logger.py:120] Generated 4880 anchor boxes
[2026-01-14 21:05:38] [[32mINFO[0m] [logger.py:120] ✓ SSD custom model loaded successfully
[2026-01-14 21:05:38] [[32mINFO[0m] [logger.py:120] └─ Completed: System initialization (41.043s)
[2026-01-14 21:05:38] [[32mINFO[0m] [logger.py:120] ┌─ Starting: Parameter configuration
[2026-01-14 21:05:38] [[32mINFO[0m] [logger.py:120] Window: CRAI - Car Registration AI
[2026-01-14 21:05:38] [[32mINFO[0m] [logger.py:120] OCR available: True
[2026-01-14 21:05:38] [[32mINFO[0m] [logger.py:120] SSD available: True
[2026-01-14 21:05:38] [[32mINFO[0m] [logger.py:120] OCR frequency: every 3 frames
[2026-01-14 21:05:38] [[32mINFO[0m] [logger.py:120] Press 'M' to toggle between YOLO+OCR and SSD Custom modes
[2026-01-14 21:05:38] [[32mINFO[0m] [logger.py:120] └─ Completed: Parameter configuration (0.001s)
[2026-01-14 21:05:38] [[32mINFO[0m] [logger.py:120] Starting main loop...
[2026-01-14 21:05:42] [[32mINFO[0m] [logger.py:120] Captures saved: 20260114_210542_0411KMT_vehicle.jpg
[2026-01-14 21:05:42] [[32mINFO[0m] [logger.py:120] New plate detected and queued: 0411KMT (conf: 0.46)
[2026-01-14 21:05:44] [[32mINFO[0m] [logger.py:120] Switched to mode: SSD Custom
[2026-01-14 21:06:42] [[32mINFO[0m] [logger.py:120] Switched to mode: YOLO + OCR
[2026-01-14 21:06:51] [[32mINFO[0m] [logger.py:120] ┌─ Starting: Detection summary
[2026-01-14 21:06:51] [[32mINFO[0m] [logger.py:120] Total unique plates detected: 1
[2026-01-14 21:06:51] [[32mINFO[0m] [logger.py:120] 
============================================================
Plate           Times    Confidence   Vehicle
------------------------------------------------------------
0411KMT         1        0.46         truck
============================================================

[2026-01-14 21:06:51] [[32mINFO[0m] [logger.py:120] Queue statistics: Sent=0, Failed=1, Pending=0
[2026-01-14 21:06:51] [[32mINFO[0m] [logger.py:120] └─ Completed: Detection summary (0.002s)
[2026-01-14 21:06:51] [[32mINFO[0m] [logger.py:120] ┌─ Starting: System cleanup
[2026-01-14 21:06:51] [[32mINFO[0m] [logger.py:120] Stopping plate queue...
[2026-01-14 21:06:52] [[32mINFO[0m] [logger.py:120] Stopping video stream...
[2026-01-14 21:06:52] [[32mINFO[0m] [logger.py:120] Closing windows...
[2026-01-14 21:06:52] [[32mINFO[0m] [logger.py:120] System closed successfully
[2026-01-14 21:06:52] [[32mINFO[0m] [logger.py:120] └─ Completed: System cleanup (0.677s)
[2026-01-14 21:07:44] [[32mINFO[0m] [logger.py:120] ┌─ Starting: Loading configuration
[2026-01-14 21:07:44] [[32mINFO[0m] [logger.py:120] Configuration loaded from: C:\Users\04aza\UNI\3 Urtea\1.SEMESTREA\PBL\CRAI\ai\src\config/config.yaml
[2026-01-14 21:07:44] [[32mINFO[0m] [logger.py:120] Loading from: C:\Users\04aza\UNI\3 Urtea\1.SEMESTREA\PBL\CRAI\ai\src\config/config.yaml
[2026-01-14 21:07:44] [[32mINFO[0m] [logger.py:120] └─ Completed: Loading configuration (0.018s)
[2026-01-14 21:07:44] [[32mINFO[0m] [logger.py:120] ┌─ Starting: System initialization
[2026-01-14 21:07:44] [[32mINFO[0m] [logger.py:120] 1. Starting camera...
[2026-01-14 21:07:44] [[32mINFO[0m] [logger.py:120] Intentando inicializar webcam en source=1...
[2026-01-14 21:07:54] [[32mINFO[0m] [logger.py:120] ✓ Camera 1 funciona correctamente
[2026-01-14 21:08:19] [[32mINFO[0m] [logger.py:120] ✓ Camera started successfully
[2026-01-14 21:08:19] [[32mINFO[0m] [logger.py:120] 2. Initializing plate queue...
[2026-01-14 21:08:19] [[32mINFO[0m] [logger.py:120] ✓ Plate queue initialized
[2026-01-14 21:08:19] [[32mINFO[0m] [logger.py:120] ✓ Captures directory: C:\Users\04aza\UNI\3 Urtea\1.SEMESTREA\PBL\CRAI\ai\src\captures
[2026-01-14 21:08:19] [[32mINFO[0m] [logger.py:120] 3. Loading YOLO vehicle detector...
[2026-01-14 21:08:19] [[32mINFO[0m] [logger.py:120] Loading YOLO model: C:\Users\04aza\UNI\3 Urtea\1.SEMESTREA\PBL\CRAI\ai\src\models/yolov8n.pt
[2026-01-14 21:08:19] [[32mINFO[0m] [logger.py:120] Model loaded successfully with threshold=0.5
[2026-01-14 21:08:19] [[32mINFO[0m] [logger.py:120] 4. Loading license plate detector...
[2026-01-14 21:08:19] [[32mINFO[0m] [logger.py:120] Loading license plate model: C:\Users\04aza\UNI\3 Urtea\1.SEMESTREA\PBL\CRAI\ai\src\models/license_plate_detector.pt
[2026-01-14 21:08:19] [[32mINFO[0m] [logger.py:120] License plate model loaded successfully with threshold=0.3
[2026-01-14 21:08:19] [[32mINFO[0m] [logger.py:120] 5. Initializing OCR...
[2026-01-14 21:08:20] [[32mINFO[0m] [logger.py:120] Initializing EasyOCR with languages: ['en'], GPU: False
[2026-01-14 21:08:22] [[32mINFO[0m] [logger.py:120] EasyOCR loaded successfully
[2026-01-14 21:08:22] [[32mINFO[0m] [logger.py:120] 6. Loading SSD custom model...
[2026-01-14 21:08:28] [[32mINFO[0m] [logger.py:120] Found SSD model: ssd_vehicle_detector.keras
[2026-01-14 21:08:28] [[32mINFO[0m] [logger.py:120] Loading SSD from: C:\Users\04aza\UNI\3 Urtea\1.SEMESTREA\PBL\CRAI\ai\src\models\ssd_vehicle_detector.keras
[2026-01-14 21:08:28] [[32mINFO[0m] [logger.py:120] Loading complete model from: C:\Users\04aza\UNI\3 Urtea\1.SEMESTREA\PBL\CRAI\ai\src\models\ssd_vehicle_detector.keras
[2026-01-14 21:08:29] [[32mINFO[0m] [logger.py:120] ✓ Complete model loaded successfully!
[2026-01-14 21:08:29] [[32mINFO[0m] [logger.py:120] ✓ SSD model ready with threshold=0.3
[2026-01-14 21:08:29] [[32mINFO[0m] [logger.py:120] Generated 4880 anchor boxes
[2026-01-14 21:08:29] [[32mINFO[0m] [logger.py:120] ✓ SSD custom model loaded successfully
[2026-01-14 21:08:29] [[32mINFO[0m] [logger.py:120] └─ Completed: System initialization (45.026s)
[2026-01-14 21:08:29] [[32mINFO[0m] [logger.py:120] ┌─ Starting: Parameter configuration
[2026-01-14 21:08:29] [[32mINFO[0m] [logger.py:120] Window: CRAI - Car Registration AI
[2026-01-14 21:08:29] [[32mINFO[0m] [logger.py:120] OCR available: True
[2026-01-14 21:08:29] [[32mINFO[0m] [logger.py:120] SSD available: True
[2026-01-14 21:08:29] [[32mINFO[0m] [logger.py:120] OCR frequency: every 3 frames
[2026-01-14 21:08:29] [[32mINFO[0m] [logger.py:120] Press 'M' to toggle between YOLO+OCR and SSD Custom modes
[2026-01-14 21:08:29] [[32mINFO[0m] [logger.py:120] └─ Completed: Parameter configuration (0.002s)
[2026-01-14 21:08:29] [[32mINFO[0m] [logger.py:120] Starting main loop...
[2026-01-14 21:09:24] [[32mINFO[0m] [logger.py:120] Switched to mode: SSD Custom
[2026-01-14 21:10:06] [[32mINFO[0m] [logger.py:120] Switched to mode: YOLO + OCR
[2026-01-14 21:10:13] [[32mINFO[0m] [logger.py:120] Switched to mode: SSD Custom
[2026-01-14 21:10:21] [[32mINFO[0m] [logger.py:120] ┌─ Starting: Detection summary
[2026-01-14 21:10:21] [[33mWARNING[0m] [logger.py:124] No plates with valid text detected
[2026-01-14 21:10:21] [[32mINFO[0m] [logger.py:120] Queue statistics: Sent=0, Failed=0, Pending=0
[2026-01-14 21:10:21] [[32mINFO[0m] [logger.py:120] └─ Completed: Detection summary (0.001s)
[2026-01-14 21:10:21] [[32mINFO[0m] [logger.py:120] ┌─ Starting: System cleanup
[2026-01-14 21:10:21] [[32mINFO[0m] [logger.py:120] Stopping plate queue...
[2026-01-14 21:10:22] [[32mINFO[0m] [logger.py:120] Stopping video stream...
[2026-01-14 21:10:22] [[32mINFO[0m] [logger.py:120] Closing windows...
[2026-01-14 21:10:22] [[32mINFO[0m] [logger.py:120] System closed successfully
[2026-01-14 21:10:22] [[32mINFO[0m] [logger.py:120] └─ Completed: System cleanup (0.711s)
[2026-01-14 21:12:03] [[32mINFO[0m] [logger.py:120] Loading complete model from: models\ssd_vehicle_detector.keras
[2026-01-14 21:12:04] [[32mINFO[0m] [logger.py:120] ✓ Complete model loaded successfully!
[2026-01-14 21:12:04] [[32mINFO[0m] [logger.py:120] ✓ SSD model ready with threshold=0.3
[2026-01-14 21:12:04] [[32mINFO[0m] [logger.py:120] Generated 4880 anchor boxes
[2026-01-14 21:13:18] [[32mINFO[0m] [logger.py:120] Loading complete model from: models\ssd_vehicle_detector.keras
[2026-01-14 21:13:19] [[32mINFO[0m] [logger.py:120] ✓ Complete model loaded successfully!
[2026-01-14 21:13:19] [[32mINFO[0m] [logger.py:120] ✓ SSD model ready with threshold=0.3
[2026-01-14 21:13:19] [[32mINFO[0m] [logger.py:120] Generated 4880 anchor boxes
[2026-01-14 21:13:40] [[32mINFO[0m] [logger.py:120] Loading complete model from: models\ssd_vehicle_detector.keras
[2026-01-14 21:13:41] [[32mINFO[0m] [logger.py:120] ✓ Complete model loaded successfully!
[2026-01-14 21:13:41] [[32mINFO[0m] [logger.py:120] ✓ SSD model ready with threshold=0.55
[2026-01-14 21:13:41] [[32mINFO[0m] [logger.py:120] Generated 4880 anchor boxes
[2026-01-14 21:14:19] [[32mINFO[0m] [logger.py:120] Loading complete model from: models\ssd_vehicle_detector.keras
[2026-01-14 21:14:20] [[32mINFO[0m] [logger.py:120] ✓ Complete model loaded successfully!
[2026-01-14 21:14:20] [[32mINFO[0m] [logger.py:120] ✓ SSD model ready with threshold=0.3
[2026-01-14 21:14:20] [[32mINFO[0m] [logger.py:120] Generated 4880 anchor boxes
[2026-01-14 21:14:21] [[32mINFO[0m] [logger.py:120] Loading complete model from: models\ssd_vehicle_detector.keras
[2026-01-14 21:14:22] [[32mINFO[0m] [logger.py:120] ✓ Complete model loaded successfully!
[2026-01-14 21:14:22] [[32mINFO[0m] [logger.py:120] ✓ SSD model ready with threshold=0.4
[2026-01-14 21:14:22] [[32mINFO[0m] [logger.py:120] Generated 4880 anchor boxes
[2026-01-14 21:14:23] [[32mINFO[0m] [logger.py:120] Loading complete model from: models\ssd_vehicle_detector.keras
[2026-01-14 21:14:23] [[32mINFO[0m] [logger.py:120] ✓ Complete model loaded successfully!
[2026-01-14 21:14:23] [[32mINFO[0m] [logger.py:120] ✓ SSD model ready with threshold=0.45
[2026-01-14 21:14:23] [[32mINFO[0m] [logger.py:120] Generated 4880 anchor boxes
[2026-01-14 21:14:24] [[32mINFO[0m] [logger.py:120] Loading complete model from: models\ssd_vehicle_detector.keras
[2026-01-14 21:14:25] [[32mINFO[0m] [logger.py:120] ✓ Complete model loaded successfully!
[2026-01-14 21:14:25] [[32mINFO[0m] [logger.py:120] ✓ SSD model ready with threshold=0.5
[2026-01-14 21:14:25] [[32mINFO[0m] [logger.py:120] Generated 4880 anchor boxes
[2026-01-14 21:15:06] [[32mINFO[0m] [logger.py:120] Loading complete model from: models\ssd_vehicle_detector.keras
[2026-01-14 21:15:06] [[32mINFO[0m] [logger.py:120] ✓ Complete model loaded successfully!
[2026-01-14 21:15:06] [[32mINFO[0m] [logger.py:120] ✓ SSD model ready with threshold=0.35
[2026-01-14 21:15:06] [[32mINFO[0m] [logger.py:120] Generated 4880 anchor boxes
[2026-01-14 21:15:08] [[32mINFO[0m] [logger.py:120] Loading complete model from: models\ssd_vehicle_detector.keras
[2026-01-14 21:15:08] [[32mINFO[0m] [logger.py:120] ✓ Complete model loaded successfully!
[2026-01-14 21:15:08] [[32mINFO[0m] [logger.py:120] ✓ SSD model ready with threshold=0.2
[2026-01-14 21:15:08] [[32mINFO[0m] [logger.py:120] Generated 4880 anchor boxes
[2026-01-14 21:15:38] [[32mINFO[0m] [logger.py:120] Loading complete model from: models\ssd_vehicle_detector.keras
[2026-01-14 21:15:39] [[32mINFO[0m] [logger.py:120] ✓ Complete model loaded successfully!
[2026-01-14 21:15:39] [[32mINFO[0m] [logger.py:120] ✓ SSD model ready with threshold=0.35
[2026-01-14 21:15:39] [[32mINFO[0m] [logger.py:120] Generated 4880 anchor boxes
[2026-01-14 21:15:40] [[32mINFO[0m] [logger.py:120] Loading complete model from: models\ssd_vehicle_detector.keras
[2026-01-14 21:15:41] [[32mINFO[0m] [logger.py:120] ✓ Complete model loaded successfully!
[2026-01-14 21:15:41] [[32mINFO[0m] [logger.py:120] ✓ SSD model ready with threshold=0.2
[2026-01-14 21:15:41] [[32mINFO[0m] [logger.py:120] Generated 4880 anchor boxes
[2026-01-14 21:16:22] [[32mINFO[0m] [logger.py:120] Loading complete model from: models\ssd_vehicle_detector.keras
[2026-01-14 21:16:23] [[32mINFO[0m] [logger.py:120] ✓ Complete model loaded successfully!
[2026-01-14 21:16:23] [[32mINFO[0m] [logger.py:120] ✓ SSD model ready with threshold=0.1
[2026-01-14 21:16:23] [[32mINFO[0m] [logger.py:120] Generated 4880 anchor boxes
[2026-01-14 21:43:07] [[32mINFO[0m] [logger.py:120] Loading complete model from: models\ssd_vehicle_detector.keras
[2026-01-14 21:43:09] [[32mINFO[0m] [logger.py:120] ✓ Complete model loaded successfully!
[2026-01-14 21:43:09] [[32mINFO[0m] [logger.py:120] ✓ SSD model ready with threshold=0.1
[2026-01-14 21:43:09] [[32mINFO[0m] [logger.py:120] Generated 4880 anchor boxes
[2026-01-14 21:45:02] [[32mINFO[0m] [logger.py:120] Loading complete model from: models\ssd_vehicle_detector.keras
[2026-01-14 21:45:03] [[32mINFO[0m] [logger.py:120] ✓ Complete model loaded successfully!
[2026-01-14 21:45:03] [[32mINFO[0m] [logger.py:120] ✓ SSD model ready with threshold=0.1
[2026-01-14 21:45:03] [[32mINFO[0m] [logger.py:120] Generated 4880 anchor boxes
[2026-01-14 21:59:14] [[32mINFO[0m] [logger.py:120] Loading complete model from: models\ssd_vehicle_detector.keras
[2026-01-14 21:59:15] [[32mINFO[0m] [logger.py:120] ✓ Complete model loaded successfully!
[2026-01-14 21:59:15] [[32mINFO[0m] [logger.py:120] ✓ SSD model ready with threshold=0.1
[2026-01-14 21:59:15] [[32mINFO[0m] [logger.py:120] Generated 4880 anchor boxes
[2026-01-14 22:00:28] [[32mINFO[0m] [logger.py:120] Loading complete model from: models\ssd_vehicle_detector.keras
[2026-01-14 22:00:28] [[32mINFO[0m] [logger.py:120] ✓ Complete model loaded successfully!
[2026-01-14 22:00:28] [[32mINFO[0m] [logger.py:120] ✓ SSD model ready with threshold=0.25
[2026-01-14 22:00:28] [[32mINFO[0m] [logger.py:120] Generated 4880 anchor boxes
[2026-01-14 22:01:26] [[32mINFO[0m] [logger.py:120] Loading complete model from: models\ssd_vehicle_detector.keras
[2026-01-14 22:01:27] [[32mINFO[0m] [logger.py:120] ✓ Complete model loaded successfully!
[2026-01-14 22:01:27] [[32mINFO[0m] [logger.py:120] ✓ SSD model ready with threshold=0.26
[2026-01-14 22:01:27] [[32mINFO[0m] [logger.py:120] Generated 4880 anchor boxes
[2026-01-15 00:01:27] [[32mINFO[0m] [logger.py:120] ┌─ Starting: Loading configuration
[2026-01-15 00:01:27] [[32mINFO[0m] [logger.py:120] Configuration loaded from: C:\Users\04aza\UNI\3 Urtea\1.SEMESTREA\PBL\CRAI\ai\src\config/config.yaml
[2026-01-15 00:01:27] [[32mINFO[0m] [logger.py:120] Loading from: C:\Users\04aza\UNI\3 Urtea\1.SEMESTREA\PBL\CRAI\ai\src\config/config.yaml
[2026-01-15 00:01:27] [[32mINFO[0m] [logger.py:120] └─ Completed: Loading configuration (0.087s)
[2026-01-15 00:01:27] [[32mINFO[0m] [logger.py:120] ┌─ Starting: System initialization
[2026-01-15 00:01:27] [[32mINFO[0m] [logger.py:120] 1. Starting camera...
[2026-01-15 00:01:27] [[32mINFO[0m] [logger.py:120] Intentando inicializar webcam en source=1...
[2026-01-15 00:01:36] [[32mINFO[0m] [logger.py:120] ✓ Camera 1 funciona correctamente
[2026-01-15 00:01:59] [[32mINFO[0m] [logger.py:120] ✓ Camera started successfully
[2026-01-15 00:01:59] [[32mINFO[0m] [logger.py:120] 2. Initializing plate queue...
[2026-01-15 00:01:59] [[32mINFO[0m] [logger.py:120] ✓ Plate queue initialized
[2026-01-15 00:01:59] [[32mINFO[0m] [logger.py:120] ✓ Captures directory: C:\Users\04aza\UNI\3 Urtea\1.SEMESTREA\PBL\CRAI\ai\src\captures
[2026-01-15 00:01:59] [[32mINFO[0m] [logger.py:120] 3. Loading YOLO vehicle detector...
[2026-01-15 00:01:59] [[32mINFO[0m] [logger.py:120] Loading YOLO model: C:\Users\04aza\UNI\3 Urtea\1.SEMESTREA\PBL\CRAI\ai\src\models/yolov8n.pt
[2026-01-15 00:01:59] [[32mINFO[0m] [logger.py:120] Model loaded successfully with threshold=0.5
[2026-01-15 00:01:59] [[32mINFO[0m] [logger.py:120] 4. Loading license plate detector...
[2026-01-15 00:01:59] [[32mINFO[0m] [logger.py:120] Loading license plate model: C:\Users\04aza\UNI\3 Urtea\1.SEMESTREA\PBL\CRAI\ai\src\models/license_plate_detector.pt
[2026-01-15 00:01:59] [[32mINFO[0m] [logger.py:120] License plate model loaded successfully with threshold=0.3
[2026-01-15 00:01:59] [[32mINFO[0m] [logger.py:120] 5. Initializing OCR...
[2026-01-15 00:02:10] [[32mINFO[0m] [logger.py:120] Initializing EasyOCR with languages: ['en'], GPU: False
[2026-01-15 00:02:13] [[32mINFO[0m] [logger.py:120] EasyOCR loaded successfully
[2026-01-15 00:02:13] [[32mINFO[0m] [logger.py:120] 6. Loading SSD custom model...
[2026-01-15 00:02:48] [[32mINFO[0m] [logger.py:120] Found SSD model: ssd_vehicle_detector.keras
[2026-01-15 00:02:48] [[32mINFO[0m] [logger.py:120] Loading SSD from: C:\Users\04aza\UNI\3 Urtea\1.SEMESTREA\PBL\CRAI\ai\src\models\ssd_vehicle_detector.keras
[2026-01-15 00:02:48] [[32mINFO[0m] [logger.py:120] Loading complete model from: C:\Users\04aza\UNI\3 Urtea\1.SEMESTREA\PBL\CRAI\ai\src\models\ssd_vehicle_detector.keras
[2026-01-15 00:02:50] [[32mINFO[0m] [logger.py:120] ✓ Complete model loaded successfully!
[2026-01-15 00:02:50] [[32mINFO[0m] [logger.py:120] ✓ SSD model ready with threshold=0.26
[2026-01-15 00:02:50] [[32mINFO[0m] [logger.py:120] Generated 4880 anchor boxes
[2026-01-15 00:02:50] [[32mINFO[0m] [logger.py:120] ✓ SSD custom model loaded successfully
[2026-01-15 00:02:50] [[32mINFO[0m] [logger.py:120] └─ Completed: System initialization (82.394s)
[2026-01-15 00:02:50] [[32mINFO[0m] [logger.py:120] ┌─ Starting: Parameter configuration
[2026-01-15 00:02:50] [[32mINFO[0m] [logger.py:120] Window: CRAI - Car Registration AI
[2026-01-15 00:02:50] [[32mINFO[0m] [logger.py:120] OCR available: True
[2026-01-15 00:02:50] [[32mINFO[0m] [logger.py:120] SSD available: True
[2026-01-15 00:02:50] [[32mINFO[0m] [logger.py:120] OCR frequency: every 3 frames
[2026-01-15 00:02:50] [[32mINFO[0m] [logger.py:120] Press 'M' to toggle between YOLO+OCR and SSD Custom modes
[2026-01-15 00:02:50] [[32mINFO[0m] [logger.py:120] └─ Completed: Parameter configuration (0.002s)
[2026-01-15 00:02:50] [[32mINFO[0m] [logger.py:120] Starting main loop...
[2026-01-15 00:03:31] [[32mINFO[0m] [logger.py:120] Switched to mode: SSD Custom
[2026-01-15 00:04:41] [[32mINFO[0m] [logger.py:120] ┌─ Starting: Detection summary
[2026-01-15 00:04:41] [[33mWARNING[0m] [logger.py:124] No plates with valid text detected
[2026-01-15 00:04:41] [[32mINFO[0m] [logger.py:120] Queue statistics: Sent=0, Failed=0, Pending=0
[2026-01-15 00:04:41] [[32mINFO[0m] [logger.py:120] └─ Completed: Detection summary (0.002s)
[2026-01-15 00:04:41] [[32mINFO[0m] [logger.py:120] ┌─ Starting: System cleanup
[2026-01-15 00:04:41] [[32mINFO[0m] [logger.py:120] Stopping plate queue...
[2026-01-15 00:04:42] [[32mINFO[0m] [logger.py:120] Stopping video stream...
[2026-01-15 00:04:42] [[32mINFO[0m] [logger.py:120] Closing windows...
[2026-01-15 00:04:42] [[32mINFO[0m] [logger.py:120] System closed successfully
[2026-01-15 00:04:42] [[32mINFO[0m] [logger.py:120] └─ Completed: System cleanup (1.031s)
[2026-01-15 09:04:01] [[32mINFO[0m] [logger.py:120] ┌─ Starting: Loading configuration
[2026-01-15 09:04:01] [[32mINFO[0m] [logger.py:120] Configuration loaded from: C:\Users\04aza\UNI\3 Urtea\1.SEMESTREA\PBL\CRAI\ai\src\config/config.yaml
[2026-01-15 09:04:01] [[32mINFO[0m] [logger.py:120] Loading from: C:\Users\04aza\UNI\3 Urtea\1.SEMESTREA\PBL\CRAI\ai\src\config/config.yaml
[2026-01-15 09:04:01] [[32mINFO[0m] [logger.py:120] └─ Completed: Loading configuration (0.038s)
[2026-01-15 09:04:01] [[32mINFO[0m] [logger.py:120] ┌─ Starting: System initialization
[2026-01-15 09:04:01] [[32mINFO[0m] [logger.py:120] 1. Starting camera...
[2026-01-15 09:04:01] [[32mINFO[0m] [logger.py:120] Intentando inicializar webcam en source=1...
[2026-01-15 09:04:02] [[32mINFO[0m] [logger.py:120] ✓ Camera 1 funciona correctamente
[2026-01-15 09:04:04] [[32mINFO[0m] [logger.py:120] ✓ Camera started successfully
[2026-01-15 09:04:04] [[32mINFO[0m] [logger.py:120] 2. Initializing plate queue...
[2026-01-15 09:04:04] [[32mINFO[0m] [logger.py:120] ✓ Plate queue initialized
[2026-01-15 09:04:04] [[32mINFO[0m] [logger.py:120] ✓ Captures directory: C:\Users\04aza\UNI\3 Urtea\1.SEMESTREA\PBL\CRAI\ai\src\captures
[2026-01-15 09:04:04] [[32mINFO[0m] [logger.py:120] 3. Loading YOLO vehicle detector...
[2026-01-15 09:04:04] [[32mINFO[0m] [logger.py:120] Loading YOLO model: C:\Users\04aza\UNI\3 Urtea\1.SEMESTREA\PBL\CRAI\ai\src\models/yolov8n.pt
[2026-01-15 09:04:05] [[32mINFO[0m] [logger.py:120] Model loaded successfully with threshold=0.5
[2026-01-15 09:04:05] [[32mINFO[0m] [logger.py:120] 4. Loading license plate detector...
[2026-01-15 09:04:05] [[32mINFO[0m] [logger.py:120] Loading license plate model: C:\Users\04aza\UNI\3 Urtea\1.SEMESTREA\PBL\CRAI\ai\src\models/license_plate_detector.pt
[2026-01-15 09:04:05] [[32mINFO[0m] [logger.py:120] License plate model loaded successfully with threshold=0.3
[2026-01-15 09:04:05] [[32mINFO[0m] [logger.py:120] 5. Initializing OCR...
[2026-01-15 09:04:16] [[32mINFO[0m] [logger.py:120] Initializing EasyOCR with languages: ['en'], GPU: False
[2026-01-15 09:04:23] [[32mINFO[0m] [logger.py:120] EasyOCR loaded successfully
[2026-01-15 09:04:23] [[32mINFO[0m] [logger.py:120] 6. Loading SSD custom model...
[2026-01-15 09:05:18] [[32mINFO[0m] [logger.py:120] Found SSD model: ssd_vehicle_detector.keras
[2026-01-15 09:05:18] [[32mINFO[0m] [logger.py:120] Loading SSD from: C:\Users\04aza\UNI\3 Urtea\1.SEMESTREA\PBL\CRAI\ai\notebooks\models\ssd_vehicle_detector.keras
[2026-01-15 09:05:18] [[32mINFO[0m] [logger.py:120] Loading complete model from: C:\Users\04aza\UNI\3 Urtea\1.SEMESTREA\PBL\CRAI\ai\notebooks\models\ssd_vehicle_detector.keras
[2026-01-15 09:05:23] [[32mINFO[0m] [logger.py:120] ✓ Complete model loaded successfully!
[2026-01-15 09:05:23] [[32mINFO[0m] [logger.py:120] ✓ SSD model ready with threshold=0.26
[2026-01-15 09:05:23] [[32mINFO[0m] [logger.py:120] Generated 4880 anchor boxes
[2026-01-15 09:05:23] [[32mINFO[0m] [logger.py:120] ✓ SSD custom model loaded successfully
[2026-01-15 09:05:23] [[32mINFO[0m] [logger.py:120] └─ Completed: System initialization (82.523s)
[2026-01-15 09:05:23] [[32mINFO[0m] [logger.py:120] ┌─ Starting: Parameter configuration
[2026-01-15 09:05:23] [[32mINFO[0m] [logger.py:120] Window: CRAI - Car Registration AI
[2026-01-15 09:05:23] [[32mINFO[0m] [logger.py:120] OCR available: True
[2026-01-15 09:05:23] [[32mINFO[0m] [logger.py:120] SSD available: True
[2026-01-15 09:05:23] [[32mINFO[0m] [logger.py:120] OCR frequency: every 3 frames
[2026-01-15 09:05:23] [[32mINFO[0m] [logger.py:120] Press 'M' to toggle between YOLO+OCR and SSD Custom modes
[2026-01-15 09:05:23] [[32mINFO[0m] [logger.py:120] └─ Completed: Parameter configuration (0.004s)
[2026-01-15 09:05:23] [[32mINFO[0m] [logger.py:120] Starting main loop...
[2026-01-15 09:05:52] [[32mINFO[0m] [logger.py:120] ┌─ Starting: Detection summary
[2026-01-15 09:05:52] [[33mWARNING[0m] [logger.py:124] No plates with valid text detected
[2026-01-15 09:05:52] [[32mINFO[0m] [logger.py:120] Queue statistics: Sent=0, Failed=0, Pending=0
[2026-01-15 09:05:52] [[32mINFO[0m] [logger.py:120] └─ Completed: Detection summary (0.004s)
[2026-01-15 09:05:52] [[32mINFO[0m] [logger.py:120] ┌─ Starting: System cleanup
[2026-01-15 09:05:52] [[32mINFO[0m] [logger.py:120] Stopping plate queue...
[2026-01-15 09:05:53] [[32mINFO[0m] [logger.py:120] Stopping video stream...
[2026-01-15 09:05:53] [[32mINFO[0m] [logger.py:120] Closing windows...
[2026-01-15 09:05:53] [[32mINFO[0m] [logger.py:120] System closed successfully
[2026-01-15 09:05:53] [[32mINFO[0m] [logger.py:120] └─ Completed: System cleanup (1.027s)
[2026-01-15 09:06:30] [[32mINFO[0m] [logger.py:120] ┌─ Starting: Loading configuration
[2026-01-15 09:06:30] [[32mINFO[0m] [logger.py:120] Configuration loaded from: C:\Users\04aza\UNI\3 Urtea\1.SEMESTREA\PBL\CRAI\ai\src\config/config.yaml
[2026-01-15 09:06:30] [[32mINFO[0m] [logger.py:120] Loading from: C:\Users\04aza\UNI\3 Urtea\1.SEMESTREA\PBL\CRAI\ai\src\config/config.yaml
[2026-01-15 09:06:30] [[32mINFO[0m] [logger.py:120] └─ Completed: Loading configuration (0.044s)
[2026-01-15 09:06:30] [[32mINFO[0m] [logger.py:120] ┌─ Starting: System initialization
[2026-01-15 09:06:30] [[32mINFO[0m] [logger.py:120] 1. Starting camera...
[2026-01-15 09:06:30] [[32mINFO[0m] [logger.py:120] Intentando inicializar webcam en source=1...
[2026-01-15 09:06:52] [[32mINFO[0m] [logger.py:120] ✓ Camera 1 funciona correctamente
[2026-01-15 09:08:12] [[32mINFO[0m] [logger.py:120] ✓ Camera started successfully
[2026-01-15 09:08:12] [[32mINFO[0m] [logger.py:120] 2. Initializing plate queue...
[2026-01-15 09:08:12] [[32mINFO[0m] [logger.py:120] ✓ Plate queue initialized
[2026-01-15 09:08:12] [[32mINFO[0m] [logger.py:120] ✓ Captures directory: C:\Users\04aza\UNI\3 Urtea\1.SEMESTREA\PBL\CRAI\ai\src\captures
[2026-01-15 09:08:12] [[32mINFO[0m] [logger.py:120] 3. Loading YOLO vehicle detector...
[2026-01-15 09:08:12] [[32mINFO[0m] [logger.py:120] Loading YOLO model: C:\Users\04aza\UNI\3 Urtea\1.SEMESTREA\PBL\CRAI\ai\src\models/yolov8n.pt
[2026-01-15 09:08:12] [[32mINFO[0m] [logger.py:120] Model loaded successfully with threshold=0.5
[2026-01-15 09:08:12] [[32mINFO[0m] [logger.py:120] 4. Loading license plate detector...
[2026-01-15 09:08:12] [[32mINFO[0m] [logger.py:120] Loading license plate model: C:\Users\04aza\UNI\3 Urtea\1.SEMESTREA\PBL\CRAI\ai\src\models/license_plate_detector.pt
[2026-01-15 09:08:13] [[32mINFO[0m] [logger.py:120] License plate model loaded successfully with threshold=0.3
[2026-01-15 09:08:13] [[32mINFO[0m] [logger.py:120] 5. Initializing OCR...
[2026-01-15 09:08:15] [[32mINFO[0m] [logger.py:120] Initializing EasyOCR with languages: ['en'], GPU: False
[2026-01-15 09:08:22] [[32mINFO[0m] [logger.py:120] EasyOCR loaded successfully
[2026-01-15 09:08:22] [[32mINFO[0m] [logger.py:120] 6. Loading SSD custom model...
[2026-01-15 09:08:49] [[32mINFO[0m] [logger.py:120] Found SSD model: ssd_vehicle_detector.keras
[2026-01-15 09:08:49] [[32mINFO[0m] [logger.py:120] Loading SSD from: C:\Users\04aza\UNI\3 Urtea\1.SEMESTREA\PBL\CRAI\ai\notebooks\models\ssd_vehicle_detector.keras
[2026-01-15 09:08:49] [[32mINFO[0m] [logger.py:120] Loading complete model from: C:\Users\04aza\UNI\3 Urtea\1.SEMESTREA\PBL\CRAI\ai\notebooks\models\ssd_vehicle_detector.keras
[2026-01-15 09:08:56] [[32mINFO[0m] [logger.py:120] ✓ Complete model loaded successfully!
[2026-01-15 09:08:56] [[32mINFO[0m] [logger.py:120] ✓ SSD model ready with threshold=0.26
[2026-01-15 09:08:56] [[32mINFO[0m] [logger.py:120] Generated 4880 anchor boxes
[2026-01-15 09:08:56] [[32mINFO[0m] [logger.py:120] ✓ SSD custom model loaded successfully
[2026-01-15 09:08:56] [[32mINFO[0m] [logger.py:120] └─ Completed: System initialization (146.048s)
[2026-01-15 09:08:56] [[32mINFO[0m] [logger.py:120] ┌─ Starting: Parameter configuration
[2026-01-15 09:08:56] [[32mINFO[0m] [logger.py:120] Window: CRAI - Car Registration AI
[2026-01-15 09:08:56] [[32mINFO[0m] [logger.py:120] OCR available: True
[2026-01-15 09:08:56] [[32mINFO[0m] [logger.py:120] SSD available: True
[2026-01-15 09:08:56] [[32mINFO[0m] [logger.py:120] OCR frequency: every 3 frames
[2026-01-15 09:08:56] [[32mINFO[0m] [logger.py:120] Press 'M' to toggle between YOLO+OCR and SSD Custom modes
[2026-01-15 09:08:56] [[32mINFO[0m] [logger.py:120] └─ Completed: Parameter configuration (0.008s)
[2026-01-15 09:08:56] [[32mINFO[0m] [logger.py:120] Starting main loop...
[2026-01-15 09:09:09] [[32mINFO[0m] [logger.py:120] Switched to mode: SSD Custom
[2026-01-15 09:09:34] [[32mINFO[0m] [logger.py:120] Switched to mode: YOLO + OCR
[2026-01-15 09:10:39] [[32mINFO[0m] [logger.py:120] ┌─ Starting: Detection summary
[2026-01-15 09:10:39] [[33mWARNING[0m] [logger.py:124] No plates with valid text detected
[2026-01-15 09:10:39] [[32mINFO[0m] [logger.py:120] Queue statistics: Sent=0, Failed=0, Pending=0
[2026-01-15 09:10:39] [[32mINFO[0m] [logger.py:120] └─ Completed: Detection summary (0.007s)
[2026-01-15 09:10:39] [[32mINFO[0m] [logger.py:120] ┌─ Starting: System cleanup
[2026-01-15 09:10:39] [[32mINFO[0m] [logger.py:120] Stopping plate queue...
[2026-01-15 09:10:39] [[32mINFO[0m] [logger.py:120] Stopping video stream...
[2026-01-15 09:10:39] [[32mINFO[0m] [logger.py:120] Closing windows...
[2026-01-15 09:10:39] [[32mINFO[0m] [logger.py:120] System closed successfully
[2026-01-15 09:10:39] [[32mINFO[0m] [logger.py:120] └─ Completed: System cleanup (0.547s)
[2026-01-15 12:14:39] [[32mINFO[0m] [logger.py:120] ┌─ Starting: Loading configuration
[2026-01-15 12:14:39] [[32mINFO[0m] [logger.py:120] Configuration loaded from: C:\Users\04aza\UNI\3 Urtea\1.SEMESTREA\PBL\CRAI\ai\src\config/config.yaml
[2026-01-15 12:14:39] [[32mINFO[0m] [logger.py:120] Loading from: C:\Users\04aza\UNI\3 Urtea\1.SEMESTREA\PBL\CRAI\ai\src\config/config.yaml
[2026-01-15 12:14:39] [[32mINFO[0m] [logger.py:120] └─ Completed: Loading configuration (0.035s)
[2026-01-15 12:14:39] [[32mINFO[0m] [logger.py:120] ┌─ Starting: System initialization
[2026-01-15 12:14:39] [[32mINFO[0m] [logger.py:120] 1. Starting camera...
[2026-01-15 12:14:39] [[32mINFO[0m] [logger.py:120] Intentando inicializar webcam en source=1...
[2026-01-15 12:14:47] [[32mINFO[0m] [logger.py:120] ✓ Camera 1 funciona correctamente
[2026-01-15 12:15:12] [[32mINFO[0m] [logger.py:120] ✓ Camera started successfully
[2026-01-15 12:15:12] [[32mINFO[0m] [logger.py:120] 2. Initializing plate queue...
[2026-01-15 12:15:12] [[32mINFO[0m] [logger.py:120] ✓ Plate queue initialized
[2026-01-15 12:15:12] [[32mINFO[0m] [logger.py:120] ✓ Captures directory: C:\Users\04aza\UNI\3 Urtea\1.SEMESTREA\PBL\CRAI\ai\src\captures
[2026-01-15 12:15:12] [[32mINFO[0m] [logger.py:120] 3. Loading YOLO vehicle detector...
[2026-01-15 12:15:12] [[32mINFO[0m] [logger.py:120] Loading YOLO model: C:\Users\04aza\UNI\3 Urtea\1.SEMESTREA\PBL\CRAI\ai\src\models/yolov8n.pt
[2026-01-15 12:15:12] [[32mINFO[0m] [logger.py:120] Model loaded successfully with threshold=0.5
[2026-01-15 12:15:12] [[32mINFO[0m] [logger.py:120] 4. Loading license plate detector...
[2026-01-15 12:15:12] [[32mINFO[0m] [logger.py:120] Loading license plate model: C:\Users\04aza\UNI\3 Urtea\1.SEMESTREA\PBL\CRAI\ai\src\models/license_plate_detector.pt
[2026-01-15 12:15:12] [[32mINFO[0m] [logger.py:120] License plate model loaded successfully with threshold=0.3
[2026-01-15 12:15:12] [[32mINFO[0m] [logger.py:120] 5. Initializing OCR...
[2026-01-15 12:15:19] [[32mINFO[0m] [logger.py:120] Initializing EasyOCR with languages: ['en'], GPU: False
[2026-01-15 12:15:22] [[32mINFO[0m] [logger.py:120] EasyOCR loaded successfully
[2026-01-15 12:15:22] [[32mINFO[0m] [logger.py:120] 6. Loading SSD custom model...
[2026-01-15 12:15:49] [[32mINFO[0m] [logger.py:120] Found SSD model: ssd_vehicle_detector.keras
[2026-01-15 12:15:49] [[32mINFO[0m] [logger.py:120] Loading SSD from: C:\Users\04aza\UNI\3 Urtea\1.SEMESTREA\PBL\CRAI\ai\src\models\ssd_vehicle_detector.keras
[2026-01-15 12:15:49] [[32mINFO[0m] [logger.py:120] Loading complete model from: C:\Users\04aza\UNI\3 Urtea\1.SEMESTREA\PBL\CRAI\ai\src\models\ssd_vehicle_detector.keras
[2026-01-15 12:15:51] [[32mINFO[0m] [logger.py:120] ✓ Complete model loaded successfully!
[2026-01-15 12:15:51] [[32mINFO[0m] [logger.py:120] ✓ SSD model ready with threshold=0.26
[2026-01-15 12:15:51] [[32mINFO[0m] [logger.py:120] Generated 4880 anchor boxes
[2026-01-15 12:15:51] [[32mINFO[0m] [logger.py:120] ✓ SSD custom model loaded successfully
[2026-01-15 12:15:51] [[32mINFO[0m] [logger.py:120] └─ Completed: System initialization (71.888s)
[2026-01-15 12:15:51] [[32mINFO[0m] [logger.py:120] ┌─ Starting: Parameter configuration
[2026-01-15 12:15:51] [[32mINFO[0m] [logger.py:120] Window: CRAI - Car Registration AI
[2026-01-15 12:15:51] [[32mINFO[0m] [logger.py:120] OCR available: True
[2026-01-15 12:15:51] [[32mINFO[0m] [logger.py:120] SSD available: True
[2026-01-15 12:15:51] [[32mINFO[0m] [logger.py:120] OCR frequency: every 3 frames
[2026-01-15 12:15:51] [[32mINFO[0m] [logger.py:120] Press 'M' to toggle between YOLO+OCR and SSD Custom modes
[2026-01-15 12:15:51] [[32mINFO[0m] [logger.py:120] └─ Completed: Parameter configuration (0.005s)
[2026-01-15 12:15:51] [[32mINFO[0m] [logger.py:120] Starting main loop...
[2026-01-15 12:15:56] [[32mINFO[0m] [logger.py:120] Switched to mode: SSD Custom
[2026-01-15 12:15:56] [[31mERROR[0m] [logger.py:128] 
Unexpected error: Input 0 with name 'input_image' of layer 'SSD_MobileNetV2_CarDetector' is incompatible with the layer: expected shape=(None, 640, 640, 3), found shape=(1, 180, 320, 3)
Traceback (most recent call last):
  File "C:\Users\04aza\UNI\3 Urtea\1.SEMESTREA\PBL\CRAI\ai\src\main.py", line 191, in main
    vehicles = ssd_detector.detect(frame)
  File "C:\Users\04aza\UNI\3 Urtea\1.SEMESTREA\PBL\CRAI\ai\src\detectors\ssd_detector.py", line 522, in detect
    predictions = self.model.predict(input_tensor, verbose=0)
  File "C:\Users\04aza\AppData\Local\Programs\Python\Python313\Lib\site-packages\keras\src\utils\traceback_utils.py", line 122, in error_handler
    raise e.with_traceback(filtered_tb) from None
  File "C:\Users\04aza\AppData\Local\Programs\Python\Python313\Lib\site-packages\keras\src\layers\input_spec.py", line 245, in assert_input_compatibility
    raise ValueError(
    ...<4 lines>...
    )
ValueError: Input 0 with name 'input_image' of layer 'SSD_MobileNetV2_CarDetector' is incompatible with the layer: expected shape=(None, 640, 640, 3), found shape=(1, 180, 320, 3)
[2026-01-15 12:15:56] [[32mINFO[0m] [logger.py:120] ┌─ Starting: Detection summary
[2026-01-15 12:15:56] [[33mWARNING[0m] [logger.py:124] No plates with valid text detected
[2026-01-15 12:15:56] [[32mINFO[0m] [logger.py:120] Queue statistics: Sent=0, Failed=0, Pending=0
[2026-01-15 12:15:56] [[32mINFO[0m] [logger.py:120] └─ Completed: Detection summary (0.001s)
[2026-01-15 12:15:56] [[32mINFO[0m] [logger.py:120] ┌─ Starting: System cleanup
[2026-01-15 12:15:56] [[32mINFO[0m] [logger.py:120] Stopping plate queue...
[2026-01-15 12:15:56] [[32mINFO[0m] [logger.py:120] Stopping video stream...
[2026-01-15 12:15:56] [[32mINFO[0m] [logger.py:120] Closing windows...
[2026-01-15 12:15:56] [[32mINFO[0m] [logger.py:120] System closed successfully
[2026-01-15 12:15:56] [[32mINFO[0m] [logger.py:120] └─ Completed: System cleanup (0.355s)
[2026-01-15 12:16:16] [[32mINFO[0m] [logger.py:120] ┌─ Starting: Loading configuration
[2026-01-15 12:16:16] [[32mINFO[0m] [logger.py:120] Configuration loaded from: C:\Users\04aza\UNI\3 Urtea\1.SEMESTREA\PBL\CRAI\ai\src\config/config.yaml
[2026-01-15 12:16:16] [[32mINFO[0m] [logger.py:120] Loading from: C:\Users\04aza\UNI\3 Urtea\1.SEMESTREA\PBL\CRAI\ai\src\config/config.yaml
[2026-01-15 12:16:16] [[32mINFO[0m] [logger.py:120] └─ Completed: Loading configuration (0.007s)
[2026-01-15 12:16:16] [[32mINFO[0m] [logger.py:120] ┌─ Starting: System initialization
[2026-01-15 12:16:16] [[32mINFO[0m] [logger.py:120] 1. Starting camera...
[2026-01-15 12:16:16] [[32mINFO[0m] [logger.py:120] Intentando inicializar webcam en source=1...
[2026-01-15 12:16:24] [[32mINFO[0m] [logger.py:120] ✓ Camera 1 funciona correctamente
[2026-01-15 12:16:49] [[32mINFO[0m] [logger.py:120] ✓ Camera started successfully
[2026-01-15 12:16:49] [[32mINFO[0m] [logger.py:120] 2. Initializing plate queue...
[2026-01-15 12:16:49] [[32mINFO[0m] [logger.py:120] ✓ Plate queue initialized
[2026-01-15 12:16:49] [[32mINFO[0m] [logger.py:120] ✓ Captures directory: C:\Users\04aza\UNI\3 Urtea\1.SEMESTREA\PBL\CRAI\ai\src\captures
[2026-01-15 12:16:49] [[32mINFO[0m] [logger.py:120] 3. Loading YOLO vehicle detector...
[2026-01-15 12:16:49] [[32mINFO[0m] [logger.py:120] Loading YOLO model: C:\Users\04aza\UNI\3 Urtea\1.SEMESTREA\PBL\CRAI\ai\src\models/yolov8n.pt
[2026-01-15 12:16:49] [[32mINFO[0m] [logger.py:120] Model loaded successfully with threshold=0.5
[2026-01-15 12:16:49] [[32mINFO[0m] [logger.py:120] 4. Loading license plate detector...
[2026-01-15 12:16:49] [[32mINFO[0m] [logger.py:120] Loading license plate model: C:\Users\04aza\UNI\3 Urtea\1.SEMESTREA\PBL\CRAI\ai\src\models/license_plate_detector.pt
[2026-01-15 12:16:49] [[32mINFO[0m] [logger.py:120] License plate model loaded successfully with threshold=0.3
[2026-01-15 12:16:49] [[32mINFO[0m] [logger.py:120] 5. Initializing OCR...
[2026-01-15 12:16:49] [[32mINFO[0m] [logger.py:120] Initializing EasyOCR with languages: ['en'], GPU: False
[2026-01-15 12:16:51] [[32mINFO[0m] [logger.py:120] EasyOCR loaded successfully
[2026-01-15 12:16:51] [[32mINFO[0m] [logger.py:120] 6. Loading SSD custom model...
[2026-01-15 12:16:56] [[32mINFO[0m] [logger.py:120] Found SSD model: ssd_vehicle_detector.keras
[2026-01-15 12:16:56] [[32mINFO[0m] [logger.py:120] Loading SSD from: C:\Users\04aza\UNI\3 Urtea\1.SEMESTREA\PBL\CRAI\ai\src\models\ssd_vehicle_detector.keras
[2026-01-15 12:16:56] [[32mINFO[0m] [logger.py:120] Loading complete model from: C:\Users\04aza\UNI\3 Urtea\1.SEMESTREA\PBL\CRAI\ai\src\models\ssd_vehicle_detector.keras
[2026-01-15 12:16:58] [[32mINFO[0m] [logger.py:120] ✓ Complete model loaded successfully!
[2026-01-15 12:16:58] [[32mINFO[0m] [logger.py:120] ✓ SSD model ready with threshold=0.26
[2026-01-15 12:16:58] [[32mINFO[0m] [logger.py:120] Generated 4880 anchor boxes
[2026-01-15 12:16:58] [[32mINFO[0m] [logger.py:120] ✓ SSD custom model loaded successfully
[2026-01-15 12:16:58] [[32mINFO[0m] [logger.py:120] └─ Completed: System initialization (42.306s)
[2026-01-15 12:16:58] [[32mINFO[0m] [logger.py:120] ┌─ Starting: Parameter configuration
[2026-01-15 12:16:58] [[32mINFO[0m] [logger.py:120] Window: CRAI - Car Registration AI
[2026-01-15 12:16:58] [[32mINFO[0m] [logger.py:120] OCR available: True
[2026-01-15 12:16:58] [[32mINFO[0m] [logger.py:120] SSD available: True
[2026-01-15 12:16:58] [[32mINFO[0m] [logger.py:120] OCR frequency: every 3 frames
[2026-01-15 12:16:58] [[32mINFO[0m] [logger.py:120] Press 'M' to toggle between YOLO+OCR and SSD Custom modes
[2026-01-15 12:16:58] [[32mINFO[0m] [logger.py:120] └─ Completed: Parameter configuration (0.002s)
[2026-01-15 12:16:58] [[32mINFO[0m] [logger.py:120] Starting main loop...
[2026-01-15 12:17:07] [[32mINFO[0m] [logger.py:120] Switched to mode: SSD Custom
[2026-01-15 12:17:08] [[31mERROR[0m] [logger.py:128] 
Unexpected error: Input 0 with name 'input_image' of layer 'SSD_MobileNetV2_CarDetector' is incompatible with the layer: expected shape=(None, 640, 640, 3), found shape=(1, 180, 320, 3)
Traceback (most recent call last):
  File "C:\Users\04aza\UNI\3 Urtea\1.SEMESTREA\PBL\CRAI\ai\src\main.py", line 191, in main
    vehicles = ssd_detector.detect(frame)
  File "C:\Users\04aza\UNI\3 Urtea\1.SEMESTREA\PBL\CRAI\ai\src\detectors\ssd_detector.py", line 522, in detect
    predictions = self.model.predict(input_tensor, verbose=0)
  File "C:\Users\04aza\AppData\Local\Programs\Python\Python313\Lib\site-packages\keras\src\utils\traceback_utils.py", line 122, in error_handler
    raise e.with_traceback(filtered_tb) from None
  File "C:\Users\04aza\AppData\Local\Programs\Python\Python313\Lib\site-packages\keras\src\layers\input_spec.py", line 245, in assert_input_compatibility
    raise ValueError(
    ...<4 lines>...
    )
ValueError: Input 0 with name 'input_image' of layer 'SSD_MobileNetV2_CarDetector' is incompatible with the layer: expected shape=(None, 640, 640, 3), found shape=(1, 180, 320, 3)
[2026-01-15 12:17:08] [[32mINFO[0m] [logger.py:120] ┌─ Starting: Detection summary
[2026-01-15 12:17:08] [[33mWARNING[0m] [logger.py:124] No plates with valid text detected
[2026-01-15 12:17:08] [[32mINFO[0m] [logger.py:120] Queue statistics: Sent=0, Failed=0, Pending=0
[2026-01-15 12:17:08] [[32mINFO[0m] [logger.py:120] └─ Completed: Detection summary (0.001s)
[2026-01-15 12:17:08] [[32mINFO[0m] [logger.py:120] ┌─ Starting: System cleanup
[2026-01-15 12:17:08] [[32mINFO[0m] [logger.py:120] Stopping plate queue...
[2026-01-15 12:17:08] [[32mINFO[0m] [logger.py:120] Stopping video stream...
[2026-01-15 12:17:08] [[32mINFO[0m] [logger.py:120] Closing windows...
[2026-01-15 12:17:08] [[32mINFO[0m] [logger.py:120] System closed successfully
[2026-01-15 12:17:08] [[32mINFO[0m] [logger.py:120] └─ Completed: System cleanup (0.342s)
[2026-01-15 12:18:08] [[32mINFO[0m] [logger.py:120] ┌─ Starting: Loading configuration
[2026-01-15 12:18:08] [[32mINFO[0m] [logger.py:120] Configuration loaded from: C:\Users\04aza\UNI\3 Urtea\1.SEMESTREA\PBL\CRAI\ai\src\config/config.yaml
[2026-01-15 12:18:08] [[32mINFO[0m] [logger.py:120] Loading from: C:\Users\04aza\UNI\3 Urtea\1.SEMESTREA\PBL\CRAI\ai\src\config/config.yaml
[2026-01-15 12:18:08] [[32mINFO[0m] [logger.py:120] └─ Completed: Loading configuration (0.009s)
[2026-01-15 12:18:08] [[32mINFO[0m] [logger.py:120] ┌─ Starting: System initialization
[2026-01-15 12:18:08] [[32mINFO[0m] [logger.py:120] 1. Starting camera...
[2026-01-15 12:18:08] [[32mINFO[0m] [logger.py:120] Intentando inicializar webcam en source=1...
[2026-01-15 12:18:16] [[32mINFO[0m] [logger.py:120] ✓ Camera 1 funciona correctamente
[2026-01-15 12:18:40] [[32mINFO[0m] [logger.py:120] ✓ Camera started successfully
[2026-01-15 12:18:40] [[32mINFO[0m] [logger.py:120] 2. Initializing plate queue...
[2026-01-15 12:18:40] [[32mINFO[0m] [logger.py:120] ✓ Plate queue initialized
[2026-01-15 12:18:40] [[32mINFO[0m] [logger.py:120] ✓ Captures directory: C:\Users\04aza\UNI\3 Urtea\1.SEMESTREA\PBL\CRAI\ai\src\captures
[2026-01-15 12:18:40] [[32mINFO[0m] [logger.py:120] 3. Loading YOLO vehicle detector...
[2026-01-15 12:18:40] [[32mINFO[0m] [logger.py:120] Loading YOLO model: C:\Users\04aza\UNI\3 Urtea\1.SEMESTREA\PBL\CRAI\ai\src\models/yolov8n.pt
[2026-01-15 12:18:40] [[32mINFO[0m] [logger.py:120] Model loaded successfully with threshold=0.5
[2026-01-15 12:18:40] [[32mINFO[0m] [logger.py:120] 4. Loading license plate detector...
[2026-01-15 12:18:40] [[32mINFO[0m] [logger.py:120] Loading license plate model: C:\Users\04aza\UNI\3 Urtea\1.SEMESTREA\PBL\CRAI\ai\src\models/license_plate_detector.pt
[2026-01-15 12:18:40] [[32mINFO[0m] [logger.py:120] License plate model loaded successfully with threshold=0.3
[2026-01-15 12:18:40] [[32mINFO[0m] [logger.py:120] 5. Initializing OCR...
[2026-01-15 12:18:41] [[32mINFO[0m] [logger.py:120] Initializing EasyOCR with languages: ['en'], GPU: False
[2026-01-15 12:18:43] [[32mINFO[0m] [logger.py:120] EasyOCR loaded successfully
[2026-01-15 12:18:43] [[32mINFO[0m] [logger.py:120] 6. Loading SSD custom model...
[2026-01-15 12:18:51] [[32mINFO[0m] [logger.py:120] Found SSD model: ssd_vehicle_detector.keras
[2026-01-15 12:18:51] [[32mINFO[0m] [logger.py:120] Loading SSD from: C:\Users\04aza\UNI\3 Urtea\1.SEMESTREA\PBL\CRAI\ai\src\models\ssd_vehicle_detector.keras
[2026-01-15 12:18:51] [[32mINFO[0m] [logger.py:120] Loading complete model from: C:\Users\04aza\UNI\3 Urtea\1.SEMESTREA\PBL\CRAI\ai\src\models\ssd_vehicle_detector.keras
[2026-01-15 12:18:52] [[32mINFO[0m] [logger.py:120] ✓ Complete model loaded successfully!
[2026-01-15 12:18:52] [[32mINFO[0m] [logger.py:120] ✓ SSD model ready with threshold=0.26
[2026-01-15 12:18:52] [[32mINFO[0m] [logger.py:120] Generated 33600 anchor boxes
[2026-01-15 12:18:52] [[32mINFO[0m] [logger.py:120] ✓ SSD custom model loaded successfully
[2026-01-15 12:18:52] [[32mINFO[0m] [logger.py:120] └─ Completed: System initialization (44.675s)
[2026-01-15 12:18:52] [[32mINFO[0m] [logger.py:120] ┌─ Starting: Parameter configuration
[2026-01-15 12:18:52] [[32mINFO[0m] [logger.py:120] Window: CRAI - Car Registration AI
[2026-01-15 12:18:52] [[32mINFO[0m] [logger.py:120] OCR available: True
[2026-01-15 12:18:52] [[32mINFO[0m] [logger.py:120] SSD available: True
[2026-01-15 12:18:52] [[32mINFO[0m] [logger.py:120] OCR frequency: every 3 frames
[2026-01-15 12:18:52] [[32mINFO[0m] [logger.py:120] Press 'M' to toggle between YOLO+OCR and SSD Custom modes
[2026-01-15 12:18:52] [[32mINFO[0m] [logger.py:120] └─ Completed: Parameter configuration (0.001s)
[2026-01-15 12:18:52] [[32mINFO[0m] [logger.py:120] Starting main loop...
[2026-01-15 12:18:56] [[32mINFO[0m] [logger.py:120] Switched to mode: SSD Custom
[2026-01-15 12:19:40] [[32mINFO[0m] [logger.py:120] Switched to mode: YOLO + OCR
[2026-01-15 12:20:11] [[32mINFO[0m] [logger.py:120] Switched to mode: SSD Custom
[2026-01-15 12:20:34] [[32mINFO[0m] [logger.py:120] ┌─ Starting: Detection summary
[2026-01-15 12:20:34] [[33mWARNING[0m] [logger.py:124] No plates with valid text detected
[2026-01-15 12:20:34] [[32mINFO[0m] [logger.py:120] Queue statistics: Sent=0, Failed=0, Pending=0
[2026-01-15 12:20:34] [[32mINFO[0m] [logger.py:120] └─ Completed: Detection summary (0.001s)
[2026-01-15 12:20:34] [[32mINFO[0m] [logger.py:120] ┌─ Starting: System cleanup
[2026-01-15 12:20:34] [[32mINFO[0m] [logger.py:120] Stopping plate queue...
[2026-01-15 12:20:34] [[32mINFO[0m] [logger.py:120] Stopping video stream...
[2026-01-15 12:20:34] [[32mINFO[0m] [logger.py:120] Closing windows...
[2026-01-15 12:20:34] [[32mINFO[0m] [logger.py:120] System closed successfully
[2026-01-15 12:20:34] [[32mINFO[0m] [logger.py:120] └─ Completed: System cleanup (0.461s)
